slr_id,slr_year,missed_paper_key,missed_title,missed_year,missed_venue,missed_citation_count,missed_rank
doi:10.48550/arxiv.2301.07803,2023,ss:09aaa85c6fe92ec2e894700dc2bab4d481c5b27d,FIRM: An Intelligent Fine-Grained Resource Management Framework for SLO-Oriented Microservices,2020,USENIX Symposium on Operating Systems Design and Implementation,350,2
doi:10.48550/arxiv.2301.07803,2023,doi:10.1145/3338906.3338961,Latent error prediction and fault localization for microservice applications by learning from system trace logs,2019,ESEC/SIGSOFT FSE,263,3
doi:10.48550/arxiv.2301.07803,2023,doi:10.1109/access.2019.2911732,"Container Security: Issues, Challenges, and the Road Ahead",2019,IEEE Access,245,4
doi:10.48550/arxiv.2301.07803,2023,doi:10.1145/3501297,Anomaly Detection and Failure Root Cause Analysis in (Micro) Service-Based Cloud Applications: A Survey,2021,ACM Computing Surveys,233,5
doi:10.48550/arxiv.2301.07803,2023,doi:10.1109/icsaw.2017.11,"Microservice Architectures for Scalability, Agility and Reliability in E-Commerce",2017,IEEE International Conference on Software Architecture Workshops,216,6
doi:10.48550/arxiv.2301.07803,2023,doi:10.1016/j.jss.2019.01.001,Architecting with microservices: A systematic mapping study,2019,Journal of Systems and Software,207,7
doi:10.48550/arxiv.2301.07803,2023,doi:10.1007/s10723-017-9419-x,Genetic Algorithm for Multi-Objective Optimization of Container Allocation in Cloud Architecture,2017,Journal of Grid Computing,183,8
doi:10.48550/arxiv.2301.07803,2023,doi:10.1109/iwqos52092.2021.9521340,Practical Root Cause Localization for Microservice Systems via Trace Analysis,2021,International Workshop on Quality of Service,161,9
doi:10.48550/arxiv.2301.07803,2023,doi:10.1109/mascots.2018.00030,"TeaStore: A Micro-Service Reference Application for Benchmarking, Modeling and Resource Management Research",2018,"IEEE/ACM International Symposium on Modeling, Analysis, and Simulation On Computer and Telecommunication Systems",146,10
doi:10.48550/arxiv.2301.07803,2023,doi:10.52202/068431-2259,Root Cause Analysis of Failures in Microservices through Causal Discovery,2022,Neural Information Processing Systems,140,11
doi:10.48550/arxiv.2301.07803,2023,doi:10.1109/icdcs.2016.11,Gremlin: Systematic Resilience Testing of Microservices,2016,IEEE International Conference on Distributed Computing Systems,136,12
doi:10.48550/arxiv.2301.07803,2023,doi:10.1109/ms.2017.24,"Microservices in Practice, Part 1: Reality Check and Service Design",2017,IEEE Software,123,14
doi:10.48550/arxiv.2301.07803,2023,doi:10.1002/cpe.4436,A survey on security issues in services communication of Microservices‐enabled fog applications,2019,Concurrency and Computation,120,15
doi:10.48550/arxiv.2301.07803,2023,doi:10.1016/j.iot.2023.100784,FedSDM: Federated learning based smart decision making module for ECG data in IoT integrated Edge-Fog-Cloud computing environments,2023,Internet of Things,117,16
doi:10.48550/arxiv.2301.07803,2023,doi:10.1109/ms.2018.2141035,Using Microservices for Legacy Software Modernization,2018,IEEE Software,114,17
doi:10.48550/arxiv.2301.07803,2023,doi:10.1016/j.infsof.2021.106600,From Monolithic Systems to Microservices: An Assessment Framework,2019,Information and Software Technology,111,18
doi:10.48550/arxiv.2301.07803,2023,doi:10.1109/cloud.2018.00148,Deploying Microservice Based Applications with Kubernetes: Experiments and Lessons Learned,2018,IEEE International Conference on Cloud Computing,102,19
doi:10.48550/arxiv.2301.07803,2023,doi:10.1109/ase51524.2021.9678708,Groot: An Event-graph-based Approach for Root Cause Analysis in Industrial Settings,2021,International Conference on Automated Software Engineering,100,20
doi:10.48550/arxiv.2301.07803,2023,ss:00025f8caf92b2e737027790b36c82208d9c1ac7,"Circuit Breakers, Discovery, and API Gateways in Microservices",2016,arXiv.org,99,21
doi:10.48550/arxiv.2301.07803,2023,doi:10.1007/s11227-018-2345-2,Resource optimization of container orchestration: a case study in multi-cloud microservices-based applications,2018,Journal of Supercomputing,97,22
doi:10.48550/arxiv.2301.07803,2023,doi:10.1109/icsa-c.2019.00041,"Microservices in Industry: Insights into Technologies, Characteristics, and Software Quality",2019,2019 IEEE International Conference on Software Architecture Companion (ICSA-C),94,23
doi:10.48550/arxiv.2301.07803,2023,doi:10.1109/icsaw.2017.48,Towards Recovering the Software Architecture of Microservice-Based Systems,2017,IEEE International Conference on Software Architecture Workshops,93,24
doi:10.48550/arxiv.2301.07803,2023,doi:10.1109/ms.2015.11,Microservices,2015,IEEE Software,92,25
doi:10.48550/arxiv.2301.07803,2023,doi:10.1002/spe.2704,SmartHerd management: A microservices‐based fog computing–assisted IoT platform towards data‐driven smart dairy farming,2019,"Software, Practice & Experience",92,26
doi:10.48550/arxiv.2301.07803,2023,doi:10.1109/jiot.2018.2792940,Microservices Scheduling Model Over Heterogeneous Cloud-Edge Environments As Support for IoT Applications,2018,IEEE Internet of Things Journal,88,27
doi:10.48550/arxiv.2301.07803,2023,doi:10.1109/isc2.2018.8656968,A Microservice-enabled Architecture for Smart Surveillance using Blockchain Technology,2018,2018 IEEE International Smart Cities Conference (ISC2),86,28
doi:10.48550/arxiv.2301.07803,2023,doi:10.1109/infocom.2018.8486300,Load Balancing Across Microservices,2018,IEEE Conference on Computer Communications,85,29
doi:10.48550/arxiv.2301.07803,2023,doi:10.1145/3485983.3494866,GRAF: a graph neural network based proactive resource allocation framework for SLO-oriented microservices,2021,Conference on Emerging Network Experiment and Technology,83,30
doi:10.1002/spe.2967,2021,ss:0174c967eeea5a0c1e8d389c790242cb07424b80,Building Microservices,2015,,793,1
doi:10.1002/spe.2967,2021,ss:09aaa85c6fe92ec2e894700dc2bab4d481c5b27d,FIRM: An Intelligent Fine-Grained Resource Management Framework for SLO-Oriented Microservices,2020,USENIX Symposium on Operating Systems Design and Implementation,350,2
doi:10.1002/spe.2967,2021,doi:10.1145/3338906.3338961,Latent error prediction and fault localization for microservice applications by learning from system trace logs,2019,ESEC/SIGSOFT FSE,263,3
doi:10.1002/spe.2967,2021,doi:10.1109/access.2019.2911732,"Container Security: Issues, Challenges, and the Road Ahead",2019,IEEE Access,245,4
doi:10.1002/spe.2967,2021,doi:10.1145/3501297,Anomaly Detection and Failure Root Cause Analysis in (Micro) Service-Based Cloud Applications: A Survey,2021,ACM Computing Surveys,233,5
doi:10.1002/spe.2967,2021,doi:10.1109/icsaw.2017.11,"Microservice Architectures for Scalability, Agility and Reliability in E-Commerce",2017,IEEE International Conference on Software Architecture Workshops,216,6
doi:10.1002/spe.2967,2021,doi:10.1016/j.jss.2019.01.001,Architecting with microservices: A systematic mapping study,2019,Journal of Systems and Software,207,7
doi:10.1002/spe.2967,2021,doi:10.1007/s10723-017-9419-x,Genetic Algorithm for Multi-Objective Optimization of Container Allocation in Cloud Architecture,2017,Journal of Grid Computing,183,8
doi:10.1002/spe.2967,2021,doi:10.1109/iwqos52092.2021.9521340,Practical Root Cause Localization for Microservice Systems via Trace Analysis,2021,International Workshop on Quality of Service,161,9
doi:10.1002/spe.2967,2021,doi:10.1109/mascots.2018.00030,"TeaStore: A Micro-Service Reference Application for Benchmarking, Modeling and Resource Management Research",2018,"IEEE/ACM International Symposium on Modeling, Analysis, and Simulation On Computer and Telecommunication Systems",146,10
doi:10.1002/spe.2967,2021,doi:10.1109/icdcs.2016.11,Gremlin: Systematic Resilience Testing of Microservices,2016,IEEE International Conference on Distributed Computing Systems,136,12
doi:10.1002/spe.2967,2021,doi:10.1002/cpe.4436,A survey on security issues in services communication of Microservices‐enabled fog applications,2019,Concurrency and Computation,120,15
doi:10.1002/spe.2967,2021,doi:10.1109/ms.2018.2141035,Using Microservices for Legacy Software Modernization,2018,IEEE Software,114,17
doi:10.1002/spe.2967,2021,doi:10.1016/j.infsof.2021.106600,From Monolithic Systems to Microservices: An Assessment Framework,2019,Information and Software Technology,111,18
doi:10.1002/spe.2967,2021,doi:10.1109/cloud.2018.00148,Deploying Microservice Based Applications with Kubernetes: Experiments and Lessons Learned,2018,IEEE International Conference on Cloud Computing,102,19
doi:10.1002/spe.2967,2021,doi:10.1109/ase51524.2021.9678708,Groot: An Event-graph-based Approach for Root Cause Analysis in Industrial Settings,2021,International Conference on Automated Software Engineering,100,20
doi:10.1002/spe.2967,2021,ss:00025f8caf92b2e737027790b36c82208d9c1ac7,"Circuit Breakers, Discovery, and API Gateways in Microservices",2016,arXiv.org,99,21
doi:10.1002/spe.2967,2021,doi:10.1007/s11227-018-2345-2,Resource optimization of container orchestration: a case study in multi-cloud microservices-based applications,2018,Journal of Supercomputing,97,22
doi:10.1002/spe.2967,2021,doi:10.1109/icsa-c.2019.00041,"Microservices in Industry: Insights into Technologies, Characteristics, and Software Quality",2019,2019 IEEE International Conference on Software Architecture Companion (ICSA-C),94,23
doi:10.1002/spe.2967,2021,doi:10.1109/icsaw.2017.48,Towards Recovering the Software Architecture of Microservice-Based Systems,2017,IEEE International Conference on Software Architecture Workshops,93,24
doi:10.1002/spe.2967,2021,doi:10.1002/spe.2704,SmartHerd management: A microservices‐based fog computing–assisted IoT platform towards data‐driven smart dairy farming,2019,"Software, Practice & Experience",92,26
doi:10.1002/spe.2967,2021,doi:10.1109/jiot.2018.2792940,Microservices Scheduling Model Over Heterogeneous Cloud-Edge Environments As Support for IoT Applications,2018,IEEE Internet of Things Journal,88,27
doi:10.1002/spe.2967,2021,doi:10.1109/isc2.2018.8656968,A Microservice-enabled Architecture for Smart Surveillance using Blockchain Technology,2018,2018 IEEE International Smart Cities Conference (ISC2),86,28
doi:10.1002/spe.2967,2021,doi:10.1109/infocom.2018.8486300,Load Balancing Across Microservices,2018,IEEE Conference on Computer Communications,85,29
doi:10.1002/spe.2967,2021,doi:10.1145/3485983.3494866,GRAF: a graph neural network based proactive resource allocation framework for SLO-oriented microservices,2021,Conference on Emerging Network Experiment and Technology,83,30
doi:10.5753/jserd.2025.5224,2025,ss:0174c967eeea5a0c1e8d389c790242cb07424b80,Building Microservices,2015,,793,1
doi:10.5753/jserd.2025.5224,2025,ss:09aaa85c6fe92ec2e894700dc2bab4d481c5b27d,FIRM: An Intelligent Fine-Grained Resource Management Framework for SLO-Oriented Microservices,2020,USENIX Symposium on Operating Systems Design and Implementation,350,2
doi:10.5753/jserd.2025.5224,2025,doi:10.1145/3338906.3338961,Latent error prediction and fault localization for microservice applications by learning from system trace logs,2019,ESEC/SIGSOFT FSE,263,3
doi:10.5753/jserd.2025.5224,2025,doi:10.1109/access.2019.2911732,"Container Security: Issues, Challenges, and the Road Ahead",2019,IEEE Access,245,4
doi:10.5753/jserd.2025.5224,2025,doi:10.1145/3501297,Anomaly Detection and Failure Root Cause Analysis in (Micro) Service-Based Cloud Applications: A Survey,2021,ACM Computing Surveys,233,5
doi:10.5753/jserd.2025.5224,2025,doi:10.1109/icsaw.2017.11,"Microservice Architectures for Scalability, Agility and Reliability in E-Commerce",2017,IEEE International Conference on Software Architecture Workshops,216,6
doi:10.5753/jserd.2025.5224,2025,doi:10.1016/j.jss.2019.01.001,Architecting with microservices: A systematic mapping study,2019,Journal of Systems and Software,207,7
doi:10.5753/jserd.2025.5224,2025,doi:10.1007/s10723-017-9419-x,Genetic Algorithm for Multi-Objective Optimization of Container Allocation in Cloud Architecture,2017,Journal of Grid Computing,183,8
doi:10.5753/jserd.2025.5224,2025,doi:10.1109/iwqos52092.2021.9521340,Practical Root Cause Localization for Microservice Systems via Trace Analysis,2021,International Workshop on Quality of Service,161,9
doi:10.5753/jserd.2025.5224,2025,doi:10.1109/mascots.2018.00030,"TeaStore: A Micro-Service Reference Application for Benchmarking, Modeling and Resource Management Research",2018,"IEEE/ACM International Symposium on Modeling, Analysis, and Simulation On Computer and Telecommunication Systems",146,10
doi:10.5753/jserd.2025.5224,2025,doi:10.52202/068431-2259,Root Cause Analysis of Failures in Microservices through Causal Discovery,2022,Neural Information Processing Systems,140,11
doi:10.5753/jserd.2025.5224,2025,doi:10.1109/icdcs.2016.11,Gremlin: Systematic Resilience Testing of Microservices,2016,IEEE International Conference on Distributed Computing Systems,136,12
doi:10.5753/jserd.2025.5224,2025,doi:10.1109/tpds.2021.3128037,Adaptive Resource Efficient Microservice Deployment in Cloud-Edge Continuum,2022,IEEE Transactions on Parallel and Distributed Systems,127,13
doi:10.5753/jserd.2025.5224,2025,doi:10.1109/ms.2017.24,"Microservices in Practice, Part 1: Reality Check and Service Design",2017,IEEE Software,123,14
doi:10.5753/jserd.2025.5224,2025,doi:10.1002/cpe.4436,A survey on security issues in services communication of Microservices‐enabled fog applications,2019,Concurrency and Computation,120,15
doi:10.5753/jserd.2025.5224,2025,doi:10.1016/j.iot.2023.100784,FedSDM: Federated learning based smart decision making module for ECG data in IoT integrated Edge-Fog-Cloud computing environments,2023,Internet of Things,117,16
doi:10.5753/jserd.2025.5224,2025,doi:10.1109/ms.2018.2141035,Using Microservices for Legacy Software Modernization,2018,IEEE Software,114,17
doi:10.5753/jserd.2025.5224,2025,doi:10.1016/j.infsof.2021.106600,From Monolithic Systems to Microservices: An Assessment Framework,2019,Information and Software Technology,111,18
doi:10.5753/jserd.2025.5224,2025,doi:10.1109/cloud.2018.00148,Deploying Microservice Based Applications with Kubernetes: Experiments and Lessons Learned,2018,IEEE International Conference on Cloud Computing,102,19
doi:10.5753/jserd.2025.5224,2025,doi:10.1109/ase51524.2021.9678708,Groot: An Event-graph-based Approach for Root Cause Analysis in Industrial Settings,2021,International Conference on Automated Software Engineering,100,20
doi:10.5753/jserd.2025.5224,2025,ss:00025f8caf92b2e737027790b36c82208d9c1ac7,"Circuit Breakers, Discovery, and API Gateways in Microservices",2016,arXiv.org,99,21
doi:10.5753/jserd.2025.5224,2025,doi:10.1007/s11227-018-2345-2,Resource optimization of container orchestration: a case study in multi-cloud microservices-based applications,2018,Journal of Supercomputing,97,22
doi:10.5753/jserd.2025.5224,2025,doi:10.1109/icsaw.2017.48,Towards Recovering the Software Architecture of Microservice-Based Systems,2017,IEEE International Conference on Software Architecture Workshops,93,24
doi:10.5753/jserd.2025.5224,2025,doi:10.1109/ms.2015.11,Microservices,2015,IEEE Software,92,25
doi:10.5753/jserd.2025.5224,2025,doi:10.1002/spe.2704,SmartHerd management: A microservices‐based fog computing–assisted IoT platform towards data‐driven smart dairy farming,2019,"Software, Practice & Experience",92,26
doi:10.5753/jserd.2025.5224,2025,doi:10.1109/jiot.2018.2792940,Microservices Scheduling Model Over Heterogeneous Cloud-Edge Environments As Support for IoT Applications,2018,IEEE Internet of Things Journal,88,27
doi:10.5753/jserd.2025.5224,2025,doi:10.1109/isc2.2018.8656968,A Microservice-enabled Architecture for Smart Surveillance using Blockchain Technology,2018,2018 IEEE International Smart Cities Conference (ISC2),86,28
doi:10.5753/jserd.2025.5224,2025,doi:10.1109/infocom.2018.8486300,Load Balancing Across Microservices,2018,IEEE Conference on Computer Communications,85,29
doi:10.5753/jserd.2025.5224,2025,doi:10.1145/3485983.3494866,GRAF: a graph neural network based proactive resource allocation framework for SLO-oriented microservices,2021,Conference on Emerging Network Experiment and Technology,83,30
doi:10.1109/access.2025.3618990,2025,ss:0174c967eeea5a0c1e8d389c790242cb07424b80,Building Microservices,2015,,793,1
doi:10.1109/access.2025.3618990,2025,ss:09aaa85c6fe92ec2e894700dc2bab4d481c5b27d,FIRM: An Intelligent Fine-Grained Resource Management Framework for SLO-Oriented Microservices,2020,USENIX Symposium on Operating Systems Design and Implementation,350,2
doi:10.1109/access.2025.3618990,2025,doi:10.1145/3338906.3338961,Latent error prediction and fault localization for microservice applications by learning from system trace logs,2019,ESEC/SIGSOFT FSE,263,3
doi:10.1109/access.2025.3618990,2025,doi:10.1109/access.2019.2911732,"Container Security: Issues, Challenges, and the Road Ahead",2019,IEEE Access,245,4
doi:10.1109/access.2025.3618990,2025,doi:10.1145/3501297,Anomaly Detection and Failure Root Cause Analysis in (Micro) Service-Based Cloud Applications: A Survey,2021,ACM Computing Surveys,233,5
doi:10.1109/access.2025.3618990,2025,doi:10.1109/icsaw.2017.11,"Microservice Architectures for Scalability, Agility and Reliability in E-Commerce",2017,IEEE International Conference on Software Architecture Workshops,216,6
doi:10.1109/access.2025.3618990,2025,doi:10.1016/j.jss.2019.01.001,Architecting with microservices: A systematic mapping study,2019,Journal of Systems and Software,207,7
doi:10.1109/access.2025.3618990,2025,doi:10.1007/s10723-017-9419-x,Genetic Algorithm for Multi-Objective Optimization of Container Allocation in Cloud Architecture,2017,Journal of Grid Computing,183,8
doi:10.1109/access.2025.3618990,2025,doi:10.1109/iwqos52092.2021.9521340,Practical Root Cause Localization for Microservice Systems via Trace Analysis,2021,International Workshop on Quality of Service,161,9
doi:10.1109/access.2025.3618990,2025,doi:10.1109/mascots.2018.00030,"TeaStore: A Micro-Service Reference Application for Benchmarking, Modeling and Resource Management Research",2018,"IEEE/ACM International Symposium on Modeling, Analysis, and Simulation On Computer and Telecommunication Systems",146,10
doi:10.1109/access.2025.3618990,2025,doi:10.52202/068431-2259,Root Cause Analysis of Failures in Microservices through Causal Discovery,2022,Neural Information Processing Systems,140,11
doi:10.1109/access.2025.3618990,2025,doi:10.1109/icdcs.2016.11,Gremlin: Systematic Resilience Testing of Microservices,2016,IEEE International Conference on Distributed Computing Systems,136,12
doi:10.1109/access.2025.3618990,2025,doi:10.1109/tpds.2021.3128037,Adaptive Resource Efficient Microservice Deployment in Cloud-Edge Continuum,2022,IEEE Transactions on Parallel and Distributed Systems,127,13
doi:10.1109/access.2025.3618990,2025,doi:10.1109/ms.2017.24,"Microservices in Practice, Part 1: Reality Check and Service Design",2017,IEEE Software,123,14
doi:10.1109/access.2025.3618990,2025,doi:10.1002/cpe.4436,A survey on security issues in services communication of Microservices‐enabled fog applications,2019,Concurrency and Computation,120,15
doi:10.1109/access.2025.3618990,2025,doi:10.1016/j.iot.2023.100784,FedSDM: Federated learning based smart decision making module for ECG data in IoT integrated Edge-Fog-Cloud computing environments,2023,Internet of Things,117,16
doi:10.1109/access.2025.3618990,2025,doi:10.1109/ms.2018.2141035,Using Microservices for Legacy Software Modernization,2018,IEEE Software,114,17
doi:10.1109/access.2025.3618990,2025,doi:10.1016/j.infsof.2021.106600,From Monolithic Systems to Microservices: An Assessment Framework,2019,Information and Software Technology,111,18
doi:10.1109/access.2025.3618990,2025,doi:10.1109/cloud.2018.00148,Deploying Microservice Based Applications with Kubernetes: Experiments and Lessons Learned,2018,IEEE International Conference on Cloud Computing,102,19
doi:10.1109/access.2025.3618990,2025,doi:10.1109/ase51524.2021.9678708,Groot: An Event-graph-based Approach for Root Cause Analysis in Industrial Settings,2021,International Conference on Automated Software Engineering,100,20
doi:10.1109/access.2025.3618990,2025,ss:00025f8caf92b2e737027790b36c82208d9c1ac7,"Circuit Breakers, Discovery, and API Gateways in Microservices",2016,arXiv.org,99,21
doi:10.1109/access.2025.3618990,2025,doi:10.1007/s11227-018-2345-2,Resource optimization of container orchestration: a case study in multi-cloud microservices-based applications,2018,Journal of Supercomputing,97,22
doi:10.1109/access.2025.3618990,2025,doi:10.1109/icsa-c.2019.00041,"Microservices in Industry: Insights into Technologies, Characteristics, and Software Quality",2019,2019 IEEE International Conference on Software Architecture Companion (ICSA-C),94,23
doi:10.1109/access.2025.3618990,2025,doi:10.1109/icsaw.2017.48,Towards Recovering the Software Architecture of Microservice-Based Systems,2017,IEEE International Conference on Software Architecture Workshops,93,24
doi:10.1109/access.2025.3618990,2025,doi:10.1109/ms.2015.11,Microservices,2015,IEEE Software,92,25
doi:10.1109/access.2025.3618990,2025,doi:10.1002/spe.2704,SmartHerd management: A microservices‐based fog computing–assisted IoT platform towards data‐driven smart dairy farming,2019,"Software, Practice & Experience",92,26
doi:10.1109/access.2025.3618990,2025,doi:10.1109/jiot.2018.2792940,Microservices Scheduling Model Over Heterogeneous Cloud-Edge Environments As Support for IoT Applications,2018,IEEE Internet of Things Journal,88,27
doi:10.1109/access.2025.3618990,2025,doi:10.1109/isc2.2018.8656968,A Microservice-enabled Architecture for Smart Surveillance using Blockchain Technology,2018,2018 IEEE International Smart Cities Conference (ISC2),86,28
doi:10.1109/access.2025.3618990,2025,doi:10.1109/infocom.2018.8486300,Load Balancing Across Microservices,2018,IEEE Conference on Computer Communications,85,29
doi:10.1109/access.2025.3618990,2025,doi:10.1145/3485983.3494866,GRAF: a graph neural network based proactive resource allocation framework for SLO-oriented microservices,2021,Conference on Emerging Network Experiment and Technology,83,30
doi:10.1109/incet57972.2023.10170375,2023,ss:0174c967eeea5a0c1e8d389c790242cb07424b80,Building Microservices,2015,,793,1
doi:10.1109/incet57972.2023.10170375,2023,ss:09aaa85c6fe92ec2e894700dc2bab4d481c5b27d,FIRM: An Intelligent Fine-Grained Resource Management Framework for SLO-Oriented Microservices,2020,USENIX Symposium on Operating Systems Design and Implementation,350,2
doi:10.1109/incet57972.2023.10170375,2023,doi:10.1145/3338906.3338961,Latent error prediction and fault localization for microservice applications by learning from system trace logs,2019,ESEC/SIGSOFT FSE,263,3
doi:10.1109/incet57972.2023.10170375,2023,doi:10.1109/access.2019.2911732,"Container Security: Issues, Challenges, and the Road Ahead",2019,IEEE Access,245,4
doi:10.1109/incet57972.2023.10170375,2023,doi:10.1145/3501297,Anomaly Detection and Failure Root Cause Analysis in (Micro) Service-Based Cloud Applications: A Survey,2021,ACM Computing Surveys,233,5
doi:10.1109/incet57972.2023.10170375,2023,doi:10.1109/icsaw.2017.11,"Microservice Architectures for Scalability, Agility and Reliability in E-Commerce",2017,IEEE International Conference on Software Architecture Workshops,216,6
doi:10.1109/incet57972.2023.10170375,2023,doi:10.1016/j.jss.2019.01.001,Architecting with microservices: A systematic mapping study,2019,Journal of Systems and Software,207,7
doi:10.1109/incet57972.2023.10170375,2023,doi:10.1007/s10723-017-9419-x,Genetic Algorithm for Multi-Objective Optimization of Container Allocation in Cloud Architecture,2017,Journal of Grid Computing,183,8
doi:10.1109/incet57972.2023.10170375,2023,doi:10.1109/iwqos52092.2021.9521340,Practical Root Cause Localization for Microservice Systems via Trace Analysis,2021,International Workshop on Quality of Service,161,9
doi:10.1109/incet57972.2023.10170375,2023,doi:10.1109/mascots.2018.00030,"TeaStore: A Micro-Service Reference Application for Benchmarking, Modeling and Resource Management Research",2018,"IEEE/ACM International Symposium on Modeling, Analysis, and Simulation On Computer and Telecommunication Systems",146,10
doi:10.1109/incet57972.2023.10170375,2023,doi:10.52202/068431-2259,Root Cause Analysis of Failures in Microservices through Causal Discovery,2022,Neural Information Processing Systems,140,11
doi:10.1109/incet57972.2023.10170375,2023,doi:10.1109/icdcs.2016.11,Gremlin: Systematic Resilience Testing of Microservices,2016,IEEE International Conference on Distributed Computing Systems,136,12
doi:10.1109/incet57972.2023.10170375,2023,doi:10.1109/tpds.2021.3128037,Adaptive Resource Efficient Microservice Deployment in Cloud-Edge Continuum,2022,IEEE Transactions on Parallel and Distributed Systems,127,13
doi:10.1109/incet57972.2023.10170375,2023,doi:10.1109/ms.2017.24,"Microservices in Practice, Part 1: Reality Check and Service Design",2017,IEEE Software,123,14
doi:10.1109/incet57972.2023.10170375,2023,doi:10.1002/cpe.4436,A survey on security issues in services communication of Microservices‐enabled fog applications,2019,Concurrency and Computation,120,15
doi:10.1109/incet57972.2023.10170375,2023,doi:10.1016/j.iot.2023.100784,FedSDM: Federated learning based smart decision making module for ECG data in IoT integrated Edge-Fog-Cloud computing environments,2023,Internet of Things,117,16
doi:10.1109/incet57972.2023.10170375,2023,doi:10.1109/ms.2018.2141035,Using Microservices for Legacy Software Modernization,2018,IEEE Software,114,17
doi:10.1109/incet57972.2023.10170375,2023,doi:10.1016/j.infsof.2021.106600,From Monolithic Systems to Microservices: An Assessment Framework,2019,Information and Software Technology,111,18
doi:10.1109/incet57972.2023.10170375,2023,doi:10.1109/cloud.2018.00148,Deploying Microservice Based Applications with Kubernetes: Experiments and Lessons Learned,2018,IEEE International Conference on Cloud Computing,102,19
doi:10.1109/incet57972.2023.10170375,2023,doi:10.1109/ase51524.2021.9678708,Groot: An Event-graph-based Approach for Root Cause Analysis in Industrial Settings,2021,International Conference on Automated Software Engineering,100,20
doi:10.1109/incet57972.2023.10170375,2023,ss:00025f8caf92b2e737027790b36c82208d9c1ac7,"Circuit Breakers, Discovery, and API Gateways in Microservices",2016,arXiv.org,99,21
doi:10.1109/incet57972.2023.10170375,2023,doi:10.1007/s11227-018-2345-2,Resource optimization of container orchestration: a case study in multi-cloud microservices-based applications,2018,Journal of Supercomputing,97,22
doi:10.1109/incet57972.2023.10170375,2023,doi:10.1109/icsa-c.2019.00041,"Microservices in Industry: Insights into Technologies, Characteristics, and Software Quality",2019,2019 IEEE International Conference on Software Architecture Companion (ICSA-C),94,23
doi:10.1109/incet57972.2023.10170375,2023,doi:10.1109/icsaw.2017.48,Towards Recovering the Software Architecture of Microservice-Based Systems,2017,IEEE International Conference on Software Architecture Workshops,93,24
doi:10.1109/incet57972.2023.10170375,2023,doi:10.1109/ms.2015.11,Microservices,2015,IEEE Software,92,25
doi:10.1109/incet57972.2023.10170375,2023,doi:10.1002/spe.2704,SmartHerd management: A microservices‐based fog computing–assisted IoT platform towards data‐driven smart dairy farming,2019,"Software, Practice & Experience",92,26
doi:10.1109/incet57972.2023.10170375,2023,doi:10.1109/jiot.2018.2792940,Microservices Scheduling Model Over Heterogeneous Cloud-Edge Environments As Support for IoT Applications,2018,IEEE Internet of Things Journal,88,27
doi:10.1109/incet57972.2023.10170375,2023,doi:10.1109/isc2.2018.8656968,A Microservice-enabled Architecture for Smart Surveillance using Blockchain Technology,2018,2018 IEEE International Smart Cities Conference (ISC2),86,28
doi:10.1109/incet57972.2023.10170375,2023,doi:10.1109/infocom.2018.8486300,Load Balancing Across Microservices,2018,IEEE Conference on Computer Communications,85,29
doi:10.1109/incet57972.2023.10170375,2023,doi:10.1145/3485983.3494866,GRAF: a graph neural network based proactive resource allocation framework for SLO-oriented microservices,2021,Conference on Emerging Network Experiment and Technology,83,30
ss:2cd8b447b8f6e78036414934332923fe2538ce74,2018,ss:0174c967eeea5a0c1e8d389c790242cb07424b80,Building Microservices,2015,,793,1
ss:2cd8b447b8f6e78036414934332923fe2538ce74,2018,doi:10.1109/icsaw.2017.11,"Microservice Architectures for Scalability, Agility and Reliability in E-Commerce",2017,IEEE International Conference on Software Architecture Workshops,216,6
ss:2cd8b447b8f6e78036414934332923fe2538ce74,2018,doi:10.1007/s10723-017-9419-x,Genetic Algorithm for Multi-Objective Optimization of Container Allocation in Cloud Architecture,2017,Journal of Grid Computing,183,8
ss:2cd8b447b8f6e78036414934332923fe2538ce74,2018,doi:10.1109/mascots.2018.00030,"TeaStore: A Micro-Service Reference Application for Benchmarking, Modeling and Resource Management Research",2018,"IEEE/ACM International Symposium on Modeling, Analysis, and Simulation On Computer and Telecommunication Systems",146,10
ss:2cd8b447b8f6e78036414934332923fe2538ce74,2018,doi:10.1109/icdcs.2016.11,Gremlin: Systematic Resilience Testing of Microservices,2016,IEEE International Conference on Distributed Computing Systems,136,12
ss:2cd8b447b8f6e78036414934332923fe2538ce74,2018,doi:10.1109/ms.2017.24,"Microservices in Practice, Part 1: Reality Check and Service Design",2017,IEEE Software,123,14
ss:2cd8b447b8f6e78036414934332923fe2538ce74,2018,doi:10.1109/ms.2018.2141035,Using Microservices for Legacy Software Modernization,2018,IEEE Software,114,17
ss:2cd8b447b8f6e78036414934332923fe2538ce74,2018,doi:10.1109/cloud.2018.00148,Deploying Microservice Based Applications with Kubernetes: Experiments and Lessons Learned,2018,IEEE International Conference on Cloud Computing,102,19
ss:2cd8b447b8f6e78036414934332923fe2538ce74,2018,ss:00025f8caf92b2e737027790b36c82208d9c1ac7,"Circuit Breakers, Discovery, and API Gateways in Microservices",2016,arXiv.org,99,21
ss:2cd8b447b8f6e78036414934332923fe2538ce74,2018,doi:10.1007/s11227-018-2345-2,Resource optimization of container orchestration: a case study in multi-cloud microservices-based applications,2018,Journal of Supercomputing,97,22
ss:2cd8b447b8f6e78036414934332923fe2538ce74,2018,doi:10.1109/icsaw.2017.48,Towards Recovering the Software Architecture of Microservice-Based Systems,2017,IEEE International Conference on Software Architecture Workshops,93,24
ss:2cd8b447b8f6e78036414934332923fe2538ce74,2018,doi:10.1109/ms.2015.11,Microservices,2015,IEEE Software,92,25
ss:2cd8b447b8f6e78036414934332923fe2538ce74,2018,doi:10.1109/jiot.2018.2792940,Microservices Scheduling Model Over Heterogeneous Cloud-Edge Environments As Support for IoT Applications,2018,IEEE Internet of Things Journal,88,27
ss:2cd8b447b8f6e78036414934332923fe2538ce74,2018,doi:10.1109/isc2.2018.8656968,A Microservice-enabled Architecture for Smart Surveillance using Blockchain Technology,2018,2018 IEEE International Smart Cities Conference (ISC2),86,28
ss:2cd8b447b8f6e78036414934332923fe2538ce74,2018,doi:10.1109/infocom.2018.8486300,Load Balancing Across Microservices,2018,IEEE Conference on Computer Communications,85,29
doi:10.1109/iccit62134.2024.10701144,2024,ss:0174c967eeea5a0c1e8d389c790242cb07424b80,Building Microservices,2015,,793,1
doi:10.1109/iccit62134.2024.10701144,2024,ss:09aaa85c6fe92ec2e894700dc2bab4d481c5b27d,FIRM: An Intelligent Fine-Grained Resource Management Framework for SLO-Oriented Microservices,2020,USENIX Symposium on Operating Systems Design and Implementation,350,2
doi:10.1109/iccit62134.2024.10701144,2024,doi:10.1145/3338906.3338961,Latent error prediction and fault localization for microservice applications by learning from system trace logs,2019,ESEC/SIGSOFT FSE,263,3
doi:10.1109/iccit62134.2024.10701144,2024,doi:10.1109/access.2019.2911732,"Container Security: Issues, Challenges, and the Road Ahead",2019,IEEE Access,245,4
doi:10.1109/iccit62134.2024.10701144,2024,doi:10.1145/3501297,Anomaly Detection and Failure Root Cause Analysis in (Micro) Service-Based Cloud Applications: A Survey,2021,ACM Computing Surveys,233,5
doi:10.1109/iccit62134.2024.10701144,2024,doi:10.1109/icsaw.2017.11,"Microservice Architectures for Scalability, Agility and Reliability in E-Commerce",2017,IEEE International Conference on Software Architecture Workshops,216,6
doi:10.1109/iccit62134.2024.10701144,2024,doi:10.1016/j.jss.2019.01.001,Architecting with microservices: A systematic mapping study,2019,Journal of Systems and Software,207,7
doi:10.1109/iccit62134.2024.10701144,2024,doi:10.1007/s10723-017-9419-x,Genetic Algorithm for Multi-Objective Optimization of Container Allocation in Cloud Architecture,2017,Journal of Grid Computing,183,8
doi:10.1109/iccit62134.2024.10701144,2024,doi:10.1109/iwqos52092.2021.9521340,Practical Root Cause Localization for Microservice Systems via Trace Analysis,2021,International Workshop on Quality of Service,161,9
doi:10.1109/iccit62134.2024.10701144,2024,doi:10.1109/mascots.2018.00030,"TeaStore: A Micro-Service Reference Application for Benchmarking, Modeling and Resource Management Research",2018,"IEEE/ACM International Symposium on Modeling, Analysis, and Simulation On Computer and Telecommunication Systems",146,10
doi:10.1109/iccit62134.2024.10701144,2024,doi:10.52202/068431-2259,Root Cause Analysis of Failures in Microservices through Causal Discovery,2022,Neural Information Processing Systems,140,11
doi:10.1109/iccit62134.2024.10701144,2024,doi:10.1109/icdcs.2016.11,Gremlin: Systematic Resilience Testing of Microservices,2016,IEEE International Conference on Distributed Computing Systems,136,12
doi:10.1109/iccit62134.2024.10701144,2024,doi:10.1109/tpds.2021.3128037,Adaptive Resource Efficient Microservice Deployment in Cloud-Edge Continuum,2022,IEEE Transactions on Parallel and Distributed Systems,127,13
doi:10.1109/iccit62134.2024.10701144,2024,doi:10.1109/ms.2017.24,"Microservices in Practice, Part 1: Reality Check and Service Design",2017,IEEE Software,123,14
doi:10.1109/iccit62134.2024.10701144,2024,doi:10.1002/cpe.4436,A survey on security issues in services communication of Microservices‐enabled fog applications,2019,Concurrency and Computation,120,15
doi:10.1109/iccit62134.2024.10701144,2024,doi:10.1016/j.iot.2023.100784,FedSDM: Federated learning based smart decision making module for ECG data in IoT integrated Edge-Fog-Cloud computing environments,2023,Internet of Things,117,16
doi:10.1109/iccit62134.2024.10701144,2024,doi:10.1109/ms.2018.2141035,Using Microservices for Legacy Software Modernization,2018,IEEE Software,114,17
doi:10.1109/iccit62134.2024.10701144,2024,doi:10.1016/j.infsof.2021.106600,From Monolithic Systems to Microservices: An Assessment Framework,2019,Information and Software Technology,111,18
doi:10.1109/iccit62134.2024.10701144,2024,doi:10.1109/cloud.2018.00148,Deploying Microservice Based Applications with Kubernetes: Experiments and Lessons Learned,2018,IEEE International Conference on Cloud Computing,102,19
doi:10.1109/iccit62134.2024.10701144,2024,doi:10.1109/ase51524.2021.9678708,Groot: An Event-graph-based Approach for Root Cause Analysis in Industrial Settings,2021,International Conference on Automated Software Engineering,100,20
doi:10.1109/iccit62134.2024.10701144,2024,ss:00025f8caf92b2e737027790b36c82208d9c1ac7,"Circuit Breakers, Discovery, and API Gateways in Microservices",2016,arXiv.org,99,21
doi:10.1109/iccit62134.2024.10701144,2024,doi:10.1007/s11227-018-2345-2,Resource optimization of container orchestration: a case study in multi-cloud microservices-based applications,2018,Journal of Supercomputing,97,22
doi:10.1109/iccit62134.2024.10701144,2024,doi:10.1109/icsa-c.2019.00041,"Microservices in Industry: Insights into Technologies, Characteristics, and Software Quality",2019,2019 IEEE International Conference on Software Architecture Companion (ICSA-C),94,23
doi:10.1109/iccit62134.2024.10701144,2024,doi:10.1109/icsaw.2017.48,Towards Recovering the Software Architecture of Microservice-Based Systems,2017,IEEE International Conference on Software Architecture Workshops,93,24
doi:10.1109/iccit62134.2024.10701144,2024,doi:10.1109/ms.2015.11,Microservices,2015,IEEE Software,92,25
doi:10.1109/iccit62134.2024.10701144,2024,doi:10.1002/spe.2704,SmartHerd management: A microservices‐based fog computing–assisted IoT platform towards data‐driven smart dairy farming,2019,"Software, Practice & Experience",92,26
doi:10.1109/iccit62134.2024.10701144,2024,doi:10.1109/jiot.2018.2792940,Microservices Scheduling Model Over Heterogeneous Cloud-Edge Environments As Support for IoT Applications,2018,IEEE Internet of Things Journal,88,27
doi:10.1109/iccit62134.2024.10701144,2024,doi:10.1109/isc2.2018.8656968,A Microservice-enabled Architecture for Smart Surveillance using Blockchain Technology,2018,2018 IEEE International Smart Cities Conference (ISC2),86,28
doi:10.1109/iccit62134.2024.10701144,2024,doi:10.1109/infocom.2018.8486300,Load Balancing Across Microservices,2018,IEEE Conference on Computer Communications,85,29
doi:10.1109/iccit62134.2024.10701144,2024,doi:10.1145/3485983.3494866,GRAF: a graph neural network based proactive resource allocation framework for SLO-oriented microservices,2021,Conference on Emerging Network Experiment and Technology,83,30
doi:10.1016/j.jss.2025.112500,2025,ss:0174c967eeea5a0c1e8d389c790242cb07424b80,Building Microservices,2015,,793,1
doi:10.1016/j.jss.2025.112500,2025,ss:09aaa85c6fe92ec2e894700dc2bab4d481c5b27d,FIRM: An Intelligent Fine-Grained Resource Management Framework for SLO-Oriented Microservices,2020,USENIX Symposium on Operating Systems Design and Implementation,350,2
doi:10.1016/j.jss.2025.112500,2025,doi:10.1145/3338906.3338961,Latent error prediction and fault localization for microservice applications by learning from system trace logs,2019,ESEC/SIGSOFT FSE,263,3
doi:10.1016/j.jss.2025.112500,2025,doi:10.1109/access.2019.2911732,"Container Security: Issues, Challenges, and the Road Ahead",2019,IEEE Access,245,4
doi:10.1016/j.jss.2025.112500,2025,doi:10.1145/3501297,Anomaly Detection and Failure Root Cause Analysis in (Micro) Service-Based Cloud Applications: A Survey,2021,ACM Computing Surveys,233,5
doi:10.1016/j.jss.2025.112500,2025,doi:10.1109/icsaw.2017.11,"Microservice Architectures for Scalability, Agility and Reliability in E-Commerce",2017,IEEE International Conference on Software Architecture Workshops,216,6
doi:10.1016/j.jss.2025.112500,2025,doi:10.1016/j.jss.2019.01.001,Architecting with microservices: A systematic mapping study,2019,Journal of Systems and Software,207,7
doi:10.1016/j.jss.2025.112500,2025,doi:10.1007/s10723-017-9419-x,Genetic Algorithm for Multi-Objective Optimization of Container Allocation in Cloud Architecture,2017,Journal of Grid Computing,183,8
doi:10.1016/j.jss.2025.112500,2025,doi:10.1109/iwqos52092.2021.9521340,Practical Root Cause Localization for Microservice Systems via Trace Analysis,2021,International Workshop on Quality of Service,161,9
doi:10.1016/j.jss.2025.112500,2025,doi:10.1109/mascots.2018.00030,"TeaStore: A Micro-Service Reference Application for Benchmarking, Modeling and Resource Management Research",2018,"IEEE/ACM International Symposium on Modeling, Analysis, and Simulation On Computer and Telecommunication Systems",146,10
doi:10.1016/j.jss.2025.112500,2025,doi:10.52202/068431-2259,Root Cause Analysis of Failures in Microservices through Causal Discovery,2022,Neural Information Processing Systems,140,11
doi:10.1016/j.jss.2025.112500,2025,doi:10.1109/icdcs.2016.11,Gremlin: Systematic Resilience Testing of Microservices,2016,IEEE International Conference on Distributed Computing Systems,136,12
doi:10.1016/j.jss.2025.112500,2025,doi:10.1109/tpds.2021.3128037,Adaptive Resource Efficient Microservice Deployment in Cloud-Edge Continuum,2022,IEEE Transactions on Parallel and Distributed Systems,127,13
doi:10.1016/j.jss.2025.112500,2025,doi:10.1109/ms.2017.24,"Microservices in Practice, Part 1: Reality Check and Service Design",2017,IEEE Software,123,14
doi:10.1016/j.jss.2025.112500,2025,doi:10.1002/cpe.4436,A survey on security issues in services communication of Microservices‐enabled fog applications,2019,Concurrency and Computation,120,15
doi:10.1016/j.jss.2025.112500,2025,doi:10.1016/j.iot.2023.100784,FedSDM: Federated learning based smart decision making module for ECG data in IoT integrated Edge-Fog-Cloud computing environments,2023,Internet of Things,117,16
doi:10.1016/j.jss.2025.112500,2025,doi:10.1109/ms.2018.2141035,Using Microservices for Legacy Software Modernization,2018,IEEE Software,114,17
doi:10.1016/j.jss.2025.112500,2025,doi:10.1016/j.infsof.2021.106600,From Monolithic Systems to Microservices: An Assessment Framework,2019,Information and Software Technology,111,18
doi:10.1016/j.jss.2025.112500,2025,doi:10.1109/cloud.2018.00148,Deploying Microservice Based Applications with Kubernetes: Experiments and Lessons Learned,2018,IEEE International Conference on Cloud Computing,102,19
doi:10.1016/j.jss.2025.112500,2025,doi:10.1109/ase51524.2021.9678708,Groot: An Event-graph-based Approach for Root Cause Analysis in Industrial Settings,2021,International Conference on Automated Software Engineering,100,20
doi:10.1016/j.jss.2025.112500,2025,ss:00025f8caf92b2e737027790b36c82208d9c1ac7,"Circuit Breakers, Discovery, and API Gateways in Microservices",2016,arXiv.org,99,21
doi:10.1016/j.jss.2025.112500,2025,doi:10.1007/s11227-018-2345-2,Resource optimization of container orchestration: a case study in multi-cloud microservices-based applications,2018,Journal of Supercomputing,97,22
doi:10.1016/j.jss.2025.112500,2025,doi:10.1109/icsa-c.2019.00041,"Microservices in Industry: Insights into Technologies, Characteristics, and Software Quality",2019,2019 IEEE International Conference on Software Architecture Companion (ICSA-C),94,23
doi:10.1016/j.jss.2025.112500,2025,doi:10.1109/icsaw.2017.48,Towards Recovering the Software Architecture of Microservice-Based Systems,2017,IEEE International Conference on Software Architecture Workshops,93,24
doi:10.1016/j.jss.2025.112500,2025,doi:10.1002/spe.2704,SmartHerd management: A microservices‐based fog computing–assisted IoT platform towards data‐driven smart dairy farming,2019,"Software, Practice & Experience",92,26
doi:10.1016/j.jss.2025.112500,2025,doi:10.1109/jiot.2018.2792940,Microservices Scheduling Model Over Heterogeneous Cloud-Edge Environments As Support for IoT Applications,2018,IEEE Internet of Things Journal,88,27
doi:10.1016/j.jss.2025.112500,2025,doi:10.1109/isc2.2018.8656968,A Microservice-enabled Architecture for Smart Surveillance using Blockchain Technology,2018,2018 IEEE International Smart Cities Conference (ISC2),86,28
doi:10.1016/j.jss.2025.112500,2025,doi:10.1109/infocom.2018.8486300,Load Balancing Across Microservices,2018,IEEE Conference on Computer Communications,85,29
doi:10.1016/j.jss.2025.112500,2025,doi:10.1145/3485983.3494866,GRAF: a graph neural network based proactive resource allocation framework for SLO-oriented microservices,2021,Conference on Emerging Network Experiment and Technology,83,30
doi:10.24215/16666038.25.e11,2025,ss:0174c967eeea5a0c1e8d389c790242cb07424b80,Building Microservices,2015,,793,1
doi:10.24215/16666038.25.e11,2025,ss:09aaa85c6fe92ec2e894700dc2bab4d481c5b27d,FIRM: An Intelligent Fine-Grained Resource Management Framework for SLO-Oriented Microservices,2020,USENIX Symposium on Operating Systems Design and Implementation,350,2
doi:10.24215/16666038.25.e11,2025,doi:10.1145/3338906.3338961,Latent error prediction and fault localization for microservice applications by learning from system trace logs,2019,ESEC/SIGSOFT FSE,263,3
doi:10.24215/16666038.25.e11,2025,doi:10.1109/access.2019.2911732,"Container Security: Issues, Challenges, and the Road Ahead",2019,IEEE Access,245,4
doi:10.24215/16666038.25.e11,2025,doi:10.1145/3501297,Anomaly Detection and Failure Root Cause Analysis in (Micro) Service-Based Cloud Applications: A Survey,2021,ACM Computing Surveys,233,5
doi:10.24215/16666038.25.e11,2025,doi:10.1109/icsaw.2017.11,"Microservice Architectures for Scalability, Agility and Reliability in E-Commerce",2017,IEEE International Conference on Software Architecture Workshops,216,6
doi:10.24215/16666038.25.e11,2025,doi:10.1016/j.jss.2019.01.001,Architecting with microservices: A systematic mapping study,2019,Journal of Systems and Software,207,7
doi:10.24215/16666038.25.e11,2025,doi:10.1007/s10723-017-9419-x,Genetic Algorithm for Multi-Objective Optimization of Container Allocation in Cloud Architecture,2017,Journal of Grid Computing,183,8
doi:10.24215/16666038.25.e11,2025,doi:10.1109/iwqos52092.2021.9521340,Practical Root Cause Localization for Microservice Systems via Trace Analysis,2021,International Workshop on Quality of Service,161,9
doi:10.24215/16666038.25.e11,2025,doi:10.1109/mascots.2018.00030,"TeaStore: A Micro-Service Reference Application for Benchmarking, Modeling and Resource Management Research",2018,"IEEE/ACM International Symposium on Modeling, Analysis, and Simulation On Computer and Telecommunication Systems",146,10
doi:10.24215/16666038.25.e11,2025,doi:10.52202/068431-2259,Root Cause Analysis of Failures in Microservices through Causal Discovery,2022,Neural Information Processing Systems,140,11
doi:10.24215/16666038.25.e11,2025,doi:10.1109/icdcs.2016.11,Gremlin: Systematic Resilience Testing of Microservices,2016,IEEE International Conference on Distributed Computing Systems,136,12
doi:10.24215/16666038.25.e11,2025,doi:10.1109/tpds.2021.3128037,Adaptive Resource Efficient Microservice Deployment in Cloud-Edge Continuum,2022,IEEE Transactions on Parallel and Distributed Systems,127,13
doi:10.24215/16666038.25.e11,2025,doi:10.1109/ms.2017.24,"Microservices in Practice, Part 1: Reality Check and Service Design",2017,IEEE Software,123,14
doi:10.24215/16666038.25.e11,2025,doi:10.1002/cpe.4436,A survey on security issues in services communication of Microservices‐enabled fog applications,2019,Concurrency and Computation,120,15
doi:10.24215/16666038.25.e11,2025,doi:10.1016/j.iot.2023.100784,FedSDM: Federated learning based smart decision making module for ECG data in IoT integrated Edge-Fog-Cloud computing environments,2023,Internet of Things,117,16
doi:10.24215/16666038.25.e11,2025,doi:10.1109/ms.2018.2141035,Using Microservices for Legacy Software Modernization,2018,IEEE Software,114,17
doi:10.24215/16666038.25.e11,2025,doi:10.1016/j.infsof.2021.106600,From Monolithic Systems to Microservices: An Assessment Framework,2019,Information and Software Technology,111,18
doi:10.24215/16666038.25.e11,2025,doi:10.1109/cloud.2018.00148,Deploying Microservice Based Applications with Kubernetes: Experiments and Lessons Learned,2018,IEEE International Conference on Cloud Computing,102,19
doi:10.24215/16666038.25.e11,2025,doi:10.1109/ase51524.2021.9678708,Groot: An Event-graph-based Approach for Root Cause Analysis in Industrial Settings,2021,International Conference on Automated Software Engineering,100,20
doi:10.24215/16666038.25.e11,2025,ss:00025f8caf92b2e737027790b36c82208d9c1ac7,"Circuit Breakers, Discovery, and API Gateways in Microservices",2016,arXiv.org,99,21
doi:10.24215/16666038.25.e11,2025,doi:10.1007/s11227-018-2345-2,Resource optimization of container orchestration: a case study in multi-cloud microservices-based applications,2018,Journal of Supercomputing,97,22
doi:10.24215/16666038.25.e11,2025,doi:10.1109/icsa-c.2019.00041,"Microservices in Industry: Insights into Technologies, Characteristics, and Software Quality",2019,2019 IEEE International Conference on Software Architecture Companion (ICSA-C),94,23
doi:10.24215/16666038.25.e11,2025,doi:10.1109/icsaw.2017.48,Towards Recovering the Software Architecture of Microservice-Based Systems,2017,IEEE International Conference on Software Architecture Workshops,93,24
doi:10.24215/16666038.25.e11,2025,doi:10.1109/ms.2015.11,Microservices,2015,IEEE Software,92,25
doi:10.24215/16666038.25.e11,2025,doi:10.1002/spe.2704,SmartHerd management: A microservices‐based fog computing–assisted IoT platform towards data‐driven smart dairy farming,2019,"Software, Practice & Experience",92,26
doi:10.24215/16666038.25.e11,2025,doi:10.1109/jiot.2018.2792940,Microservices Scheduling Model Over Heterogeneous Cloud-Edge Environments As Support for IoT Applications,2018,IEEE Internet of Things Journal,88,27
doi:10.24215/16666038.25.e11,2025,doi:10.1109/isc2.2018.8656968,A Microservice-enabled Architecture for Smart Surveillance using Blockchain Technology,2018,2018 IEEE International Smart Cities Conference (ISC2),86,28
doi:10.24215/16666038.25.e11,2025,doi:10.1109/infocom.2018.8486300,Load Balancing Across Microservices,2018,IEEE Conference on Computer Communications,85,29
doi:10.24215/16666038.25.e11,2025,doi:10.1145/3485983.3494866,GRAF: a graph neural network based proactive resource allocation framework for SLO-oriented microservices,2021,Conference on Emerging Network Experiment and Technology,83,30
doi:10.14569/ijacsa.2024.0151218,2024,ss:0174c967eeea5a0c1e8d389c790242cb07424b80,Building Microservices,2015,,793,1
doi:10.14569/ijacsa.2024.0151218,2024,ss:09aaa85c6fe92ec2e894700dc2bab4d481c5b27d,FIRM: An Intelligent Fine-Grained Resource Management Framework for SLO-Oriented Microservices,2020,USENIX Symposium on Operating Systems Design and Implementation,350,2
doi:10.14569/ijacsa.2024.0151218,2024,doi:10.1145/3338906.3338961,Latent error prediction and fault localization for microservice applications by learning from system trace logs,2019,ESEC/SIGSOFT FSE,263,3
doi:10.14569/ijacsa.2024.0151218,2024,doi:10.1109/access.2019.2911732,"Container Security: Issues, Challenges, and the Road Ahead",2019,IEEE Access,245,4
doi:10.14569/ijacsa.2024.0151218,2024,doi:10.1145/3501297,Anomaly Detection and Failure Root Cause Analysis in (Micro) Service-Based Cloud Applications: A Survey,2021,ACM Computing Surveys,233,5
doi:10.14569/ijacsa.2024.0151218,2024,doi:10.1109/icsaw.2017.11,"Microservice Architectures for Scalability, Agility and Reliability in E-Commerce",2017,IEEE International Conference on Software Architecture Workshops,216,6
doi:10.14569/ijacsa.2024.0151218,2024,doi:10.1016/j.jss.2019.01.001,Architecting with microservices: A systematic mapping study,2019,Journal of Systems and Software,207,7
doi:10.14569/ijacsa.2024.0151218,2024,doi:10.1007/s10723-017-9419-x,Genetic Algorithm for Multi-Objective Optimization of Container Allocation in Cloud Architecture,2017,Journal of Grid Computing,183,8
doi:10.14569/ijacsa.2024.0151218,2024,doi:10.1109/iwqos52092.2021.9521340,Practical Root Cause Localization for Microservice Systems via Trace Analysis,2021,International Workshop on Quality of Service,161,9
doi:10.14569/ijacsa.2024.0151218,2024,doi:10.1109/mascots.2018.00030,"TeaStore: A Micro-Service Reference Application for Benchmarking, Modeling and Resource Management Research",2018,"IEEE/ACM International Symposium on Modeling, Analysis, and Simulation On Computer and Telecommunication Systems",146,10
doi:10.14569/ijacsa.2024.0151218,2024,doi:10.52202/068431-2259,Root Cause Analysis of Failures in Microservices through Causal Discovery,2022,Neural Information Processing Systems,140,11
doi:10.14569/ijacsa.2024.0151218,2024,doi:10.1109/icdcs.2016.11,Gremlin: Systematic Resilience Testing of Microservices,2016,IEEE International Conference on Distributed Computing Systems,136,12
doi:10.14569/ijacsa.2024.0151218,2024,doi:10.1109/tpds.2021.3128037,Adaptive Resource Efficient Microservice Deployment in Cloud-Edge Continuum,2022,IEEE Transactions on Parallel and Distributed Systems,127,13
doi:10.14569/ijacsa.2024.0151218,2024,doi:10.1109/ms.2017.24,"Microservices in Practice, Part 1: Reality Check and Service Design",2017,IEEE Software,123,14
doi:10.14569/ijacsa.2024.0151218,2024,doi:10.1002/cpe.4436,A survey on security issues in services communication of Microservices‐enabled fog applications,2019,Concurrency and Computation,120,15
doi:10.14569/ijacsa.2024.0151218,2024,doi:10.1016/j.iot.2023.100784,FedSDM: Federated learning based smart decision making module for ECG data in IoT integrated Edge-Fog-Cloud computing environments,2023,Internet of Things,117,16
doi:10.14569/ijacsa.2024.0151218,2024,doi:10.1109/ms.2018.2141035,Using Microservices for Legacy Software Modernization,2018,IEEE Software,114,17
doi:10.14569/ijacsa.2024.0151218,2024,doi:10.1016/j.infsof.2021.106600,From Monolithic Systems to Microservices: An Assessment Framework,2019,Information and Software Technology,111,18
doi:10.14569/ijacsa.2024.0151218,2024,doi:10.1109/cloud.2018.00148,Deploying Microservice Based Applications with Kubernetes: Experiments and Lessons Learned,2018,IEEE International Conference on Cloud Computing,102,19
doi:10.14569/ijacsa.2024.0151218,2024,doi:10.1109/ase51524.2021.9678708,Groot: An Event-graph-based Approach for Root Cause Analysis in Industrial Settings,2021,International Conference on Automated Software Engineering,100,20
doi:10.14569/ijacsa.2024.0151218,2024,ss:00025f8caf92b2e737027790b36c82208d9c1ac7,"Circuit Breakers, Discovery, and API Gateways in Microservices",2016,arXiv.org,99,21
doi:10.14569/ijacsa.2024.0151218,2024,doi:10.1007/s11227-018-2345-2,Resource optimization of container orchestration: a case study in multi-cloud microservices-based applications,2018,Journal of Supercomputing,97,22
doi:10.14569/ijacsa.2024.0151218,2024,doi:10.1109/icsa-c.2019.00041,"Microservices in Industry: Insights into Technologies, Characteristics, and Software Quality",2019,2019 IEEE International Conference on Software Architecture Companion (ICSA-C),94,23
doi:10.14569/ijacsa.2024.0151218,2024,doi:10.1109/icsaw.2017.48,Towards Recovering the Software Architecture of Microservice-Based Systems,2017,IEEE International Conference on Software Architecture Workshops,93,24
doi:10.14569/ijacsa.2024.0151218,2024,doi:10.1109/ms.2015.11,Microservices,2015,IEEE Software,92,25
doi:10.14569/ijacsa.2024.0151218,2024,doi:10.1002/spe.2704,SmartHerd management: A microservices‐based fog computing–assisted IoT platform towards data‐driven smart dairy farming,2019,"Software, Practice & Experience",92,26
doi:10.14569/ijacsa.2024.0151218,2024,doi:10.1109/jiot.2018.2792940,Microservices Scheduling Model Over Heterogeneous Cloud-Edge Environments As Support for IoT Applications,2018,IEEE Internet of Things Journal,88,27
doi:10.14569/ijacsa.2024.0151218,2024,doi:10.1109/isc2.2018.8656968,A Microservice-enabled Architecture for Smart Surveillance using Blockchain Technology,2018,2018 IEEE International Smart Cities Conference (ISC2),86,28
doi:10.14569/ijacsa.2024.0151218,2024,doi:10.1109/infocom.2018.8486300,Load Balancing Across Microservices,2018,IEEE Conference on Computer Communications,85,29
doi:10.14569/ijacsa.2024.0151218,2024,doi:10.1145/3485983.3494866,GRAF: a graph neural network based proactive resource allocation framework for SLO-oriented microservices,2021,Conference on Emerging Network Experiment and Technology,83,30
doi:10.1016/j.infsof.2020.106449,2021,ss:0174c967eeea5a0c1e8d389c790242cb07424b80,Building Microservices,2015,,793,1
doi:10.1016/j.infsof.2020.106449,2021,ss:09aaa85c6fe92ec2e894700dc2bab4d481c5b27d,FIRM: An Intelligent Fine-Grained Resource Management Framework for SLO-Oriented Microservices,2020,USENIX Symposium on Operating Systems Design and Implementation,350,2
doi:10.1016/j.infsof.2020.106449,2021,doi:10.1145/3338906.3338961,Latent error prediction and fault localization for microservice applications by learning from system trace logs,2019,ESEC/SIGSOFT FSE,263,3
doi:10.1016/j.infsof.2020.106449,2021,doi:10.1109/access.2019.2911732,"Container Security: Issues, Challenges, and the Road Ahead",2019,IEEE Access,245,4
doi:10.1016/j.infsof.2020.106449,2021,doi:10.1145/3501297,Anomaly Detection and Failure Root Cause Analysis in (Micro) Service-Based Cloud Applications: A Survey,2021,ACM Computing Surveys,233,5
doi:10.1016/j.infsof.2020.106449,2021,doi:10.1109/icsaw.2017.11,"Microservice Architectures for Scalability, Agility and Reliability in E-Commerce",2017,IEEE International Conference on Software Architecture Workshops,216,6
doi:10.1016/j.infsof.2020.106449,2021,doi:10.1016/j.jss.2019.01.001,Architecting with microservices: A systematic mapping study,2019,Journal of Systems and Software,207,7
doi:10.1016/j.infsof.2020.106449,2021,doi:10.1007/s10723-017-9419-x,Genetic Algorithm for Multi-Objective Optimization of Container Allocation in Cloud Architecture,2017,Journal of Grid Computing,183,8
doi:10.1016/j.infsof.2020.106449,2021,doi:10.1109/iwqos52092.2021.9521340,Practical Root Cause Localization for Microservice Systems via Trace Analysis,2021,International Workshop on Quality of Service,161,9
doi:10.1016/j.infsof.2020.106449,2021,doi:10.1109/mascots.2018.00030,"TeaStore: A Micro-Service Reference Application for Benchmarking, Modeling and Resource Management Research",2018,"IEEE/ACM International Symposium on Modeling, Analysis, and Simulation On Computer and Telecommunication Systems",146,10
doi:10.1016/j.infsof.2020.106449,2021,doi:10.1109/icdcs.2016.11,Gremlin: Systematic Resilience Testing of Microservices,2016,IEEE International Conference on Distributed Computing Systems,136,12
doi:10.1016/j.infsof.2020.106449,2021,doi:10.1109/ms.2017.24,"Microservices in Practice, Part 1: Reality Check and Service Design",2017,IEEE Software,123,14
doi:10.1016/j.infsof.2020.106449,2021,doi:10.1002/cpe.4436,A survey on security issues in services communication of Microservices‐enabled fog applications,2019,Concurrency and Computation,120,15
doi:10.1016/j.infsof.2020.106449,2021,doi:10.1109/ms.2018.2141035,Using Microservices for Legacy Software Modernization,2018,IEEE Software,114,17
doi:10.1016/j.infsof.2020.106449,2021,doi:10.1016/j.infsof.2021.106600,From Monolithic Systems to Microservices: An Assessment Framework,2019,Information and Software Technology,111,18
doi:10.1016/j.infsof.2020.106449,2021,doi:10.1109/cloud.2018.00148,Deploying Microservice Based Applications with Kubernetes: Experiments and Lessons Learned,2018,IEEE International Conference on Cloud Computing,102,19
doi:10.1016/j.infsof.2020.106449,2021,doi:10.1109/ase51524.2021.9678708,Groot: An Event-graph-based Approach for Root Cause Analysis in Industrial Settings,2021,International Conference on Automated Software Engineering,100,20
doi:10.1016/j.infsof.2020.106449,2021,ss:00025f8caf92b2e737027790b36c82208d9c1ac7,"Circuit Breakers, Discovery, and API Gateways in Microservices",2016,arXiv.org,99,21
doi:10.1016/j.infsof.2020.106449,2021,doi:10.1007/s11227-018-2345-2,Resource optimization of container orchestration: a case study in multi-cloud microservices-based applications,2018,Journal of Supercomputing,97,22
doi:10.1016/j.infsof.2020.106449,2021,doi:10.1109/icsa-c.2019.00041,"Microservices in Industry: Insights into Technologies, Characteristics, and Software Quality",2019,2019 IEEE International Conference on Software Architecture Companion (ICSA-C),94,23
doi:10.1016/j.infsof.2020.106449,2021,doi:10.1109/icsaw.2017.48,Towards Recovering the Software Architecture of Microservice-Based Systems,2017,IEEE International Conference on Software Architecture Workshops,93,24
doi:10.1016/j.infsof.2020.106449,2021,doi:10.1109/ms.2015.11,Microservices,2015,IEEE Software,92,25
doi:10.1016/j.infsof.2020.106449,2021,doi:10.1002/spe.2704,SmartHerd management: A microservices‐based fog computing–assisted IoT platform towards data‐driven smart dairy farming,2019,"Software, Practice & Experience",92,26
doi:10.1016/j.infsof.2020.106449,2021,doi:10.1109/jiot.2018.2792940,Microservices Scheduling Model Over Heterogeneous Cloud-Edge Environments As Support for IoT Applications,2018,IEEE Internet of Things Journal,88,27
doi:10.1016/j.infsof.2020.106449,2021,doi:10.1109/isc2.2018.8656968,A Microservice-enabled Architecture for Smart Surveillance using Blockchain Technology,2018,2018 IEEE International Smart Cities Conference (ISC2),86,28
doi:10.1016/j.infsof.2020.106449,2021,doi:10.1109/infocom.2018.8486300,Load Balancing Across Microservices,2018,IEEE Conference on Computer Communications,85,29
doi:10.1016/j.infsof.2020.106449,2021,doi:10.1145/3485983.3494866,GRAF: a graph neural network based proactive resource allocation framework for SLO-oriented microservices,2021,Conference on Emerging Network Experiment and Technology,83,30
doi:10.1109/access.2024.3389064,2024,ss:0174c967eeea5a0c1e8d389c790242cb07424b80,Building Microservices,2015,,793,1
doi:10.1109/access.2024.3389064,2024,ss:09aaa85c6fe92ec2e894700dc2bab4d481c5b27d,FIRM: An Intelligent Fine-Grained Resource Management Framework for SLO-Oriented Microservices,2020,USENIX Symposium on Operating Systems Design and Implementation,350,2
doi:10.1109/access.2024.3389064,2024,doi:10.1145/3338906.3338961,Latent error prediction and fault localization for microservice applications by learning from system trace logs,2019,ESEC/SIGSOFT FSE,263,3
doi:10.1109/access.2024.3389064,2024,doi:10.1109/access.2019.2911732,"Container Security: Issues, Challenges, and the Road Ahead",2019,IEEE Access,245,4
doi:10.1109/access.2024.3389064,2024,doi:10.1145/3501297,Anomaly Detection and Failure Root Cause Analysis in (Micro) Service-Based Cloud Applications: A Survey,2021,ACM Computing Surveys,233,5
doi:10.1109/access.2024.3389064,2024,doi:10.1109/icsaw.2017.11,"Microservice Architectures for Scalability, Agility and Reliability in E-Commerce",2017,IEEE International Conference on Software Architecture Workshops,216,6
doi:10.1109/access.2024.3389064,2024,doi:10.1016/j.jss.2019.01.001,Architecting with microservices: A systematic mapping study,2019,Journal of Systems and Software,207,7
doi:10.1109/access.2024.3389064,2024,doi:10.1007/s10723-017-9419-x,Genetic Algorithm for Multi-Objective Optimization of Container Allocation in Cloud Architecture,2017,Journal of Grid Computing,183,8
doi:10.1109/access.2024.3389064,2024,doi:10.1109/iwqos52092.2021.9521340,Practical Root Cause Localization for Microservice Systems via Trace Analysis,2021,International Workshop on Quality of Service,161,9
doi:10.1109/access.2024.3389064,2024,doi:10.1109/mascots.2018.00030,"TeaStore: A Micro-Service Reference Application for Benchmarking, Modeling and Resource Management Research",2018,"IEEE/ACM International Symposium on Modeling, Analysis, and Simulation On Computer and Telecommunication Systems",146,10
doi:10.1109/access.2024.3389064,2024,doi:10.52202/068431-2259,Root Cause Analysis of Failures in Microservices through Causal Discovery,2022,Neural Information Processing Systems,140,11
doi:10.1109/access.2024.3389064,2024,doi:10.1109/icdcs.2016.11,Gremlin: Systematic Resilience Testing of Microservices,2016,IEEE International Conference on Distributed Computing Systems,136,12
doi:10.1109/access.2024.3389064,2024,doi:10.1109/tpds.2021.3128037,Adaptive Resource Efficient Microservice Deployment in Cloud-Edge Continuum,2022,IEEE Transactions on Parallel and Distributed Systems,127,13
doi:10.1109/access.2024.3389064,2024,doi:10.1109/ms.2017.24,"Microservices in Practice, Part 1: Reality Check and Service Design",2017,IEEE Software,123,14
doi:10.1109/access.2024.3389064,2024,doi:10.1016/j.iot.2023.100784,FedSDM: Federated learning based smart decision making module for ECG data in IoT integrated Edge-Fog-Cloud computing environments,2023,Internet of Things,117,16
doi:10.1109/access.2024.3389064,2024,doi:10.1109/ms.2018.2141035,Using Microservices for Legacy Software Modernization,2018,IEEE Software,114,17
doi:10.1109/access.2024.3389064,2024,doi:10.1016/j.infsof.2021.106600,From Monolithic Systems to Microservices: An Assessment Framework,2019,Information and Software Technology,111,18
doi:10.1109/access.2024.3389064,2024,doi:10.1109/cloud.2018.00148,Deploying Microservice Based Applications with Kubernetes: Experiments and Lessons Learned,2018,IEEE International Conference on Cloud Computing,102,19
doi:10.1109/access.2024.3389064,2024,doi:10.1109/ase51524.2021.9678708,Groot: An Event-graph-based Approach for Root Cause Analysis in Industrial Settings,2021,International Conference on Automated Software Engineering,100,20
doi:10.1109/access.2024.3389064,2024,ss:00025f8caf92b2e737027790b36c82208d9c1ac7,"Circuit Breakers, Discovery, and API Gateways in Microservices",2016,arXiv.org,99,21
doi:10.1109/access.2024.3389064,2024,doi:10.1007/s11227-018-2345-2,Resource optimization of container orchestration: a case study in multi-cloud microservices-based applications,2018,Journal of Supercomputing,97,22
doi:10.1109/access.2024.3389064,2024,doi:10.1109/icsa-c.2019.00041,"Microservices in Industry: Insights into Technologies, Characteristics, and Software Quality",2019,2019 IEEE International Conference on Software Architecture Companion (ICSA-C),94,23
doi:10.1109/access.2024.3389064,2024,doi:10.1109/icsaw.2017.48,Towards Recovering the Software Architecture of Microservice-Based Systems,2017,IEEE International Conference on Software Architecture Workshops,93,24
doi:10.1109/access.2024.3389064,2024,doi:10.1109/ms.2015.11,Microservices,2015,IEEE Software,92,25
doi:10.1109/access.2024.3389064,2024,doi:10.1002/spe.2704,SmartHerd management: A microservices‐based fog computing–assisted IoT platform towards data‐driven smart dairy farming,2019,"Software, Practice & Experience",92,26
doi:10.1109/access.2024.3389064,2024,doi:10.1109/jiot.2018.2792940,Microservices Scheduling Model Over Heterogeneous Cloud-Edge Environments As Support for IoT Applications,2018,IEEE Internet of Things Journal,88,27
doi:10.1109/access.2024.3389064,2024,doi:10.1109/isc2.2018.8656968,A Microservice-enabled Architecture for Smart Surveillance using Blockchain Technology,2018,2018 IEEE International Smart Cities Conference (ISC2),86,28
doi:10.1109/access.2024.3389064,2024,doi:10.1109/infocom.2018.8486300,Load Balancing Across Microservices,2018,IEEE Conference on Computer Communications,85,29
doi:10.1109/access.2024.3389064,2024,doi:10.1145/3485983.3494866,GRAF: a graph neural network based proactive resource allocation framework for SLO-oriented microservices,2021,Conference on Emerging Network Experiment and Technology,83,30
doi:10.14569/ijacsa.2024.0151013,2024,ss:0174c967eeea5a0c1e8d389c790242cb07424b80,Building Microservices,2015,,793,1
doi:10.14569/ijacsa.2024.0151013,2024,ss:09aaa85c6fe92ec2e894700dc2bab4d481c5b27d,FIRM: An Intelligent Fine-Grained Resource Management Framework for SLO-Oriented Microservices,2020,USENIX Symposium on Operating Systems Design and Implementation,350,2
doi:10.14569/ijacsa.2024.0151013,2024,doi:10.1145/3338906.3338961,Latent error prediction and fault localization for microservice applications by learning from system trace logs,2019,ESEC/SIGSOFT FSE,263,3
doi:10.14569/ijacsa.2024.0151013,2024,doi:10.1109/access.2019.2911732,"Container Security: Issues, Challenges, and the Road Ahead",2019,IEEE Access,245,4
doi:10.14569/ijacsa.2024.0151013,2024,doi:10.1145/3501297,Anomaly Detection and Failure Root Cause Analysis in (Micro) Service-Based Cloud Applications: A Survey,2021,ACM Computing Surveys,233,5
doi:10.14569/ijacsa.2024.0151013,2024,doi:10.1109/icsaw.2017.11,"Microservice Architectures for Scalability, Agility and Reliability in E-Commerce",2017,IEEE International Conference on Software Architecture Workshops,216,6
doi:10.14569/ijacsa.2024.0151013,2024,doi:10.1016/j.jss.2019.01.001,Architecting with microservices: A systematic mapping study,2019,Journal of Systems and Software,207,7
doi:10.14569/ijacsa.2024.0151013,2024,doi:10.1007/s10723-017-9419-x,Genetic Algorithm for Multi-Objective Optimization of Container Allocation in Cloud Architecture,2017,Journal of Grid Computing,183,8
doi:10.14569/ijacsa.2024.0151013,2024,doi:10.1109/iwqos52092.2021.9521340,Practical Root Cause Localization for Microservice Systems via Trace Analysis,2021,International Workshop on Quality of Service,161,9
doi:10.14569/ijacsa.2024.0151013,2024,doi:10.1109/mascots.2018.00030,"TeaStore: A Micro-Service Reference Application for Benchmarking, Modeling and Resource Management Research",2018,"IEEE/ACM International Symposium on Modeling, Analysis, and Simulation On Computer and Telecommunication Systems",146,10
doi:10.14569/ijacsa.2024.0151013,2024,doi:10.52202/068431-2259,Root Cause Analysis of Failures in Microservices through Causal Discovery,2022,Neural Information Processing Systems,140,11
doi:10.14569/ijacsa.2024.0151013,2024,doi:10.1109/icdcs.2016.11,Gremlin: Systematic Resilience Testing of Microservices,2016,IEEE International Conference on Distributed Computing Systems,136,12
doi:10.14569/ijacsa.2024.0151013,2024,doi:10.1109/tpds.2021.3128037,Adaptive Resource Efficient Microservice Deployment in Cloud-Edge Continuum,2022,IEEE Transactions on Parallel and Distributed Systems,127,13
doi:10.14569/ijacsa.2024.0151013,2024,doi:10.1109/ms.2017.24,"Microservices in Practice, Part 1: Reality Check and Service Design",2017,IEEE Software,123,14
doi:10.14569/ijacsa.2024.0151013,2024,doi:10.1002/cpe.4436,A survey on security issues in services communication of Microservices‐enabled fog applications,2019,Concurrency and Computation,120,15
doi:10.14569/ijacsa.2024.0151013,2024,doi:10.1016/j.iot.2023.100784,FedSDM: Federated learning based smart decision making module for ECG data in IoT integrated Edge-Fog-Cloud computing environments,2023,Internet of Things,117,16
doi:10.14569/ijacsa.2024.0151013,2024,doi:10.1109/ms.2018.2141035,Using Microservices for Legacy Software Modernization,2018,IEEE Software,114,17
doi:10.14569/ijacsa.2024.0151013,2024,doi:10.1109/cloud.2018.00148,Deploying Microservice Based Applications with Kubernetes: Experiments and Lessons Learned,2018,IEEE International Conference on Cloud Computing,102,19
doi:10.14569/ijacsa.2024.0151013,2024,doi:10.1109/ase51524.2021.9678708,Groot: An Event-graph-based Approach for Root Cause Analysis in Industrial Settings,2021,International Conference on Automated Software Engineering,100,20
doi:10.14569/ijacsa.2024.0151013,2024,ss:00025f8caf92b2e737027790b36c82208d9c1ac7,"Circuit Breakers, Discovery, and API Gateways in Microservices",2016,arXiv.org,99,21
doi:10.14569/ijacsa.2024.0151013,2024,doi:10.1007/s11227-018-2345-2,Resource optimization of container orchestration: a case study in multi-cloud microservices-based applications,2018,Journal of Supercomputing,97,22
doi:10.14569/ijacsa.2024.0151013,2024,doi:10.1109/icsa-c.2019.00041,"Microservices in Industry: Insights into Technologies, Characteristics, and Software Quality",2019,2019 IEEE International Conference on Software Architecture Companion (ICSA-C),94,23
doi:10.14569/ijacsa.2024.0151013,2024,doi:10.1109/icsaw.2017.48,Towards Recovering the Software Architecture of Microservice-Based Systems,2017,IEEE International Conference on Software Architecture Workshops,93,24
doi:10.14569/ijacsa.2024.0151013,2024,doi:10.1109/ms.2015.11,Microservices,2015,IEEE Software,92,25
doi:10.14569/ijacsa.2024.0151013,2024,doi:10.1002/spe.2704,SmartHerd management: A microservices‐based fog computing–assisted IoT platform towards data‐driven smart dairy farming,2019,"Software, Practice & Experience",92,26
doi:10.14569/ijacsa.2024.0151013,2024,doi:10.1109/jiot.2018.2792940,Microservices Scheduling Model Over Heterogeneous Cloud-Edge Environments As Support for IoT Applications,2018,IEEE Internet of Things Journal,88,27
doi:10.14569/ijacsa.2024.0151013,2024,doi:10.1109/isc2.2018.8656968,A Microservice-enabled Architecture for Smart Surveillance using Blockchain Technology,2018,2018 IEEE International Smart Cities Conference (ISC2),86,28
doi:10.14569/ijacsa.2024.0151013,2024,doi:10.1109/infocom.2018.8486300,Load Balancing Across Microservices,2018,IEEE Conference on Computer Communications,85,29
doi:10.14569/ijacsa.2024.0151013,2024,doi:10.1145/3485983.3494866,GRAF: a graph neural network based proactive resource allocation framework for SLO-oriented microservices,2021,Conference on Emerging Network Experiment and Technology,83,30
doi:10.1109/icts67612.2025.11369715,2025,ss:0174c967eeea5a0c1e8d389c790242cb07424b80,Building Microservices,2015,,793,1
doi:10.1109/icts67612.2025.11369715,2025,ss:09aaa85c6fe92ec2e894700dc2bab4d481c5b27d,FIRM: An Intelligent Fine-Grained Resource Management Framework for SLO-Oriented Microservices,2020,USENIX Symposium on Operating Systems Design and Implementation,350,2
doi:10.1109/icts67612.2025.11369715,2025,doi:10.1145/3338906.3338961,Latent error prediction and fault localization for microservice applications by learning from system trace logs,2019,ESEC/SIGSOFT FSE,263,3
doi:10.1109/icts67612.2025.11369715,2025,doi:10.1109/access.2019.2911732,"Container Security: Issues, Challenges, and the Road Ahead",2019,IEEE Access,245,4
doi:10.1109/icts67612.2025.11369715,2025,doi:10.1145/3501297,Anomaly Detection and Failure Root Cause Analysis in (Micro) Service-Based Cloud Applications: A Survey,2021,ACM Computing Surveys,233,5
doi:10.1109/icts67612.2025.11369715,2025,doi:10.1109/icsaw.2017.11,"Microservice Architectures for Scalability, Agility and Reliability in E-Commerce",2017,IEEE International Conference on Software Architecture Workshops,216,6
doi:10.1109/icts67612.2025.11369715,2025,doi:10.1016/j.jss.2019.01.001,Architecting with microservices: A systematic mapping study,2019,Journal of Systems and Software,207,7
doi:10.1109/icts67612.2025.11369715,2025,doi:10.1007/s10723-017-9419-x,Genetic Algorithm for Multi-Objective Optimization of Container Allocation in Cloud Architecture,2017,Journal of Grid Computing,183,8
doi:10.1109/icts67612.2025.11369715,2025,doi:10.1109/iwqos52092.2021.9521340,Practical Root Cause Localization for Microservice Systems via Trace Analysis,2021,International Workshop on Quality of Service,161,9
doi:10.1109/icts67612.2025.11369715,2025,doi:10.1109/mascots.2018.00030,"TeaStore: A Micro-Service Reference Application for Benchmarking, Modeling and Resource Management Research",2018,"IEEE/ACM International Symposium on Modeling, Analysis, and Simulation On Computer and Telecommunication Systems",146,10
doi:10.1109/icts67612.2025.11369715,2025,doi:10.52202/068431-2259,Root Cause Analysis of Failures in Microservices through Causal Discovery,2022,Neural Information Processing Systems,140,11
doi:10.1109/icts67612.2025.11369715,2025,doi:10.1109/icdcs.2016.11,Gremlin: Systematic Resilience Testing of Microservices,2016,IEEE International Conference on Distributed Computing Systems,136,12
doi:10.1109/icts67612.2025.11369715,2025,doi:10.1109/tpds.2021.3128037,Adaptive Resource Efficient Microservice Deployment in Cloud-Edge Continuum,2022,IEEE Transactions on Parallel and Distributed Systems,127,13
doi:10.1109/icts67612.2025.11369715,2025,doi:10.1109/ms.2017.24,"Microservices in Practice, Part 1: Reality Check and Service Design",2017,IEEE Software,123,14
doi:10.1109/icts67612.2025.11369715,2025,doi:10.1002/cpe.4436,A survey on security issues in services communication of Microservices‐enabled fog applications,2019,Concurrency and Computation,120,15
doi:10.1109/icts67612.2025.11369715,2025,doi:10.1016/j.iot.2023.100784,FedSDM: Federated learning based smart decision making module for ECG data in IoT integrated Edge-Fog-Cloud computing environments,2023,Internet of Things,117,16
doi:10.1109/icts67612.2025.11369715,2025,doi:10.1109/ms.2018.2141035,Using Microservices for Legacy Software Modernization,2018,IEEE Software,114,17
doi:10.1109/icts67612.2025.11369715,2025,doi:10.1016/j.infsof.2021.106600,From Monolithic Systems to Microservices: An Assessment Framework,2019,Information and Software Technology,111,18
doi:10.1109/icts67612.2025.11369715,2025,doi:10.1109/cloud.2018.00148,Deploying Microservice Based Applications with Kubernetes: Experiments and Lessons Learned,2018,IEEE International Conference on Cloud Computing,102,19
doi:10.1109/icts67612.2025.11369715,2025,doi:10.1109/ase51524.2021.9678708,Groot: An Event-graph-based Approach for Root Cause Analysis in Industrial Settings,2021,International Conference on Automated Software Engineering,100,20
doi:10.1109/icts67612.2025.11369715,2025,ss:00025f8caf92b2e737027790b36c82208d9c1ac7,"Circuit Breakers, Discovery, and API Gateways in Microservices",2016,arXiv.org,99,21
doi:10.1109/icts67612.2025.11369715,2025,doi:10.1007/s11227-018-2345-2,Resource optimization of container orchestration: a case study in multi-cloud microservices-based applications,2018,Journal of Supercomputing,97,22
doi:10.1109/icts67612.2025.11369715,2025,doi:10.1109/icsa-c.2019.00041,"Microservices in Industry: Insights into Technologies, Characteristics, and Software Quality",2019,2019 IEEE International Conference on Software Architecture Companion (ICSA-C),94,23
doi:10.1109/icts67612.2025.11369715,2025,doi:10.1109/icsaw.2017.48,Towards Recovering the Software Architecture of Microservice-Based Systems,2017,IEEE International Conference on Software Architecture Workshops,93,24
doi:10.1109/icts67612.2025.11369715,2025,doi:10.1109/ms.2015.11,Microservices,2015,IEEE Software,92,25
doi:10.1109/icts67612.2025.11369715,2025,doi:10.1002/spe.2704,SmartHerd management: A microservices‐based fog computing–assisted IoT platform towards data‐driven smart dairy farming,2019,"Software, Practice & Experience",92,26
doi:10.1109/icts67612.2025.11369715,2025,doi:10.1109/jiot.2018.2792940,Microservices Scheduling Model Over Heterogeneous Cloud-Edge Environments As Support for IoT Applications,2018,IEEE Internet of Things Journal,88,27
doi:10.1109/icts67612.2025.11369715,2025,doi:10.1109/isc2.2018.8656968,A Microservice-enabled Architecture for Smart Surveillance using Blockchain Technology,2018,2018 IEEE International Smart Cities Conference (ISC2),86,28
doi:10.1109/icts67612.2025.11369715,2025,doi:10.1109/infocom.2018.8486300,Load Balancing Across Microservices,2018,IEEE Conference on Computer Communications,85,29
doi:10.1109/icts67612.2025.11369715,2025,doi:10.1145/3485983.3494866,GRAF: a graph neural network based proactive resource allocation framework for SLO-oriented microservices,2021,Conference on Emerging Network Experiment and Technology,83,30
doi:10.1109/conisoft.2019.00034,2019,ss:0174c967eeea5a0c1e8d389c790242cb07424b80,Building Microservices,2015,,793,1
doi:10.1109/conisoft.2019.00034,2019,doi:10.1145/3338906.3338961,Latent error prediction and fault localization for microservice applications by learning from system trace logs,2019,ESEC/SIGSOFT FSE,263,3
doi:10.1109/conisoft.2019.00034,2019,doi:10.1109/access.2019.2911732,"Container Security: Issues, Challenges, and the Road Ahead",2019,IEEE Access,245,4
doi:10.1109/conisoft.2019.00034,2019,doi:10.1109/icsaw.2017.11,"Microservice Architectures for Scalability, Agility and Reliability in E-Commerce",2017,IEEE International Conference on Software Architecture Workshops,216,6
doi:10.1109/conisoft.2019.00034,2019,doi:10.1016/j.jss.2019.01.001,Architecting with microservices: A systematic mapping study,2019,Journal of Systems and Software,207,7
doi:10.1109/conisoft.2019.00034,2019,doi:10.1007/s10723-017-9419-x,Genetic Algorithm for Multi-Objective Optimization of Container Allocation in Cloud Architecture,2017,Journal of Grid Computing,183,8
doi:10.1109/conisoft.2019.00034,2019,doi:10.1109/mascots.2018.00030,"TeaStore: A Micro-Service Reference Application for Benchmarking, Modeling and Resource Management Research",2018,"IEEE/ACM International Symposium on Modeling, Analysis, and Simulation On Computer and Telecommunication Systems",146,10
doi:10.1109/conisoft.2019.00034,2019,doi:10.1109/icdcs.2016.11,Gremlin: Systematic Resilience Testing of Microservices,2016,IEEE International Conference on Distributed Computing Systems,136,12
doi:10.1109/conisoft.2019.00034,2019,doi:10.1109/ms.2017.24,"Microservices in Practice, Part 1: Reality Check and Service Design",2017,IEEE Software,123,14
doi:10.1109/conisoft.2019.00034,2019,doi:10.1002/cpe.4436,A survey on security issues in services communication of Microservices‐enabled fog applications,2019,Concurrency and Computation,120,15
doi:10.1109/conisoft.2019.00034,2019,doi:10.1109/ms.2018.2141035,Using Microservices for Legacy Software Modernization,2018,IEEE Software,114,17
doi:10.1109/conisoft.2019.00034,2019,doi:10.1016/j.infsof.2021.106600,From Monolithic Systems to Microservices: An Assessment Framework,2019,Information and Software Technology,111,18
doi:10.1109/conisoft.2019.00034,2019,doi:10.1109/cloud.2018.00148,Deploying Microservice Based Applications with Kubernetes: Experiments and Lessons Learned,2018,IEEE International Conference on Cloud Computing,102,19
doi:10.1109/conisoft.2019.00034,2019,ss:00025f8caf92b2e737027790b36c82208d9c1ac7,"Circuit Breakers, Discovery, and API Gateways in Microservices",2016,arXiv.org,99,21
doi:10.1109/conisoft.2019.00034,2019,doi:10.1007/s11227-018-2345-2,Resource optimization of container orchestration: a case study in multi-cloud microservices-based applications,2018,Journal of Supercomputing,97,22
doi:10.1109/conisoft.2019.00034,2019,doi:10.1109/icsa-c.2019.00041,"Microservices in Industry: Insights into Technologies, Characteristics, and Software Quality",2019,2019 IEEE International Conference on Software Architecture Companion (ICSA-C),94,23
doi:10.1109/conisoft.2019.00034,2019,doi:10.1109/icsaw.2017.48,Towards Recovering the Software Architecture of Microservice-Based Systems,2017,IEEE International Conference on Software Architecture Workshops,93,24
doi:10.1109/conisoft.2019.00034,2019,doi:10.1109/ms.2015.11,Microservices,2015,IEEE Software,92,25
doi:10.1109/conisoft.2019.00034,2019,doi:10.1002/spe.2704,SmartHerd management: A microservices‐based fog computing–assisted IoT platform towards data‐driven smart dairy farming,2019,"Software, Practice & Experience",92,26
doi:10.1109/conisoft.2019.00034,2019,doi:10.1109/jiot.2018.2792940,Microservices Scheduling Model Over Heterogeneous Cloud-Edge Environments As Support for IoT Applications,2018,IEEE Internet of Things Journal,88,27
doi:10.1109/conisoft.2019.00034,2019,doi:10.1109/isc2.2018.8656968,A Microservice-enabled Architecture for Smart Surveillance using Blockchain Technology,2018,2018 IEEE International Smart Cities Conference (ISC2),86,28
doi:10.1109/conisoft.2019.00034,2019,doi:10.1109/infocom.2018.8486300,Load Balancing Across Microservices,2018,IEEE Conference on Computer Communications,85,29
doi:10.1109/tse.2025.3603897,2025,ss:0174c967eeea5a0c1e8d389c790242cb07424b80,Building Microservices,2015,,793,1
doi:10.1109/tse.2025.3603897,2025,ss:09aaa85c6fe92ec2e894700dc2bab4d481c5b27d,FIRM: An Intelligent Fine-Grained Resource Management Framework for SLO-Oriented Microservices,2020,USENIX Symposium on Operating Systems Design and Implementation,350,2
doi:10.1109/tse.2025.3603897,2025,doi:10.1145/3338906.3338961,Latent error prediction and fault localization for microservice applications by learning from system trace logs,2019,ESEC/SIGSOFT FSE,263,3
doi:10.1109/tse.2025.3603897,2025,doi:10.1109/access.2019.2911732,"Container Security: Issues, Challenges, and the Road Ahead",2019,IEEE Access,245,4
doi:10.1109/tse.2025.3603897,2025,doi:10.1145/3501297,Anomaly Detection and Failure Root Cause Analysis in (Micro) Service-Based Cloud Applications: A Survey,2021,ACM Computing Surveys,233,5
doi:10.1109/tse.2025.3603897,2025,doi:10.1109/icsaw.2017.11,"Microservice Architectures for Scalability, Agility and Reliability in E-Commerce",2017,IEEE International Conference on Software Architecture Workshops,216,6
doi:10.1109/tse.2025.3603897,2025,doi:10.1016/j.jss.2019.01.001,Architecting with microservices: A systematic mapping study,2019,Journal of Systems and Software,207,7
doi:10.1109/tse.2025.3603897,2025,doi:10.1007/s10723-017-9419-x,Genetic Algorithm for Multi-Objective Optimization of Container Allocation in Cloud Architecture,2017,Journal of Grid Computing,183,8
doi:10.1109/tse.2025.3603897,2025,doi:10.1109/iwqos52092.2021.9521340,Practical Root Cause Localization for Microservice Systems via Trace Analysis,2021,International Workshop on Quality of Service,161,9
doi:10.1109/tse.2025.3603897,2025,doi:10.1109/mascots.2018.00030,"TeaStore: A Micro-Service Reference Application for Benchmarking, Modeling and Resource Management Research",2018,"IEEE/ACM International Symposium on Modeling, Analysis, and Simulation On Computer and Telecommunication Systems",146,10
doi:10.1109/tse.2025.3603897,2025,doi:10.52202/068431-2259,Root Cause Analysis of Failures in Microservices through Causal Discovery,2022,Neural Information Processing Systems,140,11
doi:10.1109/tse.2025.3603897,2025,doi:10.1109/icdcs.2016.11,Gremlin: Systematic Resilience Testing of Microservices,2016,IEEE International Conference on Distributed Computing Systems,136,12
doi:10.1109/tse.2025.3603897,2025,doi:10.1109/tpds.2021.3128037,Adaptive Resource Efficient Microservice Deployment in Cloud-Edge Continuum,2022,IEEE Transactions on Parallel and Distributed Systems,127,13
doi:10.1109/tse.2025.3603897,2025,doi:10.1109/ms.2017.24,"Microservices in Practice, Part 1: Reality Check and Service Design",2017,IEEE Software,123,14
doi:10.1109/tse.2025.3603897,2025,doi:10.1002/cpe.4436,A survey on security issues in services communication of Microservices‐enabled fog applications,2019,Concurrency and Computation,120,15
doi:10.1109/tse.2025.3603897,2025,doi:10.1016/j.iot.2023.100784,FedSDM: Federated learning based smart decision making module for ECG data in IoT integrated Edge-Fog-Cloud computing environments,2023,Internet of Things,117,16
doi:10.1109/tse.2025.3603897,2025,doi:10.1109/ms.2018.2141035,Using Microservices for Legacy Software Modernization,2018,IEEE Software,114,17
doi:10.1109/tse.2025.3603897,2025,doi:10.1016/j.infsof.2021.106600,From Monolithic Systems to Microservices: An Assessment Framework,2019,Information and Software Technology,111,18
doi:10.1109/tse.2025.3603897,2025,doi:10.1109/cloud.2018.00148,Deploying Microservice Based Applications with Kubernetes: Experiments and Lessons Learned,2018,IEEE International Conference on Cloud Computing,102,19
doi:10.1109/tse.2025.3603897,2025,doi:10.1109/ase51524.2021.9678708,Groot: An Event-graph-based Approach for Root Cause Analysis in Industrial Settings,2021,International Conference on Automated Software Engineering,100,20
doi:10.1109/tse.2025.3603897,2025,ss:00025f8caf92b2e737027790b36c82208d9c1ac7,"Circuit Breakers, Discovery, and API Gateways in Microservices",2016,arXiv.org,99,21
doi:10.1109/tse.2025.3603897,2025,doi:10.1007/s11227-018-2345-2,Resource optimization of container orchestration: a case study in multi-cloud microservices-based applications,2018,Journal of Supercomputing,97,22
doi:10.1109/tse.2025.3603897,2025,doi:10.1109/icsa-c.2019.00041,"Microservices in Industry: Insights into Technologies, Characteristics, and Software Quality",2019,2019 IEEE International Conference on Software Architecture Companion (ICSA-C),94,23
doi:10.1109/tse.2025.3603897,2025,doi:10.1109/icsaw.2017.48,Towards Recovering the Software Architecture of Microservice-Based Systems,2017,IEEE International Conference on Software Architecture Workshops,93,24
doi:10.1109/tse.2025.3603897,2025,doi:10.1109/ms.2015.11,Microservices,2015,IEEE Software,92,25
doi:10.1109/tse.2025.3603897,2025,doi:10.1002/spe.2704,SmartHerd management: A microservices‐based fog computing–assisted IoT platform towards data‐driven smart dairy farming,2019,"Software, Practice & Experience",92,26
doi:10.1109/tse.2025.3603897,2025,doi:10.1109/jiot.2018.2792940,Microservices Scheduling Model Over Heterogeneous Cloud-Edge Environments As Support for IoT Applications,2018,IEEE Internet of Things Journal,88,27
doi:10.1109/tse.2025.3603897,2025,doi:10.1109/isc2.2018.8656968,A Microservice-enabled Architecture for Smart Surveillance using Blockchain Technology,2018,2018 IEEE International Smart Cities Conference (ISC2),86,28
doi:10.1109/tse.2025.3603897,2025,doi:10.1109/infocom.2018.8486300,Load Balancing Across Microservices,2018,IEEE Conference on Computer Communications,85,29
doi:10.1109/tse.2025.3603897,2025,doi:10.1145/3485983.3494866,GRAF: a graph neural network based proactive resource allocation framework for SLO-oriented microservices,2021,Conference on Emerging Network Experiment and Technology,83,30
ss:5919c846bd909c3676afa212fdb8ce629b1bd290,2020,ss:0174c967eeea5a0c1e8d389c790242cb07424b80,Building Microservices,2015,,793,1
ss:5919c846bd909c3676afa212fdb8ce629b1bd290,2020,ss:09aaa85c6fe92ec2e894700dc2bab4d481c5b27d,FIRM: An Intelligent Fine-Grained Resource Management Framework for SLO-Oriented Microservices,2020,USENIX Symposium on Operating Systems Design and Implementation,350,2
ss:5919c846bd909c3676afa212fdb8ce629b1bd290,2020,doi:10.1145/3338906.3338961,Latent error prediction and fault localization for microservice applications by learning from system trace logs,2019,ESEC/SIGSOFT FSE,263,3
ss:5919c846bd909c3676afa212fdb8ce629b1bd290,2020,doi:10.1109/access.2019.2911732,"Container Security: Issues, Challenges, and the Road Ahead",2019,IEEE Access,245,4
ss:5919c846bd909c3676afa212fdb8ce629b1bd290,2020,doi:10.1109/icsaw.2017.11,"Microservice Architectures for Scalability, Agility and Reliability in E-Commerce",2017,IEEE International Conference on Software Architecture Workshops,216,6
ss:5919c846bd909c3676afa212fdb8ce629b1bd290,2020,doi:10.1016/j.jss.2019.01.001,Architecting with microservices: A systematic mapping study,2019,Journal of Systems and Software,207,7
ss:5919c846bd909c3676afa212fdb8ce629b1bd290,2020,doi:10.1007/s10723-017-9419-x,Genetic Algorithm for Multi-Objective Optimization of Container Allocation in Cloud Architecture,2017,Journal of Grid Computing,183,8
ss:5919c846bd909c3676afa212fdb8ce629b1bd290,2020,doi:10.1109/mascots.2018.00030,"TeaStore: A Micro-Service Reference Application for Benchmarking, Modeling and Resource Management Research",2018,"IEEE/ACM International Symposium on Modeling, Analysis, and Simulation On Computer and Telecommunication Systems",146,10
ss:5919c846bd909c3676afa212fdb8ce629b1bd290,2020,doi:10.1109/icdcs.2016.11,Gremlin: Systematic Resilience Testing of Microservices,2016,IEEE International Conference on Distributed Computing Systems,136,12
ss:5919c846bd909c3676afa212fdb8ce629b1bd290,2020,doi:10.1109/ms.2017.24,"Microservices in Practice, Part 1: Reality Check and Service Design",2017,IEEE Software,123,14
ss:5919c846bd909c3676afa212fdb8ce629b1bd290,2020,doi:10.1002/cpe.4436,A survey on security issues in services communication of Microservices‐enabled fog applications,2019,Concurrency and Computation,120,15
ss:5919c846bd909c3676afa212fdb8ce629b1bd290,2020,doi:10.1109/ms.2018.2141035,Using Microservices for Legacy Software Modernization,2018,IEEE Software,114,17
ss:5919c846bd909c3676afa212fdb8ce629b1bd290,2020,doi:10.1016/j.infsof.2021.106600,From Monolithic Systems to Microservices: An Assessment Framework,2019,Information and Software Technology,111,18
ss:5919c846bd909c3676afa212fdb8ce629b1bd290,2020,doi:10.1109/cloud.2018.00148,Deploying Microservice Based Applications with Kubernetes: Experiments and Lessons Learned,2018,IEEE International Conference on Cloud Computing,102,19
ss:5919c846bd909c3676afa212fdb8ce629b1bd290,2020,ss:00025f8caf92b2e737027790b36c82208d9c1ac7,"Circuit Breakers, Discovery, and API Gateways in Microservices",2016,arXiv.org,99,21
ss:5919c846bd909c3676afa212fdb8ce629b1bd290,2020,doi:10.1007/s11227-018-2345-2,Resource optimization of container orchestration: a case study in multi-cloud microservices-based applications,2018,Journal of Supercomputing,97,22
ss:5919c846bd909c3676afa212fdb8ce629b1bd290,2020,doi:10.1109/icsa-c.2019.00041,"Microservices in Industry: Insights into Technologies, Characteristics, and Software Quality",2019,2019 IEEE International Conference on Software Architecture Companion (ICSA-C),94,23
ss:5919c846bd909c3676afa212fdb8ce629b1bd290,2020,doi:10.1109/icsaw.2017.48,Towards Recovering the Software Architecture of Microservice-Based Systems,2017,IEEE International Conference on Software Architecture Workshops,93,24
ss:5919c846bd909c3676afa212fdb8ce629b1bd290,2020,doi:10.1109/ms.2015.11,Microservices,2015,IEEE Software,92,25
ss:5919c846bd909c3676afa212fdb8ce629b1bd290,2020,doi:10.1002/spe.2704,SmartHerd management: A microservices‐based fog computing–assisted IoT platform towards data‐driven smart dairy farming,2019,"Software, Practice & Experience",92,26
ss:5919c846bd909c3676afa212fdb8ce629b1bd290,2020,doi:10.1109/jiot.2018.2792940,Microservices Scheduling Model Over Heterogeneous Cloud-Edge Environments As Support for IoT Applications,2018,IEEE Internet of Things Journal,88,27
ss:5919c846bd909c3676afa212fdb8ce629b1bd290,2020,doi:10.1109/isc2.2018.8656968,A Microservice-enabled Architecture for Smart Surveillance using Blockchain Technology,2018,2018 IEEE International Smart Cities Conference (ISC2),86,28
ss:5919c846bd909c3676afa212fdb8ce629b1bd290,2020,doi:10.1109/infocom.2018.8486300,Load Balancing Across Microservices,2018,IEEE Conference on Computer Communications,85,29
doi:10.1109/inciscos49368.2019.00056,2019,ss:0174c967eeea5a0c1e8d389c790242cb07424b80,Building Microservices,2015,,793,1
doi:10.1109/inciscos49368.2019.00056,2019,doi:10.1145/3338906.3338961,Latent error prediction and fault localization for microservice applications by learning from system trace logs,2019,ESEC/SIGSOFT FSE,263,3
doi:10.1109/inciscos49368.2019.00056,2019,doi:10.1109/access.2019.2911732,"Container Security: Issues, Challenges, and the Road Ahead",2019,IEEE Access,245,4
doi:10.1109/inciscos49368.2019.00056,2019,doi:10.1109/icsaw.2017.11,"Microservice Architectures for Scalability, Agility and Reliability in E-Commerce",2017,IEEE International Conference on Software Architecture Workshops,216,6
doi:10.1109/inciscos49368.2019.00056,2019,doi:10.1016/j.jss.2019.01.001,Architecting with microservices: A systematic mapping study,2019,Journal of Systems and Software,207,7
doi:10.1109/inciscos49368.2019.00056,2019,doi:10.1007/s10723-017-9419-x,Genetic Algorithm for Multi-Objective Optimization of Container Allocation in Cloud Architecture,2017,Journal of Grid Computing,183,8
doi:10.1109/inciscos49368.2019.00056,2019,doi:10.1109/mascots.2018.00030,"TeaStore: A Micro-Service Reference Application for Benchmarking, Modeling and Resource Management Research",2018,"IEEE/ACM International Symposium on Modeling, Analysis, and Simulation On Computer and Telecommunication Systems",146,10
doi:10.1109/inciscos49368.2019.00056,2019,doi:10.1109/icdcs.2016.11,Gremlin: Systematic Resilience Testing of Microservices,2016,IEEE International Conference on Distributed Computing Systems,136,12
doi:10.1109/inciscos49368.2019.00056,2019,doi:10.1109/ms.2017.24,"Microservices in Practice, Part 1: Reality Check and Service Design",2017,IEEE Software,123,14
doi:10.1109/inciscos49368.2019.00056,2019,doi:10.1002/cpe.4436,A survey on security issues in services communication of Microservices‐enabled fog applications,2019,Concurrency and Computation,120,15
doi:10.1109/inciscos49368.2019.00056,2019,doi:10.1109/ms.2018.2141035,Using Microservices for Legacy Software Modernization,2018,IEEE Software,114,17
doi:10.1109/inciscos49368.2019.00056,2019,doi:10.1016/j.infsof.2021.106600,From Monolithic Systems to Microservices: An Assessment Framework,2019,Information and Software Technology,111,18
doi:10.1109/inciscos49368.2019.00056,2019,doi:10.1109/cloud.2018.00148,Deploying Microservice Based Applications with Kubernetes: Experiments and Lessons Learned,2018,IEEE International Conference on Cloud Computing,102,19
doi:10.1109/inciscos49368.2019.00056,2019,ss:00025f8caf92b2e737027790b36c82208d9c1ac7,"Circuit Breakers, Discovery, and API Gateways in Microservices",2016,arXiv.org,99,21
doi:10.1109/inciscos49368.2019.00056,2019,doi:10.1007/s11227-018-2345-2,Resource optimization of container orchestration: a case study in multi-cloud microservices-based applications,2018,Journal of Supercomputing,97,22
doi:10.1109/inciscos49368.2019.00056,2019,doi:10.1109/icsa-c.2019.00041,"Microservices in Industry: Insights into Technologies, Characteristics, and Software Quality",2019,2019 IEEE International Conference on Software Architecture Companion (ICSA-C),94,23
doi:10.1109/inciscos49368.2019.00056,2019,doi:10.1109/icsaw.2017.48,Towards Recovering the Software Architecture of Microservice-Based Systems,2017,IEEE International Conference on Software Architecture Workshops,93,24
doi:10.1109/inciscos49368.2019.00056,2019,doi:10.1109/ms.2015.11,Microservices,2015,IEEE Software,92,25
doi:10.1109/inciscos49368.2019.00056,2019,doi:10.1002/spe.2704,SmartHerd management: A microservices‐based fog computing–assisted IoT platform towards data‐driven smart dairy farming,2019,"Software, Practice & Experience",92,26
doi:10.1109/inciscos49368.2019.00056,2019,doi:10.1109/jiot.2018.2792940,Microservices Scheduling Model Over Heterogeneous Cloud-Edge Environments As Support for IoT Applications,2018,IEEE Internet of Things Journal,88,27
doi:10.1109/inciscos49368.2019.00056,2019,doi:10.1109/isc2.2018.8656968,A Microservice-enabled Architecture for Smart Surveillance using Blockchain Technology,2018,2018 IEEE International Smart Cities Conference (ISC2),86,28
doi:10.1109/inciscos49368.2019.00056,2019,doi:10.1109/infocom.2018.8486300,Load Balancing Across Microservices,2018,IEEE Conference on Computer Communications,85,29
doi:10.21275/es24809100005,2024,ss:0174c967eeea5a0c1e8d389c790242cb07424b80,Building Microservices,2015,,793,1
doi:10.21275/es24809100005,2024,ss:09aaa85c6fe92ec2e894700dc2bab4d481c5b27d,FIRM: An Intelligent Fine-Grained Resource Management Framework for SLO-Oriented Microservices,2020,USENIX Symposium on Operating Systems Design and Implementation,350,2
doi:10.21275/es24809100005,2024,doi:10.1145/3338906.3338961,Latent error prediction and fault localization for microservice applications by learning from system trace logs,2019,ESEC/SIGSOFT FSE,263,3
doi:10.21275/es24809100005,2024,doi:10.1109/access.2019.2911732,"Container Security: Issues, Challenges, and the Road Ahead",2019,IEEE Access,245,4
doi:10.21275/es24809100005,2024,doi:10.1145/3501297,Anomaly Detection and Failure Root Cause Analysis in (Micro) Service-Based Cloud Applications: A Survey,2021,ACM Computing Surveys,233,5
doi:10.21275/es24809100005,2024,doi:10.1109/icsaw.2017.11,"Microservice Architectures for Scalability, Agility and Reliability in E-Commerce",2017,IEEE International Conference on Software Architecture Workshops,216,6
doi:10.21275/es24809100005,2024,doi:10.1016/j.jss.2019.01.001,Architecting with microservices: A systematic mapping study,2019,Journal of Systems and Software,207,7
doi:10.21275/es24809100005,2024,doi:10.1007/s10723-017-9419-x,Genetic Algorithm for Multi-Objective Optimization of Container Allocation in Cloud Architecture,2017,Journal of Grid Computing,183,8
doi:10.21275/es24809100005,2024,doi:10.1109/iwqos52092.2021.9521340,Practical Root Cause Localization for Microservice Systems via Trace Analysis,2021,International Workshop on Quality of Service,161,9
doi:10.21275/es24809100005,2024,doi:10.1109/mascots.2018.00030,"TeaStore: A Micro-Service Reference Application for Benchmarking, Modeling and Resource Management Research",2018,"IEEE/ACM International Symposium on Modeling, Analysis, and Simulation On Computer and Telecommunication Systems",146,10
doi:10.21275/es24809100005,2024,doi:10.52202/068431-2259,Root Cause Analysis of Failures in Microservices through Causal Discovery,2022,Neural Information Processing Systems,140,11
doi:10.21275/es24809100005,2024,doi:10.1109/icdcs.2016.11,Gremlin: Systematic Resilience Testing of Microservices,2016,IEEE International Conference on Distributed Computing Systems,136,12
doi:10.21275/es24809100005,2024,doi:10.1109/tpds.2021.3128037,Adaptive Resource Efficient Microservice Deployment in Cloud-Edge Continuum,2022,IEEE Transactions on Parallel and Distributed Systems,127,13
doi:10.21275/es24809100005,2024,doi:10.1109/ms.2017.24,"Microservices in Practice, Part 1: Reality Check and Service Design",2017,IEEE Software,123,14
doi:10.21275/es24809100005,2024,doi:10.1002/cpe.4436,A survey on security issues in services communication of Microservices‐enabled fog applications,2019,Concurrency and Computation,120,15
doi:10.21275/es24809100005,2024,doi:10.1016/j.iot.2023.100784,FedSDM: Federated learning based smart decision making module for ECG data in IoT integrated Edge-Fog-Cloud computing environments,2023,Internet of Things,117,16
doi:10.21275/es24809100005,2024,doi:10.1109/ms.2018.2141035,Using Microservices for Legacy Software Modernization,2018,IEEE Software,114,17
doi:10.21275/es24809100005,2024,doi:10.1016/j.infsof.2021.106600,From Monolithic Systems to Microservices: An Assessment Framework,2019,Information and Software Technology,111,18
doi:10.21275/es24809100005,2024,doi:10.1109/cloud.2018.00148,Deploying Microservice Based Applications with Kubernetes: Experiments and Lessons Learned,2018,IEEE International Conference on Cloud Computing,102,19
doi:10.21275/es24809100005,2024,doi:10.1109/ase51524.2021.9678708,Groot: An Event-graph-based Approach for Root Cause Analysis in Industrial Settings,2021,International Conference on Automated Software Engineering,100,20
doi:10.21275/es24809100005,2024,ss:00025f8caf92b2e737027790b36c82208d9c1ac7,"Circuit Breakers, Discovery, and API Gateways in Microservices",2016,arXiv.org,99,21
doi:10.21275/es24809100005,2024,doi:10.1007/s11227-018-2345-2,Resource optimization of container orchestration: a case study in multi-cloud microservices-based applications,2018,Journal of Supercomputing,97,22
doi:10.21275/es24809100005,2024,doi:10.1109/icsa-c.2019.00041,"Microservices in Industry: Insights into Technologies, Characteristics, and Software Quality",2019,2019 IEEE International Conference on Software Architecture Companion (ICSA-C),94,23
doi:10.21275/es24809100005,2024,doi:10.1109/icsaw.2017.48,Towards Recovering the Software Architecture of Microservice-Based Systems,2017,IEEE International Conference on Software Architecture Workshops,93,24
doi:10.21275/es24809100005,2024,doi:10.1109/ms.2015.11,Microservices,2015,IEEE Software,92,25
doi:10.21275/es24809100005,2024,doi:10.1002/spe.2704,SmartHerd management: A microservices‐based fog computing–assisted IoT platform towards data‐driven smart dairy farming,2019,"Software, Practice & Experience",92,26
doi:10.21275/es24809100005,2024,doi:10.1109/jiot.2018.2792940,Microservices Scheduling Model Over Heterogeneous Cloud-Edge Environments As Support for IoT Applications,2018,IEEE Internet of Things Journal,88,27
doi:10.21275/es24809100005,2024,doi:10.1109/isc2.2018.8656968,A Microservice-enabled Architecture for Smart Surveillance using Blockchain Technology,2018,2018 IEEE International Smart Cities Conference (ISC2),86,28
doi:10.21275/es24809100005,2024,doi:10.1109/infocom.2018.8486300,Load Balancing Across Microservices,2018,IEEE Conference on Computer Communications,85,29
doi:10.21275/es24809100005,2024,doi:10.1145/3485983.3494866,GRAF: a graph neural network based proactive resource allocation framework for SLO-oriented microservices,2021,Conference on Emerging Network Experiment and Technology,83,30
doi:10.53469/jrse.2025.07(05).01,2025,ss:0174c967eeea5a0c1e8d389c790242cb07424b80,Building Microservices,2015,,793,1
doi:10.53469/jrse.2025.07(05).01,2025,ss:09aaa85c6fe92ec2e894700dc2bab4d481c5b27d,FIRM: An Intelligent Fine-Grained Resource Management Framework for SLO-Oriented Microservices,2020,USENIX Symposium on Operating Systems Design and Implementation,350,2
doi:10.53469/jrse.2025.07(05).01,2025,doi:10.1145/3338906.3338961,Latent error prediction and fault localization for microservice applications by learning from system trace logs,2019,ESEC/SIGSOFT FSE,263,3
doi:10.53469/jrse.2025.07(05).01,2025,doi:10.1109/access.2019.2911732,"Container Security: Issues, Challenges, and the Road Ahead",2019,IEEE Access,245,4
doi:10.53469/jrse.2025.07(05).01,2025,doi:10.1145/3501297,Anomaly Detection and Failure Root Cause Analysis in (Micro) Service-Based Cloud Applications: A Survey,2021,ACM Computing Surveys,233,5
doi:10.53469/jrse.2025.07(05).01,2025,doi:10.1109/icsaw.2017.11,"Microservice Architectures for Scalability, Agility and Reliability in E-Commerce",2017,IEEE International Conference on Software Architecture Workshops,216,6
doi:10.53469/jrse.2025.07(05).01,2025,doi:10.1016/j.jss.2019.01.001,Architecting with microservices: A systematic mapping study,2019,Journal of Systems and Software,207,7
doi:10.53469/jrse.2025.07(05).01,2025,doi:10.1007/s10723-017-9419-x,Genetic Algorithm for Multi-Objective Optimization of Container Allocation in Cloud Architecture,2017,Journal of Grid Computing,183,8
doi:10.53469/jrse.2025.07(05).01,2025,doi:10.1109/iwqos52092.2021.9521340,Practical Root Cause Localization for Microservice Systems via Trace Analysis,2021,International Workshop on Quality of Service,161,9
doi:10.53469/jrse.2025.07(05).01,2025,doi:10.1109/mascots.2018.00030,"TeaStore: A Micro-Service Reference Application for Benchmarking, Modeling and Resource Management Research",2018,"IEEE/ACM International Symposium on Modeling, Analysis, and Simulation On Computer and Telecommunication Systems",146,10
doi:10.53469/jrse.2025.07(05).01,2025,doi:10.52202/068431-2259,Root Cause Analysis of Failures in Microservices through Causal Discovery,2022,Neural Information Processing Systems,140,11
doi:10.53469/jrse.2025.07(05).01,2025,doi:10.1109/icdcs.2016.11,Gremlin: Systematic Resilience Testing of Microservices,2016,IEEE International Conference on Distributed Computing Systems,136,12
doi:10.53469/jrse.2025.07(05).01,2025,doi:10.1109/tpds.2021.3128037,Adaptive Resource Efficient Microservice Deployment in Cloud-Edge Continuum,2022,IEEE Transactions on Parallel and Distributed Systems,127,13
doi:10.53469/jrse.2025.07(05).01,2025,doi:10.1109/ms.2017.24,"Microservices in Practice, Part 1: Reality Check and Service Design",2017,IEEE Software,123,14
doi:10.53469/jrse.2025.07(05).01,2025,doi:10.1002/cpe.4436,A survey on security issues in services communication of Microservices‐enabled fog applications,2019,Concurrency and Computation,120,15
doi:10.53469/jrse.2025.07(05).01,2025,doi:10.1016/j.iot.2023.100784,FedSDM: Federated learning based smart decision making module for ECG data in IoT integrated Edge-Fog-Cloud computing environments,2023,Internet of Things,117,16
doi:10.53469/jrse.2025.07(05).01,2025,doi:10.1109/ms.2018.2141035,Using Microservices for Legacy Software Modernization,2018,IEEE Software,114,17
doi:10.53469/jrse.2025.07(05).01,2025,doi:10.1016/j.infsof.2021.106600,From Monolithic Systems to Microservices: An Assessment Framework,2019,Information and Software Technology,111,18
doi:10.53469/jrse.2025.07(05).01,2025,doi:10.1109/cloud.2018.00148,Deploying Microservice Based Applications with Kubernetes: Experiments and Lessons Learned,2018,IEEE International Conference on Cloud Computing,102,19
doi:10.53469/jrse.2025.07(05).01,2025,doi:10.1109/ase51524.2021.9678708,Groot: An Event-graph-based Approach for Root Cause Analysis in Industrial Settings,2021,International Conference on Automated Software Engineering,100,20
doi:10.53469/jrse.2025.07(05).01,2025,ss:00025f8caf92b2e737027790b36c82208d9c1ac7,"Circuit Breakers, Discovery, and API Gateways in Microservices",2016,arXiv.org,99,21
doi:10.53469/jrse.2025.07(05).01,2025,doi:10.1007/s11227-018-2345-2,Resource optimization of container orchestration: a case study in multi-cloud microservices-based applications,2018,Journal of Supercomputing,97,22
doi:10.53469/jrse.2025.07(05).01,2025,doi:10.1109/icsa-c.2019.00041,"Microservices in Industry: Insights into Technologies, Characteristics, and Software Quality",2019,2019 IEEE International Conference on Software Architecture Companion (ICSA-C),94,23
doi:10.53469/jrse.2025.07(05).01,2025,doi:10.1109/icsaw.2017.48,Towards Recovering the Software Architecture of Microservice-Based Systems,2017,IEEE International Conference on Software Architecture Workshops,93,24
doi:10.53469/jrse.2025.07(05).01,2025,doi:10.1109/ms.2015.11,Microservices,2015,IEEE Software,92,25
doi:10.53469/jrse.2025.07(05).01,2025,doi:10.1002/spe.2704,SmartHerd management: A microservices‐based fog computing–assisted IoT platform towards data‐driven smart dairy farming,2019,"Software, Practice & Experience",92,26
doi:10.53469/jrse.2025.07(05).01,2025,doi:10.1109/jiot.2018.2792940,Microservices Scheduling Model Over Heterogeneous Cloud-Edge Environments As Support for IoT Applications,2018,IEEE Internet of Things Journal,88,27
doi:10.53469/jrse.2025.07(05).01,2025,doi:10.1109/isc2.2018.8656968,A Microservice-enabled Architecture for Smart Surveillance using Blockchain Technology,2018,2018 IEEE International Smart Cities Conference (ISC2),86,28
doi:10.53469/jrse.2025.07(05).01,2025,doi:10.1109/infocom.2018.8486300,Load Balancing Across Microservices,2018,IEEE Conference on Computer Communications,85,29
doi:10.53469/jrse.2025.07(05).01,2025,doi:10.1145/3485983.3494866,GRAF: a graph neural network based proactive resource allocation framework for SLO-oriented microservices,2021,Conference on Emerging Network Experiment and Technology,83,30
doi:10.1109/conisoft63288.2024.00026,2024,ss:0174c967eeea5a0c1e8d389c790242cb07424b80,Building Microservices,2015,,793,1
doi:10.1109/conisoft63288.2024.00026,2024,ss:09aaa85c6fe92ec2e894700dc2bab4d481c5b27d,FIRM: An Intelligent Fine-Grained Resource Management Framework for SLO-Oriented Microservices,2020,USENIX Symposium on Operating Systems Design and Implementation,350,2
doi:10.1109/conisoft63288.2024.00026,2024,doi:10.1145/3338906.3338961,Latent error prediction and fault localization for microservice applications by learning from system trace logs,2019,ESEC/SIGSOFT FSE,263,3
doi:10.1109/conisoft63288.2024.00026,2024,doi:10.1109/access.2019.2911732,"Container Security: Issues, Challenges, and the Road Ahead",2019,IEEE Access,245,4
doi:10.1109/conisoft63288.2024.00026,2024,doi:10.1145/3501297,Anomaly Detection and Failure Root Cause Analysis in (Micro) Service-Based Cloud Applications: A Survey,2021,ACM Computing Surveys,233,5
doi:10.1109/conisoft63288.2024.00026,2024,doi:10.1109/icsaw.2017.11,"Microservice Architectures for Scalability, Agility and Reliability in E-Commerce",2017,IEEE International Conference on Software Architecture Workshops,216,6
doi:10.1109/conisoft63288.2024.00026,2024,doi:10.1016/j.jss.2019.01.001,Architecting with microservices: A systematic mapping study,2019,Journal of Systems and Software,207,7
doi:10.1109/conisoft63288.2024.00026,2024,doi:10.1007/s10723-017-9419-x,Genetic Algorithm for Multi-Objective Optimization of Container Allocation in Cloud Architecture,2017,Journal of Grid Computing,183,8
doi:10.1109/conisoft63288.2024.00026,2024,doi:10.1109/iwqos52092.2021.9521340,Practical Root Cause Localization for Microservice Systems via Trace Analysis,2021,International Workshop on Quality of Service,161,9
doi:10.1109/conisoft63288.2024.00026,2024,doi:10.1109/mascots.2018.00030,"TeaStore: A Micro-Service Reference Application for Benchmarking, Modeling and Resource Management Research",2018,"IEEE/ACM International Symposium on Modeling, Analysis, and Simulation On Computer and Telecommunication Systems",146,10
doi:10.1109/conisoft63288.2024.00026,2024,doi:10.52202/068431-2259,Root Cause Analysis of Failures in Microservices through Causal Discovery,2022,Neural Information Processing Systems,140,11
doi:10.1109/conisoft63288.2024.00026,2024,doi:10.1109/icdcs.2016.11,Gremlin: Systematic Resilience Testing of Microservices,2016,IEEE International Conference on Distributed Computing Systems,136,12
doi:10.1109/conisoft63288.2024.00026,2024,doi:10.1109/tpds.2021.3128037,Adaptive Resource Efficient Microservice Deployment in Cloud-Edge Continuum,2022,IEEE Transactions on Parallel and Distributed Systems,127,13
doi:10.1109/conisoft63288.2024.00026,2024,doi:10.1109/ms.2017.24,"Microservices in Practice, Part 1: Reality Check and Service Design",2017,IEEE Software,123,14
doi:10.1109/conisoft63288.2024.00026,2024,doi:10.1002/cpe.4436,A survey on security issues in services communication of Microservices‐enabled fog applications,2019,Concurrency and Computation,120,15
doi:10.1109/conisoft63288.2024.00026,2024,doi:10.1016/j.iot.2023.100784,FedSDM: Federated learning based smart decision making module for ECG data in IoT integrated Edge-Fog-Cloud computing environments,2023,Internet of Things,117,16
doi:10.1109/conisoft63288.2024.00026,2024,doi:10.1109/ms.2018.2141035,Using Microservices for Legacy Software Modernization,2018,IEEE Software,114,17
doi:10.1109/conisoft63288.2024.00026,2024,doi:10.1016/j.infsof.2021.106600,From Monolithic Systems to Microservices: An Assessment Framework,2019,Information and Software Technology,111,18
doi:10.1109/conisoft63288.2024.00026,2024,doi:10.1109/cloud.2018.00148,Deploying Microservice Based Applications with Kubernetes: Experiments and Lessons Learned,2018,IEEE International Conference on Cloud Computing,102,19
doi:10.1109/conisoft63288.2024.00026,2024,doi:10.1109/ase51524.2021.9678708,Groot: An Event-graph-based Approach for Root Cause Analysis in Industrial Settings,2021,International Conference on Automated Software Engineering,100,20
doi:10.1109/conisoft63288.2024.00026,2024,ss:00025f8caf92b2e737027790b36c82208d9c1ac7,"Circuit Breakers, Discovery, and API Gateways in Microservices",2016,arXiv.org,99,21
doi:10.1109/conisoft63288.2024.00026,2024,doi:10.1007/s11227-018-2345-2,Resource optimization of container orchestration: a case study in multi-cloud microservices-based applications,2018,Journal of Supercomputing,97,22
doi:10.1109/conisoft63288.2024.00026,2024,doi:10.1109/icsa-c.2019.00041,"Microservices in Industry: Insights into Technologies, Characteristics, and Software Quality",2019,2019 IEEE International Conference on Software Architecture Companion (ICSA-C),94,23
doi:10.1109/conisoft63288.2024.00026,2024,doi:10.1109/icsaw.2017.48,Towards Recovering the Software Architecture of Microservice-Based Systems,2017,IEEE International Conference on Software Architecture Workshops,93,24
doi:10.1109/conisoft63288.2024.00026,2024,doi:10.1002/spe.2704,SmartHerd management: A microservices‐based fog computing–assisted IoT platform towards data‐driven smart dairy farming,2019,"Software, Practice & Experience",92,26
doi:10.1109/conisoft63288.2024.00026,2024,doi:10.1109/jiot.2018.2792940,Microservices Scheduling Model Over Heterogeneous Cloud-Edge Environments As Support for IoT Applications,2018,IEEE Internet of Things Journal,88,27
doi:10.1109/conisoft63288.2024.00026,2024,doi:10.1109/isc2.2018.8656968,A Microservice-enabled Architecture for Smart Surveillance using Blockchain Technology,2018,2018 IEEE International Smart Cities Conference (ISC2),86,28
doi:10.1109/conisoft63288.2024.00026,2024,doi:10.1109/infocom.2018.8486300,Load Balancing Across Microservices,2018,IEEE Conference on Computer Communications,85,29
doi:10.1109/conisoft63288.2024.00026,2024,doi:10.1145/3485983.3494866,GRAF: a graph neural network based proactive resource allocation framework for SLO-oriented microservices,2021,Conference on Emerging Network Experiment and Technology,83,30
doi:10.15514/ispras-2021-33(1)-6,2021,ss:0174c967eeea5a0c1e8d389c790242cb07424b80,Building Microservices,2015,,793,1
doi:10.15514/ispras-2021-33(1)-6,2021,ss:09aaa85c6fe92ec2e894700dc2bab4d481c5b27d,FIRM: An Intelligent Fine-Grained Resource Management Framework for SLO-Oriented Microservices,2020,USENIX Symposium on Operating Systems Design and Implementation,350,2
doi:10.15514/ispras-2021-33(1)-6,2021,doi:10.1145/3338906.3338961,Latent error prediction and fault localization for microservice applications by learning from system trace logs,2019,ESEC/SIGSOFT FSE,263,3
doi:10.15514/ispras-2021-33(1)-6,2021,doi:10.1109/access.2019.2911732,"Container Security: Issues, Challenges, and the Road Ahead",2019,IEEE Access,245,4
doi:10.15514/ispras-2021-33(1)-6,2021,doi:10.1145/3501297,Anomaly Detection and Failure Root Cause Analysis in (Micro) Service-Based Cloud Applications: A Survey,2021,ACM Computing Surveys,233,5
doi:10.15514/ispras-2021-33(1)-6,2021,doi:10.1109/icsaw.2017.11,"Microservice Architectures for Scalability, Agility and Reliability in E-Commerce",2017,IEEE International Conference on Software Architecture Workshops,216,6
doi:10.15514/ispras-2021-33(1)-6,2021,doi:10.1016/j.jss.2019.01.001,Architecting with microservices: A systematic mapping study,2019,Journal of Systems and Software,207,7
doi:10.15514/ispras-2021-33(1)-6,2021,doi:10.1007/s10723-017-9419-x,Genetic Algorithm for Multi-Objective Optimization of Container Allocation in Cloud Architecture,2017,Journal of Grid Computing,183,8
doi:10.15514/ispras-2021-33(1)-6,2021,doi:10.1109/iwqos52092.2021.9521340,Practical Root Cause Localization for Microservice Systems via Trace Analysis,2021,International Workshop on Quality of Service,161,9
doi:10.15514/ispras-2021-33(1)-6,2021,doi:10.1109/mascots.2018.00030,"TeaStore: A Micro-Service Reference Application for Benchmarking, Modeling and Resource Management Research",2018,"IEEE/ACM International Symposium on Modeling, Analysis, and Simulation On Computer and Telecommunication Systems",146,10
doi:10.15514/ispras-2021-33(1)-6,2021,doi:10.1109/icdcs.2016.11,Gremlin: Systematic Resilience Testing of Microservices,2016,IEEE International Conference on Distributed Computing Systems,136,12
doi:10.15514/ispras-2021-33(1)-6,2021,doi:10.1109/ms.2017.24,"Microservices in Practice, Part 1: Reality Check and Service Design",2017,IEEE Software,123,14
doi:10.15514/ispras-2021-33(1)-6,2021,doi:10.1002/cpe.4436,A survey on security issues in services communication of Microservices‐enabled fog applications,2019,Concurrency and Computation,120,15
doi:10.15514/ispras-2021-33(1)-6,2021,doi:10.1109/ms.2018.2141035,Using Microservices for Legacy Software Modernization,2018,IEEE Software,114,17
doi:10.15514/ispras-2021-33(1)-6,2021,doi:10.1016/j.infsof.2021.106600,From Monolithic Systems to Microservices: An Assessment Framework,2019,Information and Software Technology,111,18
doi:10.15514/ispras-2021-33(1)-6,2021,doi:10.1109/cloud.2018.00148,Deploying Microservice Based Applications with Kubernetes: Experiments and Lessons Learned,2018,IEEE International Conference on Cloud Computing,102,19
doi:10.15514/ispras-2021-33(1)-6,2021,doi:10.1109/ase51524.2021.9678708,Groot: An Event-graph-based Approach for Root Cause Analysis in Industrial Settings,2021,International Conference on Automated Software Engineering,100,20
doi:10.15514/ispras-2021-33(1)-6,2021,ss:00025f8caf92b2e737027790b36c82208d9c1ac7,"Circuit Breakers, Discovery, and API Gateways in Microservices",2016,arXiv.org,99,21
doi:10.15514/ispras-2021-33(1)-6,2021,doi:10.1007/s11227-018-2345-2,Resource optimization of container orchestration: a case study in multi-cloud microservices-based applications,2018,Journal of Supercomputing,97,22
doi:10.15514/ispras-2021-33(1)-6,2021,doi:10.1109/icsa-c.2019.00041,"Microservices in Industry: Insights into Technologies, Characteristics, and Software Quality",2019,2019 IEEE International Conference on Software Architecture Companion (ICSA-C),94,23
doi:10.15514/ispras-2021-33(1)-6,2021,doi:10.1109/icsaw.2017.48,Towards Recovering the Software Architecture of Microservice-Based Systems,2017,IEEE International Conference on Software Architecture Workshops,93,24
doi:10.15514/ispras-2021-33(1)-6,2021,doi:10.1109/ms.2015.11,Microservices,2015,IEEE Software,92,25
doi:10.15514/ispras-2021-33(1)-6,2021,doi:10.1002/spe.2704,SmartHerd management: A microservices‐based fog computing–assisted IoT platform towards data‐driven smart dairy farming,2019,"Software, Practice & Experience",92,26
doi:10.15514/ispras-2021-33(1)-6,2021,doi:10.1109/jiot.2018.2792940,Microservices Scheduling Model Over Heterogeneous Cloud-Edge Environments As Support for IoT Applications,2018,IEEE Internet of Things Journal,88,27
doi:10.15514/ispras-2021-33(1)-6,2021,doi:10.1109/isc2.2018.8656968,A Microservice-enabled Architecture for Smart Surveillance using Blockchain Technology,2018,2018 IEEE International Smart Cities Conference (ISC2),86,28
doi:10.15514/ispras-2021-33(1)-6,2021,doi:10.1109/infocom.2018.8486300,Load Balancing Across Microservices,2018,IEEE Conference on Computer Communications,85,29
doi:10.15514/ispras-2021-33(1)-6,2021,doi:10.1145/3485983.3494866,GRAF: a graph neural network based proactive resource allocation framework for SLO-oriented microservices,2021,Conference on Emerging Network Experiment and Technology,83,30
doi:10.1109/ic2ie60547.2023.10331155,2023,ss:0174c967eeea5a0c1e8d389c790242cb07424b80,Building Microservices,2015,,793,1
doi:10.1109/ic2ie60547.2023.10331155,2023,ss:09aaa85c6fe92ec2e894700dc2bab4d481c5b27d,FIRM: An Intelligent Fine-Grained Resource Management Framework for SLO-Oriented Microservices,2020,USENIX Symposium on Operating Systems Design and Implementation,350,2
doi:10.1109/ic2ie60547.2023.10331155,2023,doi:10.1145/3338906.3338961,Latent error prediction and fault localization for microservice applications by learning from system trace logs,2019,ESEC/SIGSOFT FSE,263,3
doi:10.1109/ic2ie60547.2023.10331155,2023,doi:10.1109/access.2019.2911732,"Container Security: Issues, Challenges, and the Road Ahead",2019,IEEE Access,245,4
doi:10.1109/ic2ie60547.2023.10331155,2023,doi:10.1145/3501297,Anomaly Detection and Failure Root Cause Analysis in (Micro) Service-Based Cloud Applications: A Survey,2021,ACM Computing Surveys,233,5
doi:10.1109/ic2ie60547.2023.10331155,2023,doi:10.1109/icsaw.2017.11,"Microservice Architectures for Scalability, Agility and Reliability in E-Commerce",2017,IEEE International Conference on Software Architecture Workshops,216,6
doi:10.1109/ic2ie60547.2023.10331155,2023,doi:10.1016/j.jss.2019.01.001,Architecting with microservices: A systematic mapping study,2019,Journal of Systems and Software,207,7
doi:10.1109/ic2ie60547.2023.10331155,2023,doi:10.1007/s10723-017-9419-x,Genetic Algorithm for Multi-Objective Optimization of Container Allocation in Cloud Architecture,2017,Journal of Grid Computing,183,8
doi:10.1109/ic2ie60547.2023.10331155,2023,doi:10.1109/iwqos52092.2021.9521340,Practical Root Cause Localization for Microservice Systems via Trace Analysis,2021,International Workshop on Quality of Service,161,9
doi:10.1109/ic2ie60547.2023.10331155,2023,doi:10.1109/mascots.2018.00030,"TeaStore: A Micro-Service Reference Application for Benchmarking, Modeling and Resource Management Research",2018,"IEEE/ACM International Symposium on Modeling, Analysis, and Simulation On Computer and Telecommunication Systems",146,10
doi:10.1109/ic2ie60547.2023.10331155,2023,doi:10.52202/068431-2259,Root Cause Analysis of Failures in Microservices through Causal Discovery,2022,Neural Information Processing Systems,140,11
doi:10.1109/ic2ie60547.2023.10331155,2023,doi:10.1109/icdcs.2016.11,Gremlin: Systematic Resilience Testing of Microservices,2016,IEEE International Conference on Distributed Computing Systems,136,12
doi:10.1109/ic2ie60547.2023.10331155,2023,doi:10.1109/tpds.2021.3128037,Adaptive Resource Efficient Microservice Deployment in Cloud-Edge Continuum,2022,IEEE Transactions on Parallel and Distributed Systems,127,13
doi:10.1109/ic2ie60547.2023.10331155,2023,doi:10.1109/ms.2017.24,"Microservices in Practice, Part 1: Reality Check and Service Design",2017,IEEE Software,123,14
doi:10.1109/ic2ie60547.2023.10331155,2023,doi:10.1002/cpe.4436,A survey on security issues in services communication of Microservices‐enabled fog applications,2019,Concurrency and Computation,120,15
doi:10.1109/ic2ie60547.2023.10331155,2023,doi:10.1016/j.iot.2023.100784,FedSDM: Federated learning based smart decision making module for ECG data in IoT integrated Edge-Fog-Cloud computing environments,2023,Internet of Things,117,16
doi:10.1109/ic2ie60547.2023.10331155,2023,doi:10.1109/ms.2018.2141035,Using Microservices for Legacy Software Modernization,2018,IEEE Software,114,17
doi:10.1109/ic2ie60547.2023.10331155,2023,doi:10.1109/cloud.2018.00148,Deploying Microservice Based Applications with Kubernetes: Experiments and Lessons Learned,2018,IEEE International Conference on Cloud Computing,102,19
doi:10.1109/ic2ie60547.2023.10331155,2023,doi:10.1109/ase51524.2021.9678708,Groot: An Event-graph-based Approach for Root Cause Analysis in Industrial Settings,2021,International Conference on Automated Software Engineering,100,20
doi:10.1109/ic2ie60547.2023.10331155,2023,ss:00025f8caf92b2e737027790b36c82208d9c1ac7,"Circuit Breakers, Discovery, and API Gateways in Microservices",2016,arXiv.org,99,21
doi:10.1109/ic2ie60547.2023.10331155,2023,doi:10.1007/s11227-018-2345-2,Resource optimization of container orchestration: a case study in multi-cloud microservices-based applications,2018,Journal of Supercomputing,97,22
doi:10.1109/ic2ie60547.2023.10331155,2023,doi:10.1109/icsaw.2017.48,Towards Recovering the Software Architecture of Microservice-Based Systems,2017,IEEE International Conference on Software Architecture Workshops,93,24
doi:10.1109/ic2ie60547.2023.10331155,2023,doi:10.1109/ms.2015.11,Microservices,2015,IEEE Software,92,25
doi:10.1109/ic2ie60547.2023.10331155,2023,doi:10.1002/spe.2704,SmartHerd management: A microservices‐based fog computing–assisted IoT platform towards data‐driven smart dairy farming,2019,"Software, Practice & Experience",92,26
doi:10.1109/ic2ie60547.2023.10331155,2023,doi:10.1109/jiot.2018.2792940,Microservices Scheduling Model Over Heterogeneous Cloud-Edge Environments As Support for IoT Applications,2018,IEEE Internet of Things Journal,88,27
doi:10.1109/ic2ie60547.2023.10331155,2023,doi:10.1109/isc2.2018.8656968,A Microservice-enabled Architecture for Smart Surveillance using Blockchain Technology,2018,2018 IEEE International Smart Cities Conference (ISC2),86,28
doi:10.1109/ic2ie60547.2023.10331155,2023,doi:10.1109/infocom.2018.8486300,Load Balancing Across Microservices,2018,IEEE Conference on Computer Communications,85,29
doi:10.1109/ic2ie60547.2023.10331155,2023,doi:10.1145/3485983.3494866,GRAF: a graph neural network based proactive resource allocation framework for SLO-oriented microservices,2021,Conference on Emerging Network Experiment and Technology,83,30
doi:10.1002/smr.2433,2022,ss:0174c967eeea5a0c1e8d389c790242cb07424b80,Building Microservices,2015,,793,1
doi:10.1002/smr.2433,2022,ss:09aaa85c6fe92ec2e894700dc2bab4d481c5b27d,FIRM: An Intelligent Fine-Grained Resource Management Framework for SLO-Oriented Microservices,2020,USENIX Symposium on Operating Systems Design and Implementation,350,2
doi:10.1002/smr.2433,2022,doi:10.1109/access.2019.2911732,"Container Security: Issues, Challenges, and the Road Ahead",2019,IEEE Access,245,4
doi:10.1002/smr.2433,2022,doi:10.1145/3501297,Anomaly Detection and Failure Root Cause Analysis in (Micro) Service-Based Cloud Applications: A Survey,2021,ACM Computing Surveys,233,5
doi:10.1002/smr.2433,2022,doi:10.1109/icsaw.2017.11,"Microservice Architectures for Scalability, Agility and Reliability in E-Commerce",2017,IEEE International Conference on Software Architecture Workshops,216,6
doi:10.1002/smr.2433,2022,doi:10.1016/j.jss.2019.01.001,Architecting with microservices: A systematic mapping study,2019,Journal of Systems and Software,207,7
doi:10.1002/smr.2433,2022,doi:10.1007/s10723-017-9419-x,Genetic Algorithm for Multi-Objective Optimization of Container Allocation in Cloud Architecture,2017,Journal of Grid Computing,183,8
doi:10.1002/smr.2433,2022,doi:10.1109/iwqos52092.2021.9521340,Practical Root Cause Localization for Microservice Systems via Trace Analysis,2021,International Workshop on Quality of Service,161,9
doi:10.1002/smr.2433,2022,doi:10.1109/mascots.2018.00030,"TeaStore: A Micro-Service Reference Application for Benchmarking, Modeling and Resource Management Research",2018,"IEEE/ACM International Symposium on Modeling, Analysis, and Simulation On Computer and Telecommunication Systems",146,10
doi:10.1002/smr.2433,2022,doi:10.52202/068431-2259,Root Cause Analysis of Failures in Microservices through Causal Discovery,2022,Neural Information Processing Systems,140,11
doi:10.1002/smr.2433,2022,doi:10.1109/tpds.2021.3128037,Adaptive Resource Efficient Microservice Deployment in Cloud-Edge Continuum,2022,IEEE Transactions on Parallel and Distributed Systems,127,13
doi:10.1002/smr.2433,2022,doi:10.1109/ms.2017.24,"Microservices in Practice, Part 1: Reality Check and Service Design",2017,IEEE Software,123,14
doi:10.1002/smr.2433,2022,doi:10.1002/cpe.4436,A survey on security issues in services communication of Microservices‐enabled fog applications,2019,Concurrency and Computation,120,15
doi:10.1002/smr.2433,2022,doi:10.1109/ms.2018.2141035,Using Microservices for Legacy Software Modernization,2018,IEEE Software,114,17
doi:10.1002/smr.2433,2022,doi:10.1016/j.infsof.2021.106600,From Monolithic Systems to Microservices: An Assessment Framework,2019,Information and Software Technology,111,18
doi:10.1002/smr.2433,2022,doi:10.1109/cloud.2018.00148,Deploying Microservice Based Applications with Kubernetes: Experiments and Lessons Learned,2018,IEEE International Conference on Cloud Computing,102,19
doi:10.1002/smr.2433,2022,doi:10.1109/ase51524.2021.9678708,Groot: An Event-graph-based Approach for Root Cause Analysis in Industrial Settings,2021,International Conference on Automated Software Engineering,100,20
doi:10.1002/smr.2433,2022,ss:00025f8caf92b2e737027790b36c82208d9c1ac7,"Circuit Breakers, Discovery, and API Gateways in Microservices",2016,arXiv.org,99,21
doi:10.1002/smr.2433,2022,doi:10.1007/s11227-018-2345-2,Resource optimization of container orchestration: a case study in multi-cloud microservices-based applications,2018,Journal of Supercomputing,97,22
doi:10.1002/smr.2433,2022,doi:10.1109/icsa-c.2019.00041,"Microservices in Industry: Insights into Technologies, Characteristics, and Software Quality",2019,2019 IEEE International Conference on Software Architecture Companion (ICSA-C),94,23
doi:10.1002/smr.2433,2022,doi:10.1109/icsaw.2017.48,Towards Recovering the Software Architecture of Microservice-Based Systems,2017,IEEE International Conference on Software Architecture Workshops,93,24
doi:10.1002/smr.2433,2022,doi:10.1002/spe.2704,SmartHerd management: A microservices‐based fog computing–assisted IoT platform towards data‐driven smart dairy farming,2019,"Software, Practice & Experience",92,26
doi:10.1002/smr.2433,2022,doi:10.1109/isc2.2018.8656968,A Microservice-enabled Architecture for Smart Surveillance using Blockchain Technology,2018,2018 IEEE International Smart Cities Conference (ISC2),86,28
doi:10.1002/smr.2433,2022,doi:10.1145/3485983.3494866,GRAF: a graph neural network based proactive resource allocation framework for SLO-oriented microservices,2021,Conference on Emerging Network Experiment and Technology,83,30
doi:10.1134/s0361768825700422,2025,ss:0174c967eeea5a0c1e8d389c790242cb07424b80,Building Microservices,2015,,793,1
doi:10.1134/s0361768825700422,2025,ss:09aaa85c6fe92ec2e894700dc2bab4d481c5b27d,FIRM: An Intelligent Fine-Grained Resource Management Framework for SLO-Oriented Microservices,2020,USENIX Symposium on Operating Systems Design and Implementation,350,2
doi:10.1134/s0361768825700422,2025,doi:10.1109/access.2019.2911732,"Container Security: Issues, Challenges, and the Road Ahead",2019,IEEE Access,245,4
doi:10.1134/s0361768825700422,2025,doi:10.1145/3501297,Anomaly Detection and Failure Root Cause Analysis in (Micro) Service-Based Cloud Applications: A Survey,2021,ACM Computing Surveys,233,5
doi:10.1134/s0361768825700422,2025,doi:10.1109/icsaw.2017.11,"Microservice Architectures for Scalability, Agility and Reliability in E-Commerce",2017,IEEE International Conference on Software Architecture Workshops,216,6
doi:10.1134/s0361768825700422,2025,doi:10.1016/j.jss.2019.01.001,Architecting with microservices: A systematic mapping study,2019,Journal of Systems and Software,207,7
doi:10.1134/s0361768825700422,2025,doi:10.1007/s10723-017-9419-x,Genetic Algorithm for Multi-Objective Optimization of Container Allocation in Cloud Architecture,2017,Journal of Grid Computing,183,8
doi:10.1134/s0361768825700422,2025,doi:10.1109/iwqos52092.2021.9521340,Practical Root Cause Localization for Microservice Systems via Trace Analysis,2021,International Workshop on Quality of Service,161,9
doi:10.1134/s0361768825700422,2025,doi:10.52202/068431-2259,Root Cause Analysis of Failures in Microservices through Causal Discovery,2022,Neural Information Processing Systems,140,11
doi:10.1134/s0361768825700422,2025,doi:10.1109/icdcs.2016.11,Gremlin: Systematic Resilience Testing of Microservices,2016,IEEE International Conference on Distributed Computing Systems,136,12
doi:10.1134/s0361768825700422,2025,doi:10.1109/tpds.2021.3128037,Adaptive Resource Efficient Microservice Deployment in Cloud-Edge Continuum,2022,IEEE Transactions on Parallel and Distributed Systems,127,13
doi:10.1134/s0361768825700422,2025,doi:10.1109/ms.2017.24,"Microservices in Practice, Part 1: Reality Check and Service Design",2017,IEEE Software,123,14
doi:10.1134/s0361768825700422,2025,doi:10.1002/cpe.4436,A survey on security issues in services communication of Microservices‐enabled fog applications,2019,Concurrency and Computation,120,15
doi:10.1134/s0361768825700422,2025,doi:10.1016/j.iot.2023.100784,FedSDM: Federated learning based smart decision making module for ECG data in IoT integrated Edge-Fog-Cloud computing environments,2023,Internet of Things,117,16
doi:10.1134/s0361768825700422,2025,doi:10.1109/ms.2018.2141035,Using Microservices for Legacy Software Modernization,2018,IEEE Software,114,17
doi:10.1134/s0361768825700422,2025,doi:10.1016/j.infsof.2021.106600,From Monolithic Systems to Microservices: An Assessment Framework,2019,Information and Software Technology,111,18
doi:10.1134/s0361768825700422,2025,doi:10.1109/cloud.2018.00148,Deploying Microservice Based Applications with Kubernetes: Experiments and Lessons Learned,2018,IEEE International Conference on Cloud Computing,102,19
doi:10.1134/s0361768825700422,2025,doi:10.1109/ase51524.2021.9678708,Groot: An Event-graph-based Approach for Root Cause Analysis in Industrial Settings,2021,International Conference on Automated Software Engineering,100,20
doi:10.1134/s0361768825700422,2025,ss:00025f8caf92b2e737027790b36c82208d9c1ac7,"Circuit Breakers, Discovery, and API Gateways in Microservices",2016,arXiv.org,99,21
doi:10.1134/s0361768825700422,2025,doi:10.1007/s11227-018-2345-2,Resource optimization of container orchestration: a case study in multi-cloud microservices-based applications,2018,Journal of Supercomputing,97,22
doi:10.1134/s0361768825700422,2025,doi:10.1109/icsaw.2017.48,Towards Recovering the Software Architecture of Microservice-Based Systems,2017,IEEE International Conference on Software Architecture Workshops,93,24
doi:10.1134/s0361768825700422,2025,doi:10.1002/spe.2704,SmartHerd management: A microservices‐based fog computing–assisted IoT platform towards data‐driven smart dairy farming,2019,"Software, Practice & Experience",92,26
doi:10.1134/s0361768825700422,2025,doi:10.1109/jiot.2018.2792940,Microservices Scheduling Model Over Heterogeneous Cloud-Edge Environments As Support for IoT Applications,2018,IEEE Internet of Things Journal,88,27
doi:10.1134/s0361768825700422,2025,doi:10.1109/isc2.2018.8656968,A Microservice-enabled Architecture for Smart Surveillance using Blockchain Technology,2018,2018 IEEE International Smart Cities Conference (ISC2),86,28
doi:10.1134/s0361768825700422,2025,doi:10.1109/infocom.2018.8486300,Load Balancing Across Microservices,2018,IEEE Conference on Computer Communications,85,29
doi:10.1134/s0361768825700422,2025,doi:10.1145/3485983.3494866,GRAF: a graph neural network based proactive resource allocation framework for SLO-oriented microservices,2021,Conference on Emerging Network Experiment and Technology,83,30
doi:10.1134/s0361768824700749,2024,ss:0174c967eeea5a0c1e8d389c790242cb07424b80,Building Microservices,2015,,793,1
doi:10.1134/s0361768824700749,2024,ss:09aaa85c6fe92ec2e894700dc2bab4d481c5b27d,FIRM: An Intelligent Fine-Grained Resource Management Framework for SLO-Oriented Microservices,2020,USENIX Symposium on Operating Systems Design and Implementation,350,2
doi:10.1134/s0361768824700749,2024,doi:10.1145/3338906.3338961,Latent error prediction and fault localization for microservice applications by learning from system trace logs,2019,ESEC/SIGSOFT FSE,263,3
doi:10.1134/s0361768824700749,2024,doi:10.1109/access.2019.2911732,"Container Security: Issues, Challenges, and the Road Ahead",2019,IEEE Access,245,4
doi:10.1134/s0361768824700749,2024,doi:10.1145/3501297,Anomaly Detection and Failure Root Cause Analysis in (Micro) Service-Based Cloud Applications: A Survey,2021,ACM Computing Surveys,233,5
doi:10.1134/s0361768824700749,2024,doi:10.1109/icsaw.2017.11,"Microservice Architectures for Scalability, Agility and Reliability in E-Commerce",2017,IEEE International Conference on Software Architecture Workshops,216,6
doi:10.1134/s0361768824700749,2024,doi:10.1016/j.jss.2019.01.001,Architecting with microservices: A systematic mapping study,2019,Journal of Systems and Software,207,7
doi:10.1134/s0361768824700749,2024,doi:10.1007/s10723-017-9419-x,Genetic Algorithm for Multi-Objective Optimization of Container Allocation in Cloud Architecture,2017,Journal of Grid Computing,183,8
doi:10.1134/s0361768824700749,2024,doi:10.1109/iwqos52092.2021.9521340,Practical Root Cause Localization for Microservice Systems via Trace Analysis,2021,International Workshop on Quality of Service,161,9
doi:10.1134/s0361768824700749,2024,doi:10.1109/mascots.2018.00030,"TeaStore: A Micro-Service Reference Application for Benchmarking, Modeling and Resource Management Research",2018,"IEEE/ACM International Symposium on Modeling, Analysis, and Simulation On Computer and Telecommunication Systems",146,10
doi:10.1134/s0361768824700749,2024,doi:10.52202/068431-2259,Root Cause Analysis of Failures in Microservices through Causal Discovery,2022,Neural Information Processing Systems,140,11
doi:10.1134/s0361768824700749,2024,doi:10.1109/icdcs.2016.11,Gremlin: Systematic Resilience Testing of Microservices,2016,IEEE International Conference on Distributed Computing Systems,136,12
doi:10.1134/s0361768824700749,2024,doi:10.1109/tpds.2021.3128037,Adaptive Resource Efficient Microservice Deployment in Cloud-Edge Continuum,2022,IEEE Transactions on Parallel and Distributed Systems,127,13
doi:10.1134/s0361768824700749,2024,doi:10.1109/ms.2017.24,"Microservices in Practice, Part 1: Reality Check and Service Design",2017,IEEE Software,123,14
doi:10.1134/s0361768824700749,2024,doi:10.1002/cpe.4436,A survey on security issues in services communication of Microservices‐enabled fog applications,2019,Concurrency and Computation,120,15
doi:10.1134/s0361768824700749,2024,doi:10.1016/j.iot.2023.100784,FedSDM: Federated learning based smart decision making module for ECG data in IoT integrated Edge-Fog-Cloud computing environments,2023,Internet of Things,117,16
doi:10.1134/s0361768824700749,2024,doi:10.1109/ms.2018.2141035,Using Microservices for Legacy Software Modernization,2018,IEEE Software,114,17
doi:10.1134/s0361768824700749,2024,doi:10.1016/j.infsof.2021.106600,From Monolithic Systems to Microservices: An Assessment Framework,2019,Information and Software Technology,111,18
doi:10.1134/s0361768824700749,2024,doi:10.1109/cloud.2018.00148,Deploying Microservice Based Applications with Kubernetes: Experiments and Lessons Learned,2018,IEEE International Conference on Cloud Computing,102,19
doi:10.1134/s0361768824700749,2024,doi:10.1109/ase51524.2021.9678708,Groot: An Event-graph-based Approach for Root Cause Analysis in Industrial Settings,2021,International Conference on Automated Software Engineering,100,20
doi:10.1134/s0361768824700749,2024,ss:00025f8caf92b2e737027790b36c82208d9c1ac7,"Circuit Breakers, Discovery, and API Gateways in Microservices",2016,arXiv.org,99,21
doi:10.1134/s0361768824700749,2024,doi:10.1007/s11227-018-2345-2,Resource optimization of container orchestration: a case study in multi-cloud microservices-based applications,2018,Journal of Supercomputing,97,22
doi:10.1134/s0361768824700749,2024,doi:10.1109/icsa-c.2019.00041,"Microservices in Industry: Insights into Technologies, Characteristics, and Software Quality",2019,2019 IEEE International Conference on Software Architecture Companion (ICSA-C),94,23
doi:10.1134/s0361768824700749,2024,doi:10.1109/icsaw.2017.48,Towards Recovering the Software Architecture of Microservice-Based Systems,2017,IEEE International Conference on Software Architecture Workshops,93,24
doi:10.1134/s0361768824700749,2024,doi:10.1109/ms.2015.11,Microservices,2015,IEEE Software,92,25
doi:10.1134/s0361768824700749,2024,doi:10.1002/spe.2704,SmartHerd management: A microservices‐based fog computing–assisted IoT platform towards data‐driven smart dairy farming,2019,"Software, Practice & Experience",92,26
doi:10.1134/s0361768824700749,2024,doi:10.1109/jiot.2018.2792940,Microservices Scheduling Model Over Heterogeneous Cloud-Edge Environments As Support for IoT Applications,2018,IEEE Internet of Things Journal,88,27
doi:10.1134/s0361768824700749,2024,doi:10.1109/isc2.2018.8656968,A Microservice-enabled Architecture for Smart Surveillance using Blockchain Technology,2018,2018 IEEE International Smart Cities Conference (ISC2),86,28
doi:10.1134/s0361768824700749,2024,doi:10.1109/infocom.2018.8486300,Load Balancing Across Microservices,2018,IEEE Conference on Computer Communications,85,29
doi:10.1134/s0361768824700749,2024,doi:10.1145/3485983.3494866,GRAF: a graph neural network based proactive resource allocation framework for SLO-oriented microservices,2021,Conference on Emerging Network Experiment and Technology,83,30
doi:10.5121/csit.2021.111701,2021,ss:0174c967eeea5a0c1e8d389c790242cb07424b80,Building Microservices,2015,,793,1
doi:10.5121/csit.2021.111701,2021,ss:09aaa85c6fe92ec2e894700dc2bab4d481c5b27d,FIRM: An Intelligent Fine-Grained Resource Management Framework for SLO-Oriented Microservices,2020,USENIX Symposium on Operating Systems Design and Implementation,350,2
doi:10.5121/csit.2021.111701,2021,doi:10.1145/3338906.3338961,Latent error prediction and fault localization for microservice applications by learning from system trace logs,2019,ESEC/SIGSOFT FSE,263,3
doi:10.5121/csit.2021.111701,2021,doi:10.1109/access.2019.2911732,"Container Security: Issues, Challenges, and the Road Ahead",2019,IEEE Access,245,4
doi:10.5121/csit.2021.111701,2021,doi:10.1145/3501297,Anomaly Detection and Failure Root Cause Analysis in (Micro) Service-Based Cloud Applications: A Survey,2021,ACM Computing Surveys,233,5
doi:10.5121/csit.2021.111701,2021,doi:10.1109/icsaw.2017.11,"Microservice Architectures for Scalability, Agility and Reliability in E-Commerce",2017,IEEE International Conference on Software Architecture Workshops,216,6
doi:10.5121/csit.2021.111701,2021,doi:10.1016/j.jss.2019.01.001,Architecting with microservices: A systematic mapping study,2019,Journal of Systems and Software,207,7
doi:10.5121/csit.2021.111701,2021,doi:10.1007/s10723-017-9419-x,Genetic Algorithm for Multi-Objective Optimization of Container Allocation in Cloud Architecture,2017,Journal of Grid Computing,183,8
doi:10.5121/csit.2021.111701,2021,doi:10.1109/iwqos52092.2021.9521340,Practical Root Cause Localization for Microservice Systems via Trace Analysis,2021,International Workshop on Quality of Service,161,9
doi:10.5121/csit.2021.111701,2021,doi:10.1109/mascots.2018.00030,"TeaStore: A Micro-Service Reference Application for Benchmarking, Modeling and Resource Management Research",2018,"IEEE/ACM International Symposium on Modeling, Analysis, and Simulation On Computer and Telecommunication Systems",146,10
doi:10.5121/csit.2021.111701,2021,doi:10.1109/icdcs.2016.11,Gremlin: Systematic Resilience Testing of Microservices,2016,IEEE International Conference on Distributed Computing Systems,136,12
doi:10.5121/csit.2021.111701,2021,doi:10.1109/ms.2017.24,"Microservices in Practice, Part 1: Reality Check and Service Design",2017,IEEE Software,123,14
doi:10.5121/csit.2021.111701,2021,doi:10.1109/ms.2018.2141035,Using Microservices for Legacy Software Modernization,2018,IEEE Software,114,17
doi:10.5121/csit.2021.111701,2021,doi:10.1016/j.infsof.2021.106600,From Monolithic Systems to Microservices: An Assessment Framework,2019,Information and Software Technology,111,18
doi:10.5121/csit.2021.111701,2021,doi:10.1109/cloud.2018.00148,Deploying Microservice Based Applications with Kubernetes: Experiments and Lessons Learned,2018,IEEE International Conference on Cloud Computing,102,19
doi:10.5121/csit.2021.111701,2021,doi:10.1109/ase51524.2021.9678708,Groot: An Event-graph-based Approach for Root Cause Analysis in Industrial Settings,2021,International Conference on Automated Software Engineering,100,20
doi:10.5121/csit.2021.111701,2021,ss:00025f8caf92b2e737027790b36c82208d9c1ac7,"Circuit Breakers, Discovery, and API Gateways in Microservices",2016,arXiv.org,99,21
doi:10.5121/csit.2021.111701,2021,doi:10.1007/s11227-018-2345-2,Resource optimization of container orchestration: a case study in multi-cloud microservices-based applications,2018,Journal of Supercomputing,97,22
doi:10.5121/csit.2021.111701,2021,doi:10.1109/icsa-c.2019.00041,"Microservices in Industry: Insights into Technologies, Characteristics, and Software Quality",2019,2019 IEEE International Conference on Software Architecture Companion (ICSA-C),94,23
doi:10.5121/csit.2021.111701,2021,doi:10.1109/icsaw.2017.48,Towards Recovering the Software Architecture of Microservice-Based Systems,2017,IEEE International Conference on Software Architecture Workshops,93,24
doi:10.5121/csit.2021.111701,2021,doi:10.1109/ms.2015.11,Microservices,2015,IEEE Software,92,25
doi:10.5121/csit.2021.111701,2021,doi:10.1002/spe.2704,SmartHerd management: A microservices‐based fog computing–assisted IoT platform towards data‐driven smart dairy farming,2019,"Software, Practice & Experience",92,26
doi:10.5121/csit.2021.111701,2021,doi:10.1109/jiot.2018.2792940,Microservices Scheduling Model Over Heterogeneous Cloud-Edge Environments As Support for IoT Applications,2018,IEEE Internet of Things Journal,88,27
doi:10.5121/csit.2021.111701,2021,doi:10.1109/isc2.2018.8656968,A Microservice-enabled Architecture for Smart Surveillance using Blockchain Technology,2018,2018 IEEE International Smart Cities Conference (ISC2),86,28
doi:10.5121/csit.2021.111701,2021,doi:10.1109/infocom.2018.8486300,Load Balancing Across Microservices,2018,IEEE Conference on Computer Communications,85,29
doi:10.5121/csit.2021.111701,2021,doi:10.1145/3485983.3494866,GRAF: a graph neural network based proactive resource allocation framework for SLO-oriented microservices,2021,Conference on Emerging Network Experiment and Technology,83,30
doi:10.12720/jait.14.5.991-1002,2023,ss:0174c967eeea5a0c1e8d389c790242cb07424b80,Building Microservices,2015,,793,1
doi:10.12720/jait.14.5.991-1002,2023,ss:09aaa85c6fe92ec2e894700dc2bab4d481c5b27d,FIRM: An Intelligent Fine-Grained Resource Management Framework for SLO-Oriented Microservices,2020,USENIX Symposium on Operating Systems Design and Implementation,350,2
doi:10.12720/jait.14.5.991-1002,2023,doi:10.1145/3338906.3338961,Latent error prediction and fault localization for microservice applications by learning from system trace logs,2019,ESEC/SIGSOFT FSE,263,3
doi:10.12720/jait.14.5.991-1002,2023,doi:10.1145/3501297,Anomaly Detection and Failure Root Cause Analysis in (Micro) Service-Based Cloud Applications: A Survey,2021,ACM Computing Surveys,233,5
doi:10.12720/jait.14.5.991-1002,2023,doi:10.1109/icsaw.2017.11,"Microservice Architectures for Scalability, Agility and Reliability in E-Commerce",2017,IEEE International Conference on Software Architecture Workshops,216,6
doi:10.12720/jait.14.5.991-1002,2023,doi:10.1007/s10723-017-9419-x,Genetic Algorithm for Multi-Objective Optimization of Container Allocation in Cloud Architecture,2017,Journal of Grid Computing,183,8
doi:10.12720/jait.14.5.991-1002,2023,doi:10.1109/iwqos52092.2021.9521340,Practical Root Cause Localization for Microservice Systems via Trace Analysis,2021,International Workshop on Quality of Service,161,9
doi:10.12720/jait.14.5.991-1002,2023,doi:10.1109/mascots.2018.00030,"TeaStore: A Micro-Service Reference Application for Benchmarking, Modeling and Resource Management Research",2018,"IEEE/ACM International Symposium on Modeling, Analysis, and Simulation On Computer and Telecommunication Systems",146,10
doi:10.12720/jait.14.5.991-1002,2023,doi:10.52202/068431-2259,Root Cause Analysis of Failures in Microservices through Causal Discovery,2022,Neural Information Processing Systems,140,11
doi:10.12720/jait.14.5.991-1002,2023,doi:10.1109/icdcs.2016.11,Gremlin: Systematic Resilience Testing of Microservices,2016,IEEE International Conference on Distributed Computing Systems,136,12
doi:10.12720/jait.14.5.991-1002,2023,doi:10.1109/tpds.2021.3128037,Adaptive Resource Efficient Microservice Deployment in Cloud-Edge Continuum,2022,IEEE Transactions on Parallel and Distributed Systems,127,13
doi:10.12720/jait.14.5.991-1002,2023,doi:10.1109/ms.2017.24,"Microservices in Practice, Part 1: Reality Check and Service Design",2017,IEEE Software,123,14
doi:10.12720/jait.14.5.991-1002,2023,doi:10.1002/cpe.4436,A survey on security issues in services communication of Microservices‐enabled fog applications,2019,Concurrency and Computation,120,15
doi:10.12720/jait.14.5.991-1002,2023,doi:10.1016/j.iot.2023.100784,FedSDM: Federated learning based smart decision making module for ECG data in IoT integrated Edge-Fog-Cloud computing environments,2023,Internet of Things,117,16
doi:10.12720/jait.14.5.991-1002,2023,doi:10.1109/ms.2018.2141035,Using Microservices for Legacy Software Modernization,2018,IEEE Software,114,17
doi:10.12720/jait.14.5.991-1002,2023,doi:10.1016/j.infsof.2021.106600,From Monolithic Systems to Microservices: An Assessment Framework,2019,Information and Software Technology,111,18
doi:10.12720/jait.14.5.991-1002,2023,doi:10.1109/cloud.2018.00148,Deploying Microservice Based Applications with Kubernetes: Experiments and Lessons Learned,2018,IEEE International Conference on Cloud Computing,102,19
doi:10.12720/jait.14.5.991-1002,2023,doi:10.1109/ase51524.2021.9678708,Groot: An Event-graph-based Approach for Root Cause Analysis in Industrial Settings,2021,International Conference on Automated Software Engineering,100,20
doi:10.12720/jait.14.5.991-1002,2023,ss:00025f8caf92b2e737027790b36c82208d9c1ac7,"Circuit Breakers, Discovery, and API Gateways in Microservices",2016,arXiv.org,99,21
doi:10.12720/jait.14.5.991-1002,2023,doi:10.1007/s11227-018-2345-2,Resource optimization of container orchestration: a case study in multi-cloud microservices-based applications,2018,Journal of Supercomputing,97,22
doi:10.12720/jait.14.5.991-1002,2023,doi:10.1109/icsaw.2017.48,Towards Recovering the Software Architecture of Microservice-Based Systems,2017,IEEE International Conference on Software Architecture Workshops,93,24
doi:10.12720/jait.14.5.991-1002,2023,doi:10.1109/ms.2015.11,Microservices,2015,IEEE Software,92,25
doi:10.12720/jait.14.5.991-1002,2023,doi:10.1002/spe.2704,SmartHerd management: A microservices‐based fog computing–assisted IoT platform towards data‐driven smart dairy farming,2019,"Software, Practice & Experience",92,26
doi:10.12720/jait.14.5.991-1002,2023,doi:10.1109/jiot.2018.2792940,Microservices Scheduling Model Over Heterogeneous Cloud-Edge Environments As Support for IoT Applications,2018,IEEE Internet of Things Journal,88,27
doi:10.12720/jait.14.5.991-1002,2023,doi:10.1109/isc2.2018.8656968,A Microservice-enabled Architecture for Smart Surveillance using Blockchain Technology,2018,2018 IEEE International Smart Cities Conference (ISC2),86,28
doi:10.12720/jait.14.5.991-1002,2023,doi:10.1109/infocom.2018.8486300,Load Balancing Across Microservices,2018,IEEE Conference on Computer Communications,85,29
doi:10.12720/jait.14.5.991-1002,2023,doi:10.1145/3485983.3494866,GRAF: a graph neural network based proactive resource allocation framework for SLO-oriented microservices,2021,Conference on Emerging Network Experiment and Technology,83,30
doi:10.1007/978-3-319-62407-5_14,2017,ss:0174c967eeea5a0c1e8d389c790242cb07424b80,Building Microservices,2015,,793,1
doi:10.1007/978-3-319-62407-5_14,2017,doi:10.1109/icsaw.2017.11,"Microservice Architectures for Scalability, Agility and Reliability in E-Commerce",2017,IEEE International Conference on Software Architecture Workshops,216,6
doi:10.1007/978-3-319-62407-5_14,2017,doi:10.1007/s10723-017-9419-x,Genetic Algorithm for Multi-Objective Optimization of Container Allocation in Cloud Architecture,2017,Journal of Grid Computing,183,8
doi:10.1007/978-3-319-62407-5_14,2017,doi:10.1109/ms.2017.24,"Microservices in Practice, Part 1: Reality Check and Service Design",2017,IEEE Software,123,14
doi:10.1007/978-3-319-62407-5_14,2017,ss:00025f8caf92b2e737027790b36c82208d9c1ac7,"Circuit Breakers, Discovery, and API Gateways in Microservices",2016,arXiv.org,99,21
doi:10.1007/978-3-319-62407-5_14,2017,doi:10.1109/icsaw.2017.48,Towards Recovering the Software Architecture of Microservice-Based Systems,2017,IEEE International Conference on Software Architecture Workshops,93,24
doi:10.1007/978-3-319-62407-5_14,2017,doi:10.1109/ms.2015.11,Microservices,2015,IEEE Software,92,25
doi:10.1016/j.jss.2021.111014,2021,ss:0174c967eeea5a0c1e8d389c790242cb07424b80,Building Microservices,2015,,793,1
doi:10.1016/j.jss.2021.111014,2021,ss:09aaa85c6fe92ec2e894700dc2bab4d481c5b27d,FIRM: An Intelligent Fine-Grained Resource Management Framework for SLO-Oriented Microservices,2020,USENIX Symposium on Operating Systems Design and Implementation,350,2
doi:10.1016/j.jss.2021.111014,2021,doi:10.1145/3338906.3338961,Latent error prediction and fault localization for microservice applications by learning from system trace logs,2019,ESEC/SIGSOFT FSE,263,3
doi:10.1016/j.jss.2021.111014,2021,doi:10.1109/access.2019.2911732,"Container Security: Issues, Challenges, and the Road Ahead",2019,IEEE Access,245,4
doi:10.1016/j.jss.2021.111014,2021,doi:10.1145/3501297,Anomaly Detection and Failure Root Cause Analysis in (Micro) Service-Based Cloud Applications: A Survey,2021,ACM Computing Surveys,233,5
doi:10.1016/j.jss.2021.111014,2021,doi:10.1109/icsaw.2017.11,"Microservice Architectures for Scalability, Agility and Reliability in E-Commerce",2017,IEEE International Conference on Software Architecture Workshops,216,6
doi:10.1016/j.jss.2021.111014,2021,doi:10.1007/s10723-017-9419-x,Genetic Algorithm for Multi-Objective Optimization of Container Allocation in Cloud Architecture,2017,Journal of Grid Computing,183,8
doi:10.1016/j.jss.2021.111014,2021,doi:10.1109/iwqos52092.2021.9521340,Practical Root Cause Localization for Microservice Systems via Trace Analysis,2021,International Workshop on Quality of Service,161,9
doi:10.1016/j.jss.2021.111014,2021,doi:10.1109/mascots.2018.00030,"TeaStore: A Micro-Service Reference Application for Benchmarking, Modeling and Resource Management Research",2018,"IEEE/ACM International Symposium on Modeling, Analysis, and Simulation On Computer and Telecommunication Systems",146,10
doi:10.1016/j.jss.2021.111014,2021,doi:10.1109/icdcs.2016.11,Gremlin: Systematic Resilience Testing of Microservices,2016,IEEE International Conference on Distributed Computing Systems,136,12
doi:10.1016/j.jss.2021.111014,2021,doi:10.1109/ms.2017.24,"Microservices in Practice, Part 1: Reality Check and Service Design",2017,IEEE Software,123,14
doi:10.1016/j.jss.2021.111014,2021,doi:10.1002/cpe.4436,A survey on security issues in services communication of Microservices‐enabled fog applications,2019,Concurrency and Computation,120,15
doi:10.1016/j.jss.2021.111014,2021,doi:10.1109/ms.2018.2141035,Using Microservices for Legacy Software Modernization,2018,IEEE Software,114,17
doi:10.1016/j.jss.2021.111014,2021,doi:10.1016/j.infsof.2021.106600,From Monolithic Systems to Microservices: An Assessment Framework,2019,Information and Software Technology,111,18
doi:10.1016/j.jss.2021.111014,2021,doi:10.1109/cloud.2018.00148,Deploying Microservice Based Applications with Kubernetes: Experiments and Lessons Learned,2018,IEEE International Conference on Cloud Computing,102,19
doi:10.1016/j.jss.2021.111014,2021,doi:10.1109/ase51524.2021.9678708,Groot: An Event-graph-based Approach for Root Cause Analysis in Industrial Settings,2021,International Conference on Automated Software Engineering,100,20
doi:10.1016/j.jss.2021.111014,2021,ss:00025f8caf92b2e737027790b36c82208d9c1ac7,"Circuit Breakers, Discovery, and API Gateways in Microservices",2016,arXiv.org,99,21
doi:10.1016/j.jss.2021.111014,2021,doi:10.1007/s11227-018-2345-2,Resource optimization of container orchestration: a case study in multi-cloud microservices-based applications,2018,Journal of Supercomputing,97,22
doi:10.1016/j.jss.2021.111014,2021,doi:10.1109/icsa-c.2019.00041,"Microservices in Industry: Insights into Technologies, Characteristics, and Software Quality",2019,2019 IEEE International Conference on Software Architecture Companion (ICSA-C),94,23
doi:10.1016/j.jss.2021.111014,2021,doi:10.1109/icsaw.2017.48,Towards Recovering the Software Architecture of Microservice-Based Systems,2017,IEEE International Conference on Software Architecture Workshops,93,24
doi:10.1016/j.jss.2021.111014,2021,doi:10.1109/ms.2015.11,Microservices,2015,IEEE Software,92,25
doi:10.1016/j.jss.2021.111014,2021,doi:10.1002/spe.2704,SmartHerd management: A microservices‐based fog computing–assisted IoT platform towards data‐driven smart dairy farming,2019,"Software, Practice & Experience",92,26
doi:10.1016/j.jss.2021.111014,2021,doi:10.1109/jiot.2018.2792940,Microservices Scheduling Model Over Heterogeneous Cloud-Edge Environments As Support for IoT Applications,2018,IEEE Internet of Things Journal,88,27
doi:10.1016/j.jss.2021.111014,2021,doi:10.1109/isc2.2018.8656968,A Microservice-enabled Architecture for Smart Surveillance using Blockchain Technology,2018,2018 IEEE International Smart Cities Conference (ISC2),86,28
doi:10.1016/j.jss.2021.111014,2021,doi:10.1109/infocom.2018.8486300,Load Balancing Across Microservices,2018,IEEE Conference on Computer Communications,85,29
doi:10.1016/j.jss.2021.111014,2021,doi:10.1145/3485983.3494866,GRAF: a graph neural network based proactive resource allocation framework for SLO-oriented microservices,2021,Conference on Emerging Network Experiment and Technology,83,30
doi:10.1007/s10586-025-05690-6,2025,ss:0174c967eeea5a0c1e8d389c790242cb07424b80,Building Microservices,2015,,793,1
doi:10.1007/s10586-025-05690-6,2025,ss:09aaa85c6fe92ec2e894700dc2bab4d481c5b27d,FIRM: An Intelligent Fine-Grained Resource Management Framework for SLO-Oriented Microservices,2020,USENIX Symposium on Operating Systems Design and Implementation,350,2
doi:10.1007/s10586-025-05690-6,2025,doi:10.1109/access.2019.2911732,"Container Security: Issues, Challenges, and the Road Ahead",2019,IEEE Access,245,4
doi:10.1007/s10586-025-05690-6,2025,doi:10.1145/3501297,Anomaly Detection and Failure Root Cause Analysis in (Micro) Service-Based Cloud Applications: A Survey,2021,ACM Computing Surveys,233,5
doi:10.1007/s10586-025-05690-6,2025,doi:10.1109/icsaw.2017.11,"Microservice Architectures for Scalability, Agility and Reliability in E-Commerce",2017,IEEE International Conference on Software Architecture Workshops,216,6
doi:10.1007/s10586-025-05690-6,2025,doi:10.1016/j.jss.2019.01.001,Architecting with microservices: A systematic mapping study,2019,Journal of Systems and Software,207,7
doi:10.1007/s10586-025-05690-6,2025,doi:10.1007/s10723-017-9419-x,Genetic Algorithm for Multi-Objective Optimization of Container Allocation in Cloud Architecture,2017,Journal of Grid Computing,183,8
doi:10.1007/s10586-025-05690-6,2025,doi:10.1109/iwqos52092.2021.9521340,Practical Root Cause Localization for Microservice Systems via Trace Analysis,2021,International Workshop on Quality of Service,161,9
doi:10.1007/s10586-025-05690-6,2025,doi:10.1109/mascots.2018.00030,"TeaStore: A Micro-Service Reference Application for Benchmarking, Modeling and Resource Management Research",2018,"IEEE/ACM International Symposium on Modeling, Analysis, and Simulation On Computer and Telecommunication Systems",146,10
doi:10.1007/s10586-025-05690-6,2025,doi:10.52202/068431-2259,Root Cause Analysis of Failures in Microservices through Causal Discovery,2022,Neural Information Processing Systems,140,11
doi:10.1007/s10586-025-05690-6,2025,doi:10.1109/icdcs.2016.11,Gremlin: Systematic Resilience Testing of Microservices,2016,IEEE International Conference on Distributed Computing Systems,136,12
doi:10.1007/s10586-025-05690-6,2025,doi:10.1109/ms.2017.24,"Microservices in Practice, Part 1: Reality Check and Service Design",2017,IEEE Software,123,14
doi:10.1007/s10586-025-05690-6,2025,doi:10.1002/cpe.4436,A survey on security issues in services communication of Microservices‐enabled fog applications,2019,Concurrency and Computation,120,15
doi:10.1007/s10586-025-05690-6,2025,doi:10.1016/j.iot.2023.100784,FedSDM: Federated learning based smart decision making module for ECG data in IoT integrated Edge-Fog-Cloud computing environments,2023,Internet of Things,117,16
doi:10.1007/s10586-025-05690-6,2025,doi:10.1109/ms.2018.2141035,Using Microservices for Legacy Software Modernization,2018,IEEE Software,114,17
doi:10.1007/s10586-025-05690-6,2025,doi:10.1016/j.infsof.2021.106600,From Monolithic Systems to Microservices: An Assessment Framework,2019,Information and Software Technology,111,18
doi:10.1007/s10586-025-05690-6,2025,doi:10.1109/cloud.2018.00148,Deploying Microservice Based Applications with Kubernetes: Experiments and Lessons Learned,2018,IEEE International Conference on Cloud Computing,102,19
doi:10.1007/s10586-025-05690-6,2025,doi:10.1109/ase51524.2021.9678708,Groot: An Event-graph-based Approach for Root Cause Analysis in Industrial Settings,2021,International Conference on Automated Software Engineering,100,20
doi:10.1007/s10586-025-05690-6,2025,ss:00025f8caf92b2e737027790b36c82208d9c1ac7,"Circuit Breakers, Discovery, and API Gateways in Microservices",2016,arXiv.org,99,21
doi:10.1007/s10586-025-05690-6,2025,doi:10.1007/s11227-018-2345-2,Resource optimization of container orchestration: a case study in multi-cloud microservices-based applications,2018,Journal of Supercomputing,97,22
doi:10.1007/s10586-025-05690-6,2025,doi:10.1109/icsa-c.2019.00041,"Microservices in Industry: Insights into Technologies, Characteristics, and Software Quality",2019,2019 IEEE International Conference on Software Architecture Companion (ICSA-C),94,23
doi:10.1007/s10586-025-05690-6,2025,doi:10.1109/icsaw.2017.48,Towards Recovering the Software Architecture of Microservice-Based Systems,2017,IEEE International Conference on Software Architecture Workshops,93,24
doi:10.1007/s10586-025-05690-6,2025,doi:10.1109/ms.2015.11,Microservices,2015,IEEE Software,92,25
doi:10.1007/s10586-025-05690-6,2025,doi:10.1002/spe.2704,SmartHerd management: A microservices‐based fog computing–assisted IoT platform towards data‐driven smart dairy farming,2019,"Software, Practice & Experience",92,26
doi:10.1007/s10586-025-05690-6,2025,doi:10.1109/jiot.2018.2792940,Microservices Scheduling Model Over Heterogeneous Cloud-Edge Environments As Support for IoT Applications,2018,IEEE Internet of Things Journal,88,27
doi:10.1007/s10586-025-05690-6,2025,doi:10.1109/isc2.2018.8656968,A Microservice-enabled Architecture for Smart Surveillance using Blockchain Technology,2018,2018 IEEE International Smart Cities Conference (ISC2),86,28
doi:10.1007/s10586-025-05690-6,2025,doi:10.1109/infocom.2018.8486300,Load Balancing Across Microservices,2018,IEEE Conference on Computer Communications,85,29
doi:10.1007/s10586-025-05690-6,2025,doi:10.1145/3485983.3494866,GRAF: a graph neural network based proactive resource allocation framework for SLO-oriented microservices,2021,Conference on Emerging Network Experiment and Technology,83,30
doi:10.1109/icicyta68677.2025.11362635,2025,ss:0174c967eeea5a0c1e8d389c790242cb07424b80,Building Microservices,2015,,793,1
doi:10.1109/icicyta68677.2025.11362635,2025,ss:09aaa85c6fe92ec2e894700dc2bab4d481c5b27d,FIRM: An Intelligent Fine-Grained Resource Management Framework for SLO-Oriented Microservices,2020,USENIX Symposium on Operating Systems Design and Implementation,350,2
doi:10.1109/icicyta68677.2025.11362635,2025,doi:10.1145/3338906.3338961,Latent error prediction and fault localization for microservice applications by learning from system trace logs,2019,ESEC/SIGSOFT FSE,263,3
doi:10.1109/icicyta68677.2025.11362635,2025,doi:10.1109/access.2019.2911732,"Container Security: Issues, Challenges, and the Road Ahead",2019,IEEE Access,245,4
doi:10.1109/icicyta68677.2025.11362635,2025,doi:10.1145/3501297,Anomaly Detection and Failure Root Cause Analysis in (Micro) Service-Based Cloud Applications: A Survey,2021,ACM Computing Surveys,233,5
doi:10.1109/icicyta68677.2025.11362635,2025,doi:10.1109/icsaw.2017.11,"Microservice Architectures for Scalability, Agility and Reliability in E-Commerce",2017,IEEE International Conference on Software Architecture Workshops,216,6
doi:10.1109/icicyta68677.2025.11362635,2025,doi:10.1016/j.jss.2019.01.001,Architecting with microservices: A systematic mapping study,2019,Journal of Systems and Software,207,7
doi:10.1109/icicyta68677.2025.11362635,2025,doi:10.1007/s10723-017-9419-x,Genetic Algorithm for Multi-Objective Optimization of Container Allocation in Cloud Architecture,2017,Journal of Grid Computing,183,8
doi:10.1109/icicyta68677.2025.11362635,2025,doi:10.1109/iwqos52092.2021.9521340,Practical Root Cause Localization for Microservice Systems via Trace Analysis,2021,International Workshop on Quality of Service,161,9
doi:10.1109/icicyta68677.2025.11362635,2025,doi:10.1109/mascots.2018.00030,"TeaStore: A Micro-Service Reference Application for Benchmarking, Modeling and Resource Management Research",2018,"IEEE/ACM International Symposium on Modeling, Analysis, and Simulation On Computer and Telecommunication Systems",146,10
doi:10.1109/icicyta68677.2025.11362635,2025,doi:10.52202/068431-2259,Root Cause Analysis of Failures in Microservices through Causal Discovery,2022,Neural Information Processing Systems,140,11
doi:10.1109/icicyta68677.2025.11362635,2025,doi:10.1109/icdcs.2016.11,Gremlin: Systematic Resilience Testing of Microservices,2016,IEEE International Conference on Distributed Computing Systems,136,12
doi:10.1109/icicyta68677.2025.11362635,2025,doi:10.1109/tpds.2021.3128037,Adaptive Resource Efficient Microservice Deployment in Cloud-Edge Continuum,2022,IEEE Transactions on Parallel and Distributed Systems,127,13
doi:10.1109/icicyta68677.2025.11362635,2025,doi:10.1109/ms.2017.24,"Microservices in Practice, Part 1: Reality Check and Service Design",2017,IEEE Software,123,14
doi:10.1109/icicyta68677.2025.11362635,2025,doi:10.1002/cpe.4436,A survey on security issues in services communication of Microservices‐enabled fog applications,2019,Concurrency and Computation,120,15
doi:10.1109/icicyta68677.2025.11362635,2025,doi:10.1016/j.iot.2023.100784,FedSDM: Federated learning based smart decision making module for ECG data in IoT integrated Edge-Fog-Cloud computing environments,2023,Internet of Things,117,16
doi:10.1109/icicyta68677.2025.11362635,2025,doi:10.1109/ms.2018.2141035,Using Microservices for Legacy Software Modernization,2018,IEEE Software,114,17
doi:10.1109/icicyta68677.2025.11362635,2025,doi:10.1016/j.infsof.2021.106600,From Monolithic Systems to Microservices: An Assessment Framework,2019,Information and Software Technology,111,18
doi:10.1109/icicyta68677.2025.11362635,2025,doi:10.1109/cloud.2018.00148,Deploying Microservice Based Applications with Kubernetes: Experiments and Lessons Learned,2018,IEEE International Conference on Cloud Computing,102,19
doi:10.1109/icicyta68677.2025.11362635,2025,doi:10.1109/ase51524.2021.9678708,Groot: An Event-graph-based Approach for Root Cause Analysis in Industrial Settings,2021,International Conference on Automated Software Engineering,100,20
doi:10.1109/icicyta68677.2025.11362635,2025,ss:00025f8caf92b2e737027790b36c82208d9c1ac7,"Circuit Breakers, Discovery, and API Gateways in Microservices",2016,arXiv.org,99,21
doi:10.1109/icicyta68677.2025.11362635,2025,doi:10.1007/s11227-018-2345-2,Resource optimization of container orchestration: a case study in multi-cloud microservices-based applications,2018,Journal of Supercomputing,97,22
doi:10.1109/icicyta68677.2025.11362635,2025,doi:10.1109/icsa-c.2019.00041,"Microservices in Industry: Insights into Technologies, Characteristics, and Software Quality",2019,2019 IEEE International Conference on Software Architecture Companion (ICSA-C),94,23
doi:10.1109/icicyta68677.2025.11362635,2025,doi:10.1109/icsaw.2017.48,Towards Recovering the Software Architecture of Microservice-Based Systems,2017,IEEE International Conference on Software Architecture Workshops,93,24
doi:10.1109/icicyta68677.2025.11362635,2025,doi:10.1109/ms.2015.11,Microservices,2015,IEEE Software,92,25
doi:10.1109/icicyta68677.2025.11362635,2025,doi:10.1002/spe.2704,SmartHerd management: A microservices‐based fog computing–assisted IoT platform towards data‐driven smart dairy farming,2019,"Software, Practice & Experience",92,26
doi:10.1109/icicyta68677.2025.11362635,2025,doi:10.1109/jiot.2018.2792940,Microservices Scheduling Model Over Heterogeneous Cloud-Edge Environments As Support for IoT Applications,2018,IEEE Internet of Things Journal,88,27
doi:10.1109/icicyta68677.2025.11362635,2025,doi:10.1109/isc2.2018.8656968,A Microservice-enabled Architecture for Smart Surveillance using Blockchain Technology,2018,2018 IEEE International Smart Cities Conference (ISC2),86,28
doi:10.1109/icicyta68677.2025.11362635,2025,doi:10.1109/infocom.2018.8486300,Load Balancing Across Microservices,2018,IEEE Conference on Computer Communications,85,29
doi:10.1109/icicyta68677.2025.11362635,2025,doi:10.1145/3485983.3494866,GRAF: a graph neural network based proactive resource allocation framework for SLO-oriented microservices,2021,Conference on Emerging Network Experiment and Technology,83,30
doi:10.1016/j.infsof.2025.107732,2025,ss:0174c967eeea5a0c1e8d389c790242cb07424b80,Building Microservices,2015,,793,1
doi:10.1016/j.infsof.2025.107732,2025,ss:09aaa85c6fe92ec2e894700dc2bab4d481c5b27d,FIRM: An Intelligent Fine-Grained Resource Management Framework for SLO-Oriented Microservices,2020,USENIX Symposium on Operating Systems Design and Implementation,350,2
doi:10.1016/j.infsof.2025.107732,2025,doi:10.1145/3338906.3338961,Latent error prediction and fault localization for microservice applications by learning from system trace logs,2019,ESEC/SIGSOFT FSE,263,3
doi:10.1016/j.infsof.2025.107732,2025,doi:10.1109/access.2019.2911732,"Container Security: Issues, Challenges, and the Road Ahead",2019,IEEE Access,245,4
doi:10.1016/j.infsof.2025.107732,2025,doi:10.1145/3501297,Anomaly Detection and Failure Root Cause Analysis in (Micro) Service-Based Cloud Applications: A Survey,2021,ACM Computing Surveys,233,5
doi:10.1016/j.infsof.2025.107732,2025,doi:10.1109/icsaw.2017.11,"Microservice Architectures for Scalability, Agility and Reliability in E-Commerce",2017,IEEE International Conference on Software Architecture Workshops,216,6
doi:10.1016/j.infsof.2025.107732,2025,doi:10.1016/j.jss.2019.01.001,Architecting with microservices: A systematic mapping study,2019,Journal of Systems and Software,207,7
doi:10.1016/j.infsof.2025.107732,2025,doi:10.1007/s10723-017-9419-x,Genetic Algorithm for Multi-Objective Optimization of Container Allocation in Cloud Architecture,2017,Journal of Grid Computing,183,8
doi:10.1016/j.infsof.2025.107732,2025,doi:10.1109/iwqos52092.2021.9521340,Practical Root Cause Localization for Microservice Systems via Trace Analysis,2021,International Workshop on Quality of Service,161,9
doi:10.1016/j.infsof.2025.107732,2025,doi:10.1109/mascots.2018.00030,"TeaStore: A Micro-Service Reference Application for Benchmarking, Modeling and Resource Management Research",2018,"IEEE/ACM International Symposium on Modeling, Analysis, and Simulation On Computer and Telecommunication Systems",146,10
doi:10.1016/j.infsof.2025.107732,2025,doi:10.52202/068431-2259,Root Cause Analysis of Failures in Microservices through Causal Discovery,2022,Neural Information Processing Systems,140,11
doi:10.1016/j.infsof.2025.107732,2025,doi:10.1109/icdcs.2016.11,Gremlin: Systematic Resilience Testing of Microservices,2016,IEEE International Conference on Distributed Computing Systems,136,12
doi:10.1016/j.infsof.2025.107732,2025,doi:10.1109/tpds.2021.3128037,Adaptive Resource Efficient Microservice Deployment in Cloud-Edge Continuum,2022,IEEE Transactions on Parallel and Distributed Systems,127,13
doi:10.1016/j.infsof.2025.107732,2025,doi:10.1109/ms.2017.24,"Microservices in Practice, Part 1: Reality Check and Service Design",2017,IEEE Software,123,14
doi:10.1016/j.infsof.2025.107732,2025,doi:10.1002/cpe.4436,A survey on security issues in services communication of Microservices‐enabled fog applications,2019,Concurrency and Computation,120,15
doi:10.1016/j.infsof.2025.107732,2025,doi:10.1016/j.iot.2023.100784,FedSDM: Federated learning based smart decision making module for ECG data in IoT integrated Edge-Fog-Cloud computing environments,2023,Internet of Things,117,16
doi:10.1016/j.infsof.2025.107732,2025,doi:10.1109/ms.2018.2141035,Using Microservices for Legacy Software Modernization,2018,IEEE Software,114,17
doi:10.1016/j.infsof.2025.107732,2025,doi:10.1109/cloud.2018.00148,Deploying Microservice Based Applications with Kubernetes: Experiments and Lessons Learned,2018,IEEE International Conference on Cloud Computing,102,19
doi:10.1016/j.infsof.2025.107732,2025,doi:10.1109/ase51524.2021.9678708,Groot: An Event-graph-based Approach for Root Cause Analysis in Industrial Settings,2021,International Conference on Automated Software Engineering,100,20
doi:10.1016/j.infsof.2025.107732,2025,ss:00025f8caf92b2e737027790b36c82208d9c1ac7,"Circuit Breakers, Discovery, and API Gateways in Microservices",2016,arXiv.org,99,21
doi:10.1016/j.infsof.2025.107732,2025,doi:10.1007/s11227-018-2345-2,Resource optimization of container orchestration: a case study in multi-cloud microservices-based applications,2018,Journal of Supercomputing,97,22
doi:10.1016/j.infsof.2025.107732,2025,doi:10.1109/icsa-c.2019.00041,"Microservices in Industry: Insights into Technologies, Characteristics, and Software Quality",2019,2019 IEEE International Conference on Software Architecture Companion (ICSA-C),94,23
doi:10.1016/j.infsof.2025.107732,2025,doi:10.1109/icsaw.2017.48,Towards Recovering the Software Architecture of Microservice-Based Systems,2017,IEEE International Conference on Software Architecture Workshops,93,24
doi:10.1016/j.infsof.2025.107732,2025,doi:10.1109/ms.2015.11,Microservices,2015,IEEE Software,92,25
doi:10.1016/j.infsof.2025.107732,2025,doi:10.1002/spe.2704,SmartHerd management: A microservices‐based fog computing–assisted IoT platform towards data‐driven smart dairy farming,2019,"Software, Practice & Experience",92,26
doi:10.1016/j.infsof.2025.107732,2025,doi:10.1109/jiot.2018.2792940,Microservices Scheduling Model Over Heterogeneous Cloud-Edge Environments As Support for IoT Applications,2018,IEEE Internet of Things Journal,88,27
doi:10.1016/j.infsof.2025.107732,2025,doi:10.1109/isc2.2018.8656968,A Microservice-enabled Architecture for Smart Surveillance using Blockchain Technology,2018,2018 IEEE International Smart Cities Conference (ISC2),86,28
doi:10.1016/j.infsof.2025.107732,2025,doi:10.1109/infocom.2018.8486300,Load Balancing Across Microservices,2018,IEEE Conference on Computer Communications,85,29
doi:10.1016/j.infsof.2025.107732,2025,doi:10.1145/3485983.3494866,GRAF: a graph neural network based proactive resource allocation framework for SLO-oriented microservices,2021,Conference on Emerging Network Experiment and Technology,83,30
doi:10.1109/access.2024.3365079,2024,ss:09aaa85c6fe92ec2e894700dc2bab4d481c5b27d,FIRM: An Intelligent Fine-Grained Resource Management Framework for SLO-Oriented Microservices,2020,USENIX Symposium on Operating Systems Design and Implementation,350,2
doi:10.1109/access.2024.3365079,2024,doi:10.1145/3338906.3338961,Latent error prediction and fault localization for microservice applications by learning from system trace logs,2019,ESEC/SIGSOFT FSE,263,3
doi:10.1109/access.2024.3365079,2024,doi:10.1109/access.2019.2911732,"Container Security: Issues, Challenges, and the Road Ahead",2019,IEEE Access,245,4
doi:10.1109/access.2024.3365079,2024,doi:10.1145/3501297,Anomaly Detection and Failure Root Cause Analysis in (Micro) Service-Based Cloud Applications: A Survey,2021,ACM Computing Surveys,233,5
doi:10.1109/access.2024.3365079,2024,doi:10.1109/icsaw.2017.11,"Microservice Architectures for Scalability, Agility and Reliability in E-Commerce",2017,IEEE International Conference on Software Architecture Workshops,216,6
doi:10.1109/access.2024.3365079,2024,doi:10.1007/s10723-017-9419-x,Genetic Algorithm for Multi-Objective Optimization of Container Allocation in Cloud Architecture,2017,Journal of Grid Computing,183,8
doi:10.1109/access.2024.3365079,2024,doi:10.1109/iwqos52092.2021.9521340,Practical Root Cause Localization for Microservice Systems via Trace Analysis,2021,International Workshop on Quality of Service,161,9
doi:10.1109/access.2024.3365079,2024,doi:10.1109/mascots.2018.00030,"TeaStore: A Micro-Service Reference Application for Benchmarking, Modeling and Resource Management Research",2018,"IEEE/ACM International Symposium on Modeling, Analysis, and Simulation On Computer and Telecommunication Systems",146,10
doi:10.1109/access.2024.3365079,2024,doi:10.52202/068431-2259,Root Cause Analysis of Failures in Microservices through Causal Discovery,2022,Neural Information Processing Systems,140,11
doi:10.1109/access.2024.3365079,2024,doi:10.1109/icdcs.2016.11,Gremlin: Systematic Resilience Testing of Microservices,2016,IEEE International Conference on Distributed Computing Systems,136,12
doi:10.1109/access.2024.3365079,2024,doi:10.1109/tpds.2021.3128037,Adaptive Resource Efficient Microservice Deployment in Cloud-Edge Continuum,2022,IEEE Transactions on Parallel and Distributed Systems,127,13
doi:10.1109/access.2024.3365079,2024,doi:10.1109/ms.2017.24,"Microservices in Practice, Part 1: Reality Check and Service Design",2017,IEEE Software,123,14
doi:10.1109/access.2024.3365079,2024,doi:10.1016/j.iot.2023.100784,FedSDM: Federated learning based smart decision making module for ECG data in IoT integrated Edge-Fog-Cloud computing environments,2023,Internet of Things,117,16
doi:10.1109/access.2024.3365079,2024,doi:10.1109/ms.2018.2141035,Using Microservices for Legacy Software Modernization,2018,IEEE Software,114,17
doi:10.1109/access.2024.3365079,2024,doi:10.1016/j.infsof.2021.106600,From Monolithic Systems to Microservices: An Assessment Framework,2019,Information and Software Technology,111,18
doi:10.1109/access.2024.3365079,2024,doi:10.1109/cloud.2018.00148,Deploying Microservice Based Applications with Kubernetes: Experiments and Lessons Learned,2018,IEEE International Conference on Cloud Computing,102,19
doi:10.1109/access.2024.3365079,2024,doi:10.1109/ase51524.2021.9678708,Groot: An Event-graph-based Approach for Root Cause Analysis in Industrial Settings,2021,International Conference on Automated Software Engineering,100,20
doi:10.1109/access.2024.3365079,2024,ss:00025f8caf92b2e737027790b36c82208d9c1ac7,"Circuit Breakers, Discovery, and API Gateways in Microservices",2016,arXiv.org,99,21
doi:10.1109/access.2024.3365079,2024,doi:10.1007/s11227-018-2345-2,Resource optimization of container orchestration: a case study in multi-cloud microservices-based applications,2018,Journal of Supercomputing,97,22
doi:10.1109/access.2024.3365079,2024,doi:10.1109/icsa-c.2019.00041,"Microservices in Industry: Insights into Technologies, Characteristics, and Software Quality",2019,2019 IEEE International Conference on Software Architecture Companion (ICSA-C),94,23
doi:10.1109/access.2024.3365079,2024,doi:10.1109/icsaw.2017.48,Towards Recovering the Software Architecture of Microservice-Based Systems,2017,IEEE International Conference on Software Architecture Workshops,93,24
doi:10.1109/access.2024.3365079,2024,doi:10.1109/ms.2015.11,Microservices,2015,IEEE Software,92,25
doi:10.1109/access.2024.3365079,2024,doi:10.1002/spe.2704,SmartHerd management: A microservices‐based fog computing–assisted IoT platform towards data‐driven smart dairy farming,2019,"Software, Practice & Experience",92,26
doi:10.1109/access.2024.3365079,2024,doi:10.1109/jiot.2018.2792940,Microservices Scheduling Model Over Heterogeneous Cloud-Edge Environments As Support for IoT Applications,2018,IEEE Internet of Things Journal,88,27
doi:10.1109/access.2024.3365079,2024,doi:10.1109/isc2.2018.8656968,A Microservice-enabled Architecture for Smart Surveillance using Blockchain Technology,2018,2018 IEEE International Smart Cities Conference (ISC2),86,28
doi:10.1109/access.2024.3365079,2024,doi:10.1109/infocom.2018.8486300,Load Balancing Across Microservices,2018,IEEE Conference on Computer Communications,85,29
doi:10.1109/access.2024.3365079,2024,doi:10.1145/3485983.3494866,GRAF: a graph neural network based proactive resource allocation framework for SLO-oriented microservices,2021,Conference on Emerging Network Experiment and Technology,83,30
doi:10.37547/tajet/volume07issue05-10,2025,ss:0174c967eeea5a0c1e8d389c790242cb07424b80,Building Microservices,2015,,793,1
doi:10.37547/tajet/volume07issue05-10,2025,ss:09aaa85c6fe92ec2e894700dc2bab4d481c5b27d,FIRM: An Intelligent Fine-Grained Resource Management Framework for SLO-Oriented Microservices,2020,USENIX Symposium on Operating Systems Design and Implementation,350,2
doi:10.37547/tajet/volume07issue05-10,2025,doi:10.1145/3338906.3338961,Latent error prediction and fault localization for microservice applications by learning from system trace logs,2019,ESEC/SIGSOFT FSE,263,3
doi:10.37547/tajet/volume07issue05-10,2025,doi:10.1109/access.2019.2911732,"Container Security: Issues, Challenges, and the Road Ahead",2019,IEEE Access,245,4
doi:10.37547/tajet/volume07issue05-10,2025,doi:10.1145/3501297,Anomaly Detection and Failure Root Cause Analysis in (Micro) Service-Based Cloud Applications: A Survey,2021,ACM Computing Surveys,233,5
doi:10.37547/tajet/volume07issue05-10,2025,doi:10.1109/icsaw.2017.11,"Microservice Architectures for Scalability, Agility and Reliability in E-Commerce",2017,IEEE International Conference on Software Architecture Workshops,216,6
doi:10.37547/tajet/volume07issue05-10,2025,doi:10.1016/j.jss.2019.01.001,Architecting with microservices: A systematic mapping study,2019,Journal of Systems and Software,207,7
doi:10.37547/tajet/volume07issue05-10,2025,doi:10.1007/s10723-017-9419-x,Genetic Algorithm for Multi-Objective Optimization of Container Allocation in Cloud Architecture,2017,Journal of Grid Computing,183,8
doi:10.37547/tajet/volume07issue05-10,2025,doi:10.1109/iwqos52092.2021.9521340,Practical Root Cause Localization for Microservice Systems via Trace Analysis,2021,International Workshop on Quality of Service,161,9
doi:10.37547/tajet/volume07issue05-10,2025,doi:10.1109/mascots.2018.00030,"TeaStore: A Micro-Service Reference Application for Benchmarking, Modeling and Resource Management Research",2018,"IEEE/ACM International Symposium on Modeling, Analysis, and Simulation On Computer and Telecommunication Systems",146,10
doi:10.37547/tajet/volume07issue05-10,2025,doi:10.52202/068431-2259,Root Cause Analysis of Failures in Microservices through Causal Discovery,2022,Neural Information Processing Systems,140,11
doi:10.37547/tajet/volume07issue05-10,2025,doi:10.1109/icdcs.2016.11,Gremlin: Systematic Resilience Testing of Microservices,2016,IEEE International Conference on Distributed Computing Systems,136,12
doi:10.37547/tajet/volume07issue05-10,2025,doi:10.1109/tpds.2021.3128037,Adaptive Resource Efficient Microservice Deployment in Cloud-Edge Continuum,2022,IEEE Transactions on Parallel and Distributed Systems,127,13
doi:10.37547/tajet/volume07issue05-10,2025,doi:10.1109/ms.2017.24,"Microservices in Practice, Part 1: Reality Check and Service Design",2017,IEEE Software,123,14
doi:10.37547/tajet/volume07issue05-10,2025,doi:10.1002/cpe.4436,A survey on security issues in services communication of Microservices‐enabled fog applications,2019,Concurrency and Computation,120,15
doi:10.37547/tajet/volume07issue05-10,2025,doi:10.1016/j.iot.2023.100784,FedSDM: Federated learning based smart decision making module for ECG data in IoT integrated Edge-Fog-Cloud computing environments,2023,Internet of Things,117,16
doi:10.37547/tajet/volume07issue05-10,2025,doi:10.1109/ms.2018.2141035,Using Microservices for Legacy Software Modernization,2018,IEEE Software,114,17
doi:10.37547/tajet/volume07issue05-10,2025,doi:10.1016/j.infsof.2021.106600,From Monolithic Systems to Microservices: An Assessment Framework,2019,Information and Software Technology,111,18
doi:10.37547/tajet/volume07issue05-10,2025,doi:10.1109/cloud.2018.00148,Deploying Microservice Based Applications with Kubernetes: Experiments and Lessons Learned,2018,IEEE International Conference on Cloud Computing,102,19
doi:10.37547/tajet/volume07issue05-10,2025,doi:10.1109/ase51524.2021.9678708,Groot: An Event-graph-based Approach for Root Cause Analysis in Industrial Settings,2021,International Conference on Automated Software Engineering,100,20
doi:10.37547/tajet/volume07issue05-10,2025,ss:00025f8caf92b2e737027790b36c82208d9c1ac7,"Circuit Breakers, Discovery, and API Gateways in Microservices",2016,arXiv.org,99,21
doi:10.37547/tajet/volume07issue05-10,2025,doi:10.1007/s11227-018-2345-2,Resource optimization of container orchestration: a case study in multi-cloud microservices-based applications,2018,Journal of Supercomputing,97,22
doi:10.37547/tajet/volume07issue05-10,2025,doi:10.1109/icsa-c.2019.00041,"Microservices in Industry: Insights into Technologies, Characteristics, and Software Quality",2019,2019 IEEE International Conference on Software Architecture Companion (ICSA-C),94,23
doi:10.37547/tajet/volume07issue05-10,2025,doi:10.1109/icsaw.2017.48,Towards Recovering the Software Architecture of Microservice-Based Systems,2017,IEEE International Conference on Software Architecture Workshops,93,24
doi:10.37547/tajet/volume07issue05-10,2025,doi:10.1109/ms.2015.11,Microservices,2015,IEEE Software,92,25
doi:10.37547/tajet/volume07issue05-10,2025,doi:10.1002/spe.2704,SmartHerd management: A microservices‐based fog computing–assisted IoT platform towards data‐driven smart dairy farming,2019,"Software, Practice & Experience",92,26
doi:10.37547/tajet/volume07issue05-10,2025,doi:10.1109/jiot.2018.2792940,Microservices Scheduling Model Over Heterogeneous Cloud-Edge Environments As Support for IoT Applications,2018,IEEE Internet of Things Journal,88,27
doi:10.37547/tajet/volume07issue05-10,2025,doi:10.1109/isc2.2018.8656968,A Microservice-enabled Architecture for Smart Surveillance using Blockchain Technology,2018,2018 IEEE International Smart Cities Conference (ISC2),86,28
doi:10.37547/tajet/volume07issue05-10,2025,doi:10.1109/infocom.2018.8486300,Load Balancing Across Microservices,2018,IEEE Conference on Computer Communications,85,29
doi:10.37547/tajet/volume07issue05-10,2025,doi:10.1145/3485983.3494866,GRAF: a graph neural network based proactive resource allocation framework for SLO-oriented microservices,2021,Conference on Emerging Network Experiment and Technology,83,30
doi:10.1109/access.2024.3406500,2024,ss:0174c967eeea5a0c1e8d389c790242cb07424b80,Building Microservices,2015,,793,1
doi:10.1109/access.2024.3406500,2024,ss:09aaa85c6fe92ec2e894700dc2bab4d481c5b27d,FIRM: An Intelligent Fine-Grained Resource Management Framework for SLO-Oriented Microservices,2020,USENIX Symposium on Operating Systems Design and Implementation,350,2
doi:10.1109/access.2024.3406500,2024,doi:10.1145/3338906.3338961,Latent error prediction and fault localization for microservice applications by learning from system trace logs,2019,ESEC/SIGSOFT FSE,263,3
doi:10.1109/access.2024.3406500,2024,doi:10.1109/access.2019.2911732,"Container Security: Issues, Challenges, and the Road Ahead",2019,IEEE Access,245,4
doi:10.1109/access.2024.3406500,2024,doi:10.1145/3501297,Anomaly Detection and Failure Root Cause Analysis in (Micro) Service-Based Cloud Applications: A Survey,2021,ACM Computing Surveys,233,5
doi:10.1109/access.2024.3406500,2024,doi:10.1109/icsaw.2017.11,"Microservice Architectures for Scalability, Agility and Reliability in E-Commerce",2017,IEEE International Conference on Software Architecture Workshops,216,6
doi:10.1109/access.2024.3406500,2024,doi:10.1016/j.jss.2019.01.001,Architecting with microservices: A systematic mapping study,2019,Journal of Systems and Software,207,7
doi:10.1109/access.2024.3406500,2024,doi:10.1007/s10723-017-9419-x,Genetic Algorithm for Multi-Objective Optimization of Container Allocation in Cloud Architecture,2017,Journal of Grid Computing,183,8
doi:10.1109/access.2024.3406500,2024,doi:10.1109/iwqos52092.2021.9521340,Practical Root Cause Localization for Microservice Systems via Trace Analysis,2021,International Workshop on Quality of Service,161,9
doi:10.1109/access.2024.3406500,2024,doi:10.1109/mascots.2018.00030,"TeaStore: A Micro-Service Reference Application for Benchmarking, Modeling and Resource Management Research",2018,"IEEE/ACM International Symposium on Modeling, Analysis, and Simulation On Computer and Telecommunication Systems",146,10
doi:10.1109/access.2024.3406500,2024,doi:10.52202/068431-2259,Root Cause Analysis of Failures in Microservices through Causal Discovery,2022,Neural Information Processing Systems,140,11
doi:10.1109/access.2024.3406500,2024,doi:10.1109/icdcs.2016.11,Gremlin: Systematic Resilience Testing of Microservices,2016,IEEE International Conference on Distributed Computing Systems,136,12
doi:10.1109/access.2024.3406500,2024,doi:10.1109/tpds.2021.3128037,Adaptive Resource Efficient Microservice Deployment in Cloud-Edge Continuum,2022,IEEE Transactions on Parallel and Distributed Systems,127,13
doi:10.1109/access.2024.3406500,2024,doi:10.1016/j.iot.2023.100784,FedSDM: Federated learning based smart decision making module for ECG data in IoT integrated Edge-Fog-Cloud computing environments,2023,Internet of Things,117,16
doi:10.1109/access.2024.3406500,2024,doi:10.1109/ms.2018.2141035,Using Microservices for Legacy Software Modernization,2018,IEEE Software,114,17
doi:10.1109/access.2024.3406500,2024,doi:10.1016/j.infsof.2021.106600,From Monolithic Systems to Microservices: An Assessment Framework,2019,Information and Software Technology,111,18
doi:10.1109/access.2024.3406500,2024,doi:10.1109/cloud.2018.00148,Deploying Microservice Based Applications with Kubernetes: Experiments and Lessons Learned,2018,IEEE International Conference on Cloud Computing,102,19
doi:10.1109/access.2024.3406500,2024,doi:10.1109/ase51524.2021.9678708,Groot: An Event-graph-based Approach for Root Cause Analysis in Industrial Settings,2021,International Conference on Automated Software Engineering,100,20
doi:10.1109/access.2024.3406500,2024,ss:00025f8caf92b2e737027790b36c82208d9c1ac7,"Circuit Breakers, Discovery, and API Gateways in Microservices",2016,arXiv.org,99,21
doi:10.1109/access.2024.3406500,2024,doi:10.1007/s11227-018-2345-2,Resource optimization of container orchestration: a case study in multi-cloud microservices-based applications,2018,Journal of Supercomputing,97,22
doi:10.1109/access.2024.3406500,2024,doi:10.1109/icsa-c.2019.00041,"Microservices in Industry: Insights into Technologies, Characteristics, and Software Quality",2019,2019 IEEE International Conference on Software Architecture Companion (ICSA-C),94,23
doi:10.1109/access.2024.3406500,2024,doi:10.1109/icsaw.2017.48,Towards Recovering the Software Architecture of Microservice-Based Systems,2017,IEEE International Conference on Software Architecture Workshops,93,24
doi:10.1109/access.2024.3406500,2024,doi:10.1109/ms.2015.11,Microservices,2015,IEEE Software,92,25
doi:10.1109/access.2024.3406500,2024,doi:10.1002/spe.2704,SmartHerd management: A microservices‐based fog computing–assisted IoT platform towards data‐driven smart dairy farming,2019,"Software, Practice & Experience",92,26
doi:10.1109/access.2024.3406500,2024,doi:10.1109/jiot.2018.2792940,Microservices Scheduling Model Over Heterogeneous Cloud-Edge Environments As Support for IoT Applications,2018,IEEE Internet of Things Journal,88,27
doi:10.1109/access.2024.3406500,2024,doi:10.1109/isc2.2018.8656968,A Microservice-enabled Architecture for Smart Surveillance using Blockchain Technology,2018,2018 IEEE International Smart Cities Conference (ISC2),86,28
doi:10.1109/access.2024.3406500,2024,doi:10.1109/infocom.2018.8486300,Load Balancing Across Microservices,2018,IEEE Conference on Computer Communications,85,29
doi:10.1109/access.2024.3406500,2024,doi:10.1145/3485983.3494866,GRAF: a graph neural network based proactive resource allocation framework for SLO-oriented microservices,2021,Conference on Emerging Network Experiment and Technology,83,30
doi:10.23919/cisti49556.2020.9141150,2020,ss:0174c967eeea5a0c1e8d389c790242cb07424b80,Building Microservices,2015,,793,1
doi:10.23919/cisti49556.2020.9141150,2020,ss:09aaa85c6fe92ec2e894700dc2bab4d481c5b27d,FIRM: An Intelligent Fine-Grained Resource Management Framework for SLO-Oriented Microservices,2020,USENIX Symposium on Operating Systems Design and Implementation,350,2
doi:10.23919/cisti49556.2020.9141150,2020,doi:10.1145/3338906.3338961,Latent error prediction and fault localization for microservice applications by learning from system trace logs,2019,ESEC/SIGSOFT FSE,263,3
doi:10.23919/cisti49556.2020.9141150,2020,doi:10.1109/access.2019.2911732,"Container Security: Issues, Challenges, and the Road Ahead",2019,IEEE Access,245,4
doi:10.23919/cisti49556.2020.9141150,2020,doi:10.1109/icsaw.2017.11,"Microservice Architectures for Scalability, Agility and Reliability in E-Commerce",2017,IEEE International Conference on Software Architecture Workshops,216,6
doi:10.23919/cisti49556.2020.9141150,2020,doi:10.1007/s10723-017-9419-x,Genetic Algorithm for Multi-Objective Optimization of Container Allocation in Cloud Architecture,2017,Journal of Grid Computing,183,8
doi:10.23919/cisti49556.2020.9141150,2020,doi:10.1109/mascots.2018.00030,"TeaStore: A Micro-Service Reference Application for Benchmarking, Modeling and Resource Management Research",2018,"IEEE/ACM International Symposium on Modeling, Analysis, and Simulation On Computer and Telecommunication Systems",146,10
doi:10.23919/cisti49556.2020.9141150,2020,doi:10.1109/icdcs.2016.11,Gremlin: Systematic Resilience Testing of Microservices,2016,IEEE International Conference on Distributed Computing Systems,136,12
doi:10.23919/cisti49556.2020.9141150,2020,doi:10.1109/ms.2017.24,"Microservices in Practice, Part 1: Reality Check and Service Design",2017,IEEE Software,123,14
doi:10.23919/cisti49556.2020.9141150,2020,doi:10.1002/cpe.4436,A survey on security issues in services communication of Microservices‐enabled fog applications,2019,Concurrency and Computation,120,15
doi:10.23919/cisti49556.2020.9141150,2020,doi:10.1109/ms.2018.2141035,Using Microservices for Legacy Software Modernization,2018,IEEE Software,114,17
doi:10.23919/cisti49556.2020.9141150,2020,doi:10.1016/j.infsof.2021.106600,From Monolithic Systems to Microservices: An Assessment Framework,2019,Information and Software Technology,111,18
doi:10.23919/cisti49556.2020.9141150,2020,doi:10.1109/cloud.2018.00148,Deploying Microservice Based Applications with Kubernetes: Experiments and Lessons Learned,2018,IEEE International Conference on Cloud Computing,102,19
doi:10.23919/cisti49556.2020.9141150,2020,ss:00025f8caf92b2e737027790b36c82208d9c1ac7,"Circuit Breakers, Discovery, and API Gateways in Microservices",2016,arXiv.org,99,21
doi:10.23919/cisti49556.2020.9141150,2020,doi:10.1007/s11227-018-2345-2,Resource optimization of container orchestration: a case study in multi-cloud microservices-based applications,2018,Journal of Supercomputing,97,22
doi:10.23919/cisti49556.2020.9141150,2020,doi:10.1109/icsa-c.2019.00041,"Microservices in Industry: Insights into Technologies, Characteristics, and Software Quality",2019,2019 IEEE International Conference on Software Architecture Companion (ICSA-C),94,23
doi:10.23919/cisti49556.2020.9141150,2020,doi:10.1109/ms.2015.11,Microservices,2015,IEEE Software,92,25
doi:10.23919/cisti49556.2020.9141150,2020,doi:10.1002/spe.2704,SmartHerd management: A microservices‐based fog computing–assisted IoT platform towards data‐driven smart dairy farming,2019,"Software, Practice & Experience",92,26
doi:10.23919/cisti49556.2020.9141150,2020,doi:10.1109/jiot.2018.2792940,Microservices Scheduling Model Over Heterogeneous Cloud-Edge Environments As Support for IoT Applications,2018,IEEE Internet of Things Journal,88,27
doi:10.23919/cisti49556.2020.9141150,2020,doi:10.1109/isc2.2018.8656968,A Microservice-enabled Architecture for Smart Surveillance using Blockchain Technology,2018,2018 IEEE International Smart Cities Conference (ISC2),86,28
doi:10.23919/cisti49556.2020.9141150,2020,doi:10.1109/infocom.2018.8486300,Load Balancing Across Microservices,2018,IEEE Conference on Computer Communications,85,29
doi:10.1109/icsa-c54293.2022.00030,2022,ss:0174c967eeea5a0c1e8d389c790242cb07424b80,Building Microservices,2015,,793,1
doi:10.1109/icsa-c54293.2022.00030,2022,ss:09aaa85c6fe92ec2e894700dc2bab4d481c5b27d,FIRM: An Intelligent Fine-Grained Resource Management Framework for SLO-Oriented Microservices,2020,USENIX Symposium on Operating Systems Design and Implementation,350,2
doi:10.1109/icsa-c54293.2022.00030,2022,doi:10.1145/3338906.3338961,Latent error prediction and fault localization for microservice applications by learning from system trace logs,2019,ESEC/SIGSOFT FSE,263,3
doi:10.1109/icsa-c54293.2022.00030,2022,doi:10.1109/access.2019.2911732,"Container Security: Issues, Challenges, and the Road Ahead",2019,IEEE Access,245,4
doi:10.1109/icsa-c54293.2022.00030,2022,doi:10.1145/3501297,Anomaly Detection and Failure Root Cause Analysis in (Micro) Service-Based Cloud Applications: A Survey,2021,ACM Computing Surveys,233,5
doi:10.1109/icsa-c54293.2022.00030,2022,doi:10.1109/icsaw.2017.11,"Microservice Architectures for Scalability, Agility and Reliability in E-Commerce",2017,IEEE International Conference on Software Architecture Workshops,216,6
doi:10.1109/icsa-c54293.2022.00030,2022,doi:10.1016/j.jss.2019.01.001,Architecting with microservices: A systematic mapping study,2019,Journal of Systems and Software,207,7
doi:10.1109/icsa-c54293.2022.00030,2022,doi:10.1007/s10723-017-9419-x,Genetic Algorithm for Multi-Objective Optimization of Container Allocation in Cloud Architecture,2017,Journal of Grid Computing,183,8
doi:10.1109/icsa-c54293.2022.00030,2022,doi:10.1109/iwqos52092.2021.9521340,Practical Root Cause Localization for Microservice Systems via Trace Analysis,2021,International Workshop on Quality of Service,161,9
doi:10.1109/icsa-c54293.2022.00030,2022,doi:10.1109/mascots.2018.00030,"TeaStore: A Micro-Service Reference Application for Benchmarking, Modeling and Resource Management Research",2018,"IEEE/ACM International Symposium on Modeling, Analysis, and Simulation On Computer and Telecommunication Systems",146,10
doi:10.1109/icsa-c54293.2022.00030,2022,doi:10.52202/068431-2259,Root Cause Analysis of Failures in Microservices through Causal Discovery,2022,Neural Information Processing Systems,140,11
doi:10.1109/icsa-c54293.2022.00030,2022,doi:10.1109/icdcs.2016.11,Gremlin: Systematic Resilience Testing of Microservices,2016,IEEE International Conference on Distributed Computing Systems,136,12
doi:10.1109/icsa-c54293.2022.00030,2022,doi:10.1109/tpds.2021.3128037,Adaptive Resource Efficient Microservice Deployment in Cloud-Edge Continuum,2022,IEEE Transactions on Parallel and Distributed Systems,127,13
doi:10.1109/icsa-c54293.2022.00030,2022,doi:10.1109/ms.2017.24,"Microservices in Practice, Part 1: Reality Check and Service Design",2017,IEEE Software,123,14
doi:10.1109/icsa-c54293.2022.00030,2022,doi:10.1002/cpe.4436,A survey on security issues in services communication of Microservices‐enabled fog applications,2019,Concurrency and Computation,120,15
doi:10.1109/icsa-c54293.2022.00030,2022,doi:10.1109/ms.2018.2141035,Using Microservices for Legacy Software Modernization,2018,IEEE Software,114,17
doi:10.1109/icsa-c54293.2022.00030,2022,doi:10.1016/j.infsof.2021.106600,From Monolithic Systems to Microservices: An Assessment Framework,2019,Information and Software Technology,111,18
doi:10.1109/icsa-c54293.2022.00030,2022,doi:10.1109/cloud.2018.00148,Deploying Microservice Based Applications with Kubernetes: Experiments and Lessons Learned,2018,IEEE International Conference on Cloud Computing,102,19
doi:10.1109/icsa-c54293.2022.00030,2022,doi:10.1109/ase51524.2021.9678708,Groot: An Event-graph-based Approach for Root Cause Analysis in Industrial Settings,2021,International Conference on Automated Software Engineering,100,20
doi:10.1109/icsa-c54293.2022.00030,2022,ss:00025f8caf92b2e737027790b36c82208d9c1ac7,"Circuit Breakers, Discovery, and API Gateways in Microservices",2016,arXiv.org,99,21
doi:10.1109/icsa-c54293.2022.00030,2022,doi:10.1007/s11227-018-2345-2,Resource optimization of container orchestration: a case study in multi-cloud microservices-based applications,2018,Journal of Supercomputing,97,22
doi:10.1109/icsa-c54293.2022.00030,2022,doi:10.1109/icsa-c.2019.00041,"Microservices in Industry: Insights into Technologies, Characteristics, and Software Quality",2019,2019 IEEE International Conference on Software Architecture Companion (ICSA-C),94,23
doi:10.1109/icsa-c54293.2022.00030,2022,doi:10.1109/icsaw.2017.48,Towards Recovering the Software Architecture of Microservice-Based Systems,2017,IEEE International Conference on Software Architecture Workshops,93,24
doi:10.1109/icsa-c54293.2022.00030,2022,doi:10.1109/ms.2015.11,Microservices,2015,IEEE Software,92,25
doi:10.1109/icsa-c54293.2022.00030,2022,doi:10.1002/spe.2704,SmartHerd management: A microservices‐based fog computing–assisted IoT platform towards data‐driven smart dairy farming,2019,"Software, Practice & Experience",92,26
doi:10.1109/icsa-c54293.2022.00030,2022,doi:10.1109/jiot.2018.2792940,Microservices Scheduling Model Over Heterogeneous Cloud-Edge Environments As Support for IoT Applications,2018,IEEE Internet of Things Journal,88,27
doi:10.1109/icsa-c54293.2022.00030,2022,doi:10.1109/isc2.2018.8656968,A Microservice-enabled Architecture for Smart Surveillance using Blockchain Technology,2018,2018 IEEE International Smart Cities Conference (ISC2),86,28
doi:10.1109/icsa-c54293.2022.00030,2022,doi:10.1109/infocom.2018.8486300,Load Balancing Across Microservices,2018,IEEE Conference on Computer Communications,85,29
doi:10.1109/icsa-c54293.2022.00030,2022,doi:10.1145/3485983.3494866,GRAF: a graph neural network based proactive resource allocation framework for SLO-oriented microservices,2021,Conference on Emerging Network Experiment and Technology,83,30
doi:10.3390/app12115507,2022,ss:0174c967eeea5a0c1e8d389c790242cb07424b80,Building Microservices,2015,,793,1
doi:10.3390/app12115507,2022,ss:09aaa85c6fe92ec2e894700dc2bab4d481c5b27d,FIRM: An Intelligent Fine-Grained Resource Management Framework for SLO-Oriented Microservices,2020,USENIX Symposium on Operating Systems Design and Implementation,350,2
doi:10.3390/app12115507,2022,doi:10.1145/3338906.3338961,Latent error prediction and fault localization for microservice applications by learning from system trace logs,2019,ESEC/SIGSOFT FSE,263,3
doi:10.3390/app12115507,2022,doi:10.1109/access.2019.2911732,"Container Security: Issues, Challenges, and the Road Ahead",2019,IEEE Access,245,4
doi:10.3390/app12115507,2022,doi:10.1145/3501297,Anomaly Detection and Failure Root Cause Analysis in (Micro) Service-Based Cloud Applications: A Survey,2021,ACM Computing Surveys,233,5
doi:10.3390/app12115507,2022,doi:10.1109/icsaw.2017.11,"Microservice Architectures for Scalability, Agility and Reliability in E-Commerce",2017,IEEE International Conference on Software Architecture Workshops,216,6
doi:10.3390/app12115507,2022,doi:10.1007/s10723-017-9419-x,Genetic Algorithm for Multi-Objective Optimization of Container Allocation in Cloud Architecture,2017,Journal of Grid Computing,183,8
doi:10.3390/app12115507,2022,doi:10.1109/iwqos52092.2021.9521340,Practical Root Cause Localization for Microservice Systems via Trace Analysis,2021,International Workshop on Quality of Service,161,9
doi:10.3390/app12115507,2022,doi:10.1109/mascots.2018.00030,"TeaStore: A Micro-Service Reference Application for Benchmarking, Modeling and Resource Management Research",2018,"IEEE/ACM International Symposium on Modeling, Analysis, and Simulation On Computer and Telecommunication Systems",146,10
doi:10.3390/app12115507,2022,doi:10.52202/068431-2259,Root Cause Analysis of Failures in Microservices through Causal Discovery,2022,Neural Information Processing Systems,140,11
doi:10.3390/app12115507,2022,doi:10.1109/icdcs.2016.11,Gremlin: Systematic Resilience Testing of Microservices,2016,IEEE International Conference on Distributed Computing Systems,136,12
doi:10.3390/app12115507,2022,doi:10.1109/tpds.2021.3128037,Adaptive Resource Efficient Microservice Deployment in Cloud-Edge Continuum,2022,IEEE Transactions on Parallel and Distributed Systems,127,13
doi:10.3390/app12115507,2022,doi:10.1109/ms.2017.24,"Microservices in Practice, Part 1: Reality Check and Service Design",2017,IEEE Software,123,14
doi:10.3390/app12115507,2022,doi:10.1002/cpe.4436,A survey on security issues in services communication of Microservices‐enabled fog applications,2019,Concurrency and Computation,120,15
doi:10.3390/app12115507,2022,doi:10.1109/ms.2018.2141035,Using Microservices for Legacy Software Modernization,2018,IEEE Software,114,17
doi:10.3390/app12115507,2022,doi:10.1016/j.infsof.2021.106600,From Monolithic Systems to Microservices: An Assessment Framework,2019,Information and Software Technology,111,18
doi:10.3390/app12115507,2022,doi:10.1109/cloud.2018.00148,Deploying Microservice Based Applications with Kubernetes: Experiments and Lessons Learned,2018,IEEE International Conference on Cloud Computing,102,19
doi:10.3390/app12115507,2022,doi:10.1109/ase51524.2021.9678708,Groot: An Event-graph-based Approach for Root Cause Analysis in Industrial Settings,2021,International Conference on Automated Software Engineering,100,20
doi:10.3390/app12115507,2022,ss:00025f8caf92b2e737027790b36c82208d9c1ac7,"Circuit Breakers, Discovery, and API Gateways in Microservices",2016,arXiv.org,99,21
doi:10.3390/app12115507,2022,doi:10.1007/s11227-018-2345-2,Resource optimization of container orchestration: a case study in multi-cloud microservices-based applications,2018,Journal of Supercomputing,97,22
doi:10.3390/app12115507,2022,doi:10.1109/icsa-c.2019.00041,"Microservices in Industry: Insights into Technologies, Characteristics, and Software Quality",2019,2019 IEEE International Conference on Software Architecture Companion (ICSA-C),94,23
doi:10.3390/app12115507,2022,doi:10.1109/icsaw.2017.48,Towards Recovering the Software Architecture of Microservice-Based Systems,2017,IEEE International Conference on Software Architecture Workshops,93,24
doi:10.3390/app12115507,2022,doi:10.1109/ms.2015.11,Microservices,2015,IEEE Software,92,25
doi:10.3390/app12115507,2022,doi:10.1002/spe.2704,SmartHerd management: A microservices‐based fog computing–assisted IoT platform towards data‐driven smart dairy farming,2019,"Software, Practice & Experience",92,26
doi:10.3390/app12115507,2022,doi:10.1109/jiot.2018.2792940,Microservices Scheduling Model Over Heterogeneous Cloud-Edge Environments As Support for IoT Applications,2018,IEEE Internet of Things Journal,88,27
doi:10.3390/app12115507,2022,doi:10.1109/isc2.2018.8656968,A Microservice-enabled Architecture for Smart Surveillance using Blockchain Technology,2018,2018 IEEE International Smart Cities Conference (ISC2),86,28
doi:10.3390/app12115507,2022,doi:10.1109/infocom.2018.8486300,Load Balancing Across Microservices,2018,IEEE Conference on Computer Communications,85,29
doi:10.3390/app12115507,2022,doi:10.1145/3485983.3494866,GRAF: a graph neural network based proactive resource allocation framework for SLO-oriented microservices,2021,Conference on Emerging Network Experiment and Technology,83,30
doi:10.1109/tse.2023.3287297,2023,ss:09aaa85c6fe92ec2e894700dc2bab4d481c5b27d,FIRM: An Intelligent Fine-Grained Resource Management Framework for SLO-Oriented Microservices,2020,USENIX Symposium on Operating Systems Design and Implementation,350,2
doi:10.1109/tse.2023.3287297,2023,doi:10.1145/3338906.3338961,Latent error prediction and fault localization for microservice applications by learning from system trace logs,2019,ESEC/SIGSOFT FSE,263,3
doi:10.1109/tse.2023.3287297,2023,doi:10.1109/access.2019.2911732,"Container Security: Issues, Challenges, and the Road Ahead",2019,IEEE Access,245,4
doi:10.1109/tse.2023.3287297,2023,doi:10.1145/3501297,Anomaly Detection and Failure Root Cause Analysis in (Micro) Service-Based Cloud Applications: A Survey,2021,ACM Computing Surveys,233,5
doi:10.1109/tse.2023.3287297,2023,doi:10.1109/icsaw.2017.11,"Microservice Architectures for Scalability, Agility and Reliability in E-Commerce",2017,IEEE International Conference on Software Architecture Workshops,216,6
doi:10.1109/tse.2023.3287297,2023,doi:10.1007/s10723-017-9419-x,Genetic Algorithm for Multi-Objective Optimization of Container Allocation in Cloud Architecture,2017,Journal of Grid Computing,183,8
doi:10.1109/tse.2023.3287297,2023,doi:10.1109/iwqos52092.2021.9521340,Practical Root Cause Localization for Microservice Systems via Trace Analysis,2021,International Workshop on Quality of Service,161,9
doi:10.1109/tse.2023.3287297,2023,doi:10.1109/mascots.2018.00030,"TeaStore: A Micro-Service Reference Application for Benchmarking, Modeling and Resource Management Research",2018,"IEEE/ACM International Symposium on Modeling, Analysis, and Simulation On Computer and Telecommunication Systems",146,10
doi:10.1109/tse.2023.3287297,2023,doi:10.52202/068431-2259,Root Cause Analysis of Failures in Microservices through Causal Discovery,2022,Neural Information Processing Systems,140,11
doi:10.1109/tse.2023.3287297,2023,doi:10.1109/icdcs.2016.11,Gremlin: Systematic Resilience Testing of Microservices,2016,IEEE International Conference on Distributed Computing Systems,136,12
doi:10.1109/tse.2023.3287297,2023,doi:10.1109/tpds.2021.3128037,Adaptive Resource Efficient Microservice Deployment in Cloud-Edge Continuum,2022,IEEE Transactions on Parallel and Distributed Systems,127,13
doi:10.1109/tse.2023.3287297,2023,doi:10.1002/cpe.4436,A survey on security issues in services communication of Microservices‐enabled fog applications,2019,Concurrency and Computation,120,15
doi:10.1109/tse.2023.3287297,2023,doi:10.1016/j.iot.2023.100784,FedSDM: Federated learning based smart decision making module for ECG data in IoT integrated Edge-Fog-Cloud computing environments,2023,Internet of Things,117,16
doi:10.1109/tse.2023.3287297,2023,doi:10.1109/ms.2018.2141035,Using Microservices for Legacy Software Modernization,2018,IEEE Software,114,17
doi:10.1109/tse.2023.3287297,2023,doi:10.1109/cloud.2018.00148,Deploying Microservice Based Applications with Kubernetes: Experiments and Lessons Learned,2018,IEEE International Conference on Cloud Computing,102,19
doi:10.1109/tse.2023.3287297,2023,doi:10.1109/ase51524.2021.9678708,Groot: An Event-graph-based Approach for Root Cause Analysis in Industrial Settings,2021,International Conference on Automated Software Engineering,100,20
doi:10.1109/tse.2023.3287297,2023,ss:00025f8caf92b2e737027790b36c82208d9c1ac7,"Circuit Breakers, Discovery, and API Gateways in Microservices",2016,arXiv.org,99,21
doi:10.1109/tse.2023.3287297,2023,doi:10.1007/s11227-018-2345-2,Resource optimization of container orchestration: a case study in multi-cloud microservices-based applications,2018,Journal of Supercomputing,97,22
doi:10.1109/tse.2023.3287297,2023,doi:10.1109/icsa-c.2019.00041,"Microservices in Industry: Insights into Technologies, Characteristics, and Software Quality",2019,2019 IEEE International Conference on Software Architecture Companion (ICSA-C),94,23
doi:10.1109/tse.2023.3287297,2023,doi:10.1109/icsaw.2017.48,Towards Recovering the Software Architecture of Microservice-Based Systems,2017,IEEE International Conference on Software Architecture Workshops,93,24
doi:10.1109/tse.2023.3287297,2023,doi:10.1109/ms.2015.11,Microservices,2015,IEEE Software,92,25
doi:10.1109/tse.2023.3287297,2023,doi:10.1002/spe.2704,SmartHerd management: A microservices‐based fog computing–assisted IoT platform towards data‐driven smart dairy farming,2019,"Software, Practice & Experience",92,26
doi:10.1109/tse.2023.3287297,2023,doi:10.1109/jiot.2018.2792940,Microservices Scheduling Model Over Heterogeneous Cloud-Edge Environments As Support for IoT Applications,2018,IEEE Internet of Things Journal,88,27
doi:10.1109/tse.2023.3287297,2023,doi:10.1109/isc2.2018.8656968,A Microservice-enabled Architecture for Smart Surveillance using Blockchain Technology,2018,2018 IEEE International Smart Cities Conference (ISC2),86,28
doi:10.1109/tse.2023.3287297,2023,doi:10.1109/infocom.2018.8486300,Load Balancing Across Microservices,2018,IEEE Conference on Computer Communications,85,29
doi:10.1109/tse.2023.3287297,2023,doi:10.1145/3485983.3494866,GRAF: a graph neural network based proactive resource allocation framework for SLO-oriented microservices,2021,Conference on Emerging Network Experiment and Technology,83,30
doi:10.1109/icicas53977.2021.00059,2021,ss:0174c967eeea5a0c1e8d389c790242cb07424b80,Building Microservices,2015,,793,1
doi:10.1109/icicas53977.2021.00059,2021,ss:09aaa85c6fe92ec2e894700dc2bab4d481c5b27d,FIRM: An Intelligent Fine-Grained Resource Management Framework for SLO-Oriented Microservices,2020,USENIX Symposium on Operating Systems Design and Implementation,350,2
doi:10.1109/icicas53977.2021.00059,2021,doi:10.1145/3338906.3338961,Latent error prediction and fault localization for microservice applications by learning from system trace logs,2019,ESEC/SIGSOFT FSE,263,3
doi:10.1109/icicas53977.2021.00059,2021,doi:10.1109/access.2019.2911732,"Container Security: Issues, Challenges, and the Road Ahead",2019,IEEE Access,245,4
doi:10.1109/icicas53977.2021.00059,2021,doi:10.1145/3501297,Anomaly Detection and Failure Root Cause Analysis in (Micro) Service-Based Cloud Applications: A Survey,2021,ACM Computing Surveys,233,5
doi:10.1109/icicas53977.2021.00059,2021,doi:10.1109/icsaw.2017.11,"Microservice Architectures for Scalability, Agility and Reliability in E-Commerce",2017,IEEE International Conference on Software Architecture Workshops,216,6
doi:10.1109/icicas53977.2021.00059,2021,doi:10.1016/j.jss.2019.01.001,Architecting with microservices: A systematic mapping study,2019,Journal of Systems and Software,207,7
doi:10.1109/icicas53977.2021.00059,2021,doi:10.1007/s10723-017-9419-x,Genetic Algorithm for Multi-Objective Optimization of Container Allocation in Cloud Architecture,2017,Journal of Grid Computing,183,8
doi:10.1109/icicas53977.2021.00059,2021,doi:10.1109/iwqos52092.2021.9521340,Practical Root Cause Localization for Microservice Systems via Trace Analysis,2021,International Workshop on Quality of Service,161,9
doi:10.1109/icicas53977.2021.00059,2021,doi:10.1109/mascots.2018.00030,"TeaStore: A Micro-Service Reference Application for Benchmarking, Modeling and Resource Management Research",2018,"IEEE/ACM International Symposium on Modeling, Analysis, and Simulation On Computer and Telecommunication Systems",146,10
doi:10.1109/icicas53977.2021.00059,2021,doi:10.1109/icdcs.2016.11,Gremlin: Systematic Resilience Testing of Microservices,2016,IEEE International Conference on Distributed Computing Systems,136,12
doi:10.1109/icicas53977.2021.00059,2021,doi:10.1109/ms.2017.24,"Microservices in Practice, Part 1: Reality Check and Service Design",2017,IEEE Software,123,14
doi:10.1109/icicas53977.2021.00059,2021,doi:10.1002/cpe.4436,A survey on security issues in services communication of Microservices‐enabled fog applications,2019,Concurrency and Computation,120,15
doi:10.1109/icicas53977.2021.00059,2021,doi:10.1109/ms.2018.2141035,Using Microservices for Legacy Software Modernization,2018,IEEE Software,114,17
doi:10.1109/icicas53977.2021.00059,2021,doi:10.1016/j.infsof.2021.106600,From Monolithic Systems to Microservices: An Assessment Framework,2019,Information and Software Technology,111,18
doi:10.1109/icicas53977.2021.00059,2021,doi:10.1109/cloud.2018.00148,Deploying Microservice Based Applications with Kubernetes: Experiments and Lessons Learned,2018,IEEE International Conference on Cloud Computing,102,19
doi:10.1109/icicas53977.2021.00059,2021,doi:10.1109/ase51524.2021.9678708,Groot: An Event-graph-based Approach for Root Cause Analysis in Industrial Settings,2021,International Conference on Automated Software Engineering,100,20
doi:10.1109/icicas53977.2021.00059,2021,ss:00025f8caf92b2e737027790b36c82208d9c1ac7,"Circuit Breakers, Discovery, and API Gateways in Microservices",2016,arXiv.org,99,21
doi:10.1109/icicas53977.2021.00059,2021,doi:10.1007/s11227-018-2345-2,Resource optimization of container orchestration: a case study in multi-cloud microservices-based applications,2018,Journal of Supercomputing,97,22
doi:10.1109/icicas53977.2021.00059,2021,doi:10.1109/icsa-c.2019.00041,"Microservices in Industry: Insights into Technologies, Characteristics, and Software Quality",2019,2019 IEEE International Conference on Software Architecture Companion (ICSA-C),94,23
doi:10.1109/icicas53977.2021.00059,2021,doi:10.1109/icsaw.2017.48,Towards Recovering the Software Architecture of Microservice-Based Systems,2017,IEEE International Conference on Software Architecture Workshops,93,24
doi:10.1109/icicas53977.2021.00059,2021,doi:10.1109/ms.2015.11,Microservices,2015,IEEE Software,92,25
doi:10.1109/icicas53977.2021.00059,2021,doi:10.1002/spe.2704,SmartHerd management: A microservices‐based fog computing–assisted IoT platform towards data‐driven smart dairy farming,2019,"Software, Practice & Experience",92,26
doi:10.1109/icicas53977.2021.00059,2021,doi:10.1109/jiot.2018.2792940,Microservices Scheduling Model Over Heterogeneous Cloud-Edge Environments As Support for IoT Applications,2018,IEEE Internet of Things Journal,88,27
doi:10.1109/icicas53977.2021.00059,2021,doi:10.1109/isc2.2018.8656968,A Microservice-enabled Architecture for Smart Surveillance using Blockchain Technology,2018,2018 IEEE International Smart Cities Conference (ISC2),86,28
doi:10.1109/icicas53977.2021.00059,2021,doi:10.1109/infocom.2018.8486300,Load Balancing Across Microservices,2018,IEEE Conference on Computer Communications,85,29
doi:10.1109/icicas53977.2021.00059,2021,doi:10.1145/3485983.3494866,GRAF: a graph neural network based proactive resource allocation framework for SLO-oriented microservices,2021,Conference on Emerging Network Experiment and Technology,83,30
doi:10.1109/sccc67219.2025.11420492,2025,ss:0174c967eeea5a0c1e8d389c790242cb07424b80,Building Microservices,2015,,793,1
doi:10.1109/sccc67219.2025.11420492,2025,ss:09aaa85c6fe92ec2e894700dc2bab4d481c5b27d,FIRM: An Intelligent Fine-Grained Resource Management Framework for SLO-Oriented Microservices,2020,USENIX Symposium on Operating Systems Design and Implementation,350,2
doi:10.1109/sccc67219.2025.11420492,2025,doi:10.1145/3338906.3338961,Latent error prediction and fault localization for microservice applications by learning from system trace logs,2019,ESEC/SIGSOFT FSE,263,3
doi:10.1109/sccc67219.2025.11420492,2025,doi:10.1109/access.2019.2911732,"Container Security: Issues, Challenges, and the Road Ahead",2019,IEEE Access,245,4
doi:10.1109/sccc67219.2025.11420492,2025,doi:10.1145/3501297,Anomaly Detection and Failure Root Cause Analysis in (Micro) Service-Based Cloud Applications: A Survey,2021,ACM Computing Surveys,233,5
doi:10.1109/sccc67219.2025.11420492,2025,doi:10.1109/icsaw.2017.11,"Microservice Architectures for Scalability, Agility and Reliability in E-Commerce",2017,IEEE International Conference on Software Architecture Workshops,216,6
doi:10.1109/sccc67219.2025.11420492,2025,doi:10.1016/j.jss.2019.01.001,Architecting with microservices: A systematic mapping study,2019,Journal of Systems and Software,207,7
doi:10.1109/sccc67219.2025.11420492,2025,doi:10.1007/s10723-017-9419-x,Genetic Algorithm for Multi-Objective Optimization of Container Allocation in Cloud Architecture,2017,Journal of Grid Computing,183,8
doi:10.1109/sccc67219.2025.11420492,2025,doi:10.1109/iwqos52092.2021.9521340,Practical Root Cause Localization for Microservice Systems via Trace Analysis,2021,International Workshop on Quality of Service,161,9
doi:10.1109/sccc67219.2025.11420492,2025,doi:10.1109/mascots.2018.00030,"TeaStore: A Micro-Service Reference Application for Benchmarking, Modeling and Resource Management Research",2018,"IEEE/ACM International Symposium on Modeling, Analysis, and Simulation On Computer and Telecommunication Systems",146,10
doi:10.1109/sccc67219.2025.11420492,2025,doi:10.52202/068431-2259,Root Cause Analysis of Failures in Microservices through Causal Discovery,2022,Neural Information Processing Systems,140,11
doi:10.1109/sccc67219.2025.11420492,2025,doi:10.1109/icdcs.2016.11,Gremlin: Systematic Resilience Testing of Microservices,2016,IEEE International Conference on Distributed Computing Systems,136,12
doi:10.1109/sccc67219.2025.11420492,2025,doi:10.1109/tpds.2021.3128037,Adaptive Resource Efficient Microservice Deployment in Cloud-Edge Continuum,2022,IEEE Transactions on Parallel and Distributed Systems,127,13
doi:10.1109/sccc67219.2025.11420492,2025,doi:10.1109/ms.2017.24,"Microservices in Practice, Part 1: Reality Check and Service Design",2017,IEEE Software,123,14
doi:10.1109/sccc67219.2025.11420492,2025,doi:10.1002/cpe.4436,A survey on security issues in services communication of Microservices‐enabled fog applications,2019,Concurrency and Computation,120,15
doi:10.1109/sccc67219.2025.11420492,2025,doi:10.1016/j.iot.2023.100784,FedSDM: Federated learning based smart decision making module for ECG data in IoT integrated Edge-Fog-Cloud computing environments,2023,Internet of Things,117,16
doi:10.1109/sccc67219.2025.11420492,2025,doi:10.1109/ms.2018.2141035,Using Microservices for Legacy Software Modernization,2018,IEEE Software,114,17
doi:10.1109/sccc67219.2025.11420492,2025,doi:10.1016/j.infsof.2021.106600,From Monolithic Systems to Microservices: An Assessment Framework,2019,Information and Software Technology,111,18
doi:10.1109/sccc67219.2025.11420492,2025,doi:10.1109/cloud.2018.00148,Deploying Microservice Based Applications with Kubernetes: Experiments and Lessons Learned,2018,IEEE International Conference on Cloud Computing,102,19
doi:10.1109/sccc67219.2025.11420492,2025,doi:10.1109/ase51524.2021.9678708,Groot: An Event-graph-based Approach for Root Cause Analysis in Industrial Settings,2021,International Conference on Automated Software Engineering,100,20
doi:10.1109/sccc67219.2025.11420492,2025,ss:00025f8caf92b2e737027790b36c82208d9c1ac7,"Circuit Breakers, Discovery, and API Gateways in Microservices",2016,arXiv.org,99,21
doi:10.1109/sccc67219.2025.11420492,2025,doi:10.1007/s11227-018-2345-2,Resource optimization of container orchestration: a case study in multi-cloud microservices-based applications,2018,Journal of Supercomputing,97,22
doi:10.1109/sccc67219.2025.11420492,2025,doi:10.1109/icsa-c.2019.00041,"Microservices in Industry: Insights into Technologies, Characteristics, and Software Quality",2019,2019 IEEE International Conference on Software Architecture Companion (ICSA-C),94,23
doi:10.1109/sccc67219.2025.11420492,2025,doi:10.1109/icsaw.2017.48,Towards Recovering the Software Architecture of Microservice-Based Systems,2017,IEEE International Conference on Software Architecture Workshops,93,24
doi:10.1109/sccc67219.2025.11420492,2025,doi:10.1109/ms.2015.11,Microservices,2015,IEEE Software,92,25
doi:10.1109/sccc67219.2025.11420492,2025,doi:10.1002/spe.2704,SmartHerd management: A microservices‐based fog computing–assisted IoT platform towards data‐driven smart dairy farming,2019,"Software, Practice & Experience",92,26
doi:10.1109/sccc67219.2025.11420492,2025,doi:10.1109/jiot.2018.2792940,Microservices Scheduling Model Over Heterogeneous Cloud-Edge Environments As Support for IoT Applications,2018,IEEE Internet of Things Journal,88,27
doi:10.1109/sccc67219.2025.11420492,2025,doi:10.1109/isc2.2018.8656968,A Microservice-enabled Architecture for Smart Surveillance using Blockchain Technology,2018,2018 IEEE International Smart Cities Conference (ISC2),86,28
doi:10.1109/sccc67219.2025.11420492,2025,doi:10.1109/infocom.2018.8486300,Load Balancing Across Microservices,2018,IEEE Conference on Computer Communications,85,29
doi:10.1109/sccc67219.2025.11420492,2025,doi:10.1145/3485983.3494866,GRAF: a graph neural network based proactive resource allocation framework for SLO-oriented microservices,2021,Conference on Emerging Network Experiment and Technology,83,30
doi:10.5121/ijnsa.2021.13607,2021,ss:0174c967eeea5a0c1e8d389c790242cb07424b80,Building Microservices,2015,,793,1
doi:10.5121/ijnsa.2021.13607,2021,ss:09aaa85c6fe92ec2e894700dc2bab4d481c5b27d,FIRM: An Intelligent Fine-Grained Resource Management Framework for SLO-Oriented Microservices,2020,USENIX Symposium on Operating Systems Design and Implementation,350,2
doi:10.5121/ijnsa.2021.13607,2021,doi:10.1145/3338906.3338961,Latent error prediction and fault localization for microservice applications by learning from system trace logs,2019,ESEC/SIGSOFT FSE,263,3
doi:10.5121/ijnsa.2021.13607,2021,doi:10.1109/access.2019.2911732,"Container Security: Issues, Challenges, and the Road Ahead",2019,IEEE Access,245,4
doi:10.5121/ijnsa.2021.13607,2021,doi:10.1145/3501297,Anomaly Detection and Failure Root Cause Analysis in (Micro) Service-Based Cloud Applications: A Survey,2021,ACM Computing Surveys,233,5
doi:10.5121/ijnsa.2021.13607,2021,doi:10.1109/icsaw.2017.11,"Microservice Architectures for Scalability, Agility and Reliability in E-Commerce",2017,IEEE International Conference on Software Architecture Workshops,216,6
doi:10.5121/ijnsa.2021.13607,2021,doi:10.1016/j.jss.2019.01.001,Architecting with microservices: A systematic mapping study,2019,Journal of Systems and Software,207,7
doi:10.5121/ijnsa.2021.13607,2021,doi:10.1007/s10723-017-9419-x,Genetic Algorithm for Multi-Objective Optimization of Container Allocation in Cloud Architecture,2017,Journal of Grid Computing,183,8
doi:10.5121/ijnsa.2021.13607,2021,doi:10.1109/iwqos52092.2021.9521340,Practical Root Cause Localization for Microservice Systems via Trace Analysis,2021,International Workshop on Quality of Service,161,9
doi:10.5121/ijnsa.2021.13607,2021,doi:10.1109/mascots.2018.00030,"TeaStore: A Micro-Service Reference Application for Benchmarking, Modeling and Resource Management Research",2018,"IEEE/ACM International Symposium on Modeling, Analysis, and Simulation On Computer and Telecommunication Systems",146,10
doi:10.5121/ijnsa.2021.13607,2021,doi:10.1109/icdcs.2016.11,Gremlin: Systematic Resilience Testing of Microservices,2016,IEEE International Conference on Distributed Computing Systems,136,12
doi:10.5121/ijnsa.2021.13607,2021,doi:10.1109/ms.2017.24,"Microservices in Practice, Part 1: Reality Check and Service Design",2017,IEEE Software,123,14
doi:10.5121/ijnsa.2021.13607,2021,doi:10.1109/ms.2018.2141035,Using Microservices for Legacy Software Modernization,2018,IEEE Software,114,17
doi:10.5121/ijnsa.2021.13607,2021,doi:10.1016/j.infsof.2021.106600,From Monolithic Systems to Microservices: An Assessment Framework,2019,Information and Software Technology,111,18
doi:10.5121/ijnsa.2021.13607,2021,doi:10.1109/cloud.2018.00148,Deploying Microservice Based Applications with Kubernetes: Experiments and Lessons Learned,2018,IEEE International Conference on Cloud Computing,102,19
doi:10.5121/ijnsa.2021.13607,2021,doi:10.1109/ase51524.2021.9678708,Groot: An Event-graph-based Approach for Root Cause Analysis in Industrial Settings,2021,International Conference on Automated Software Engineering,100,20
doi:10.5121/ijnsa.2021.13607,2021,ss:00025f8caf92b2e737027790b36c82208d9c1ac7,"Circuit Breakers, Discovery, and API Gateways in Microservices",2016,arXiv.org,99,21
doi:10.5121/ijnsa.2021.13607,2021,doi:10.1007/s11227-018-2345-2,Resource optimization of container orchestration: a case study in multi-cloud microservices-based applications,2018,Journal of Supercomputing,97,22
doi:10.5121/ijnsa.2021.13607,2021,doi:10.1109/icsa-c.2019.00041,"Microservices in Industry: Insights into Technologies, Characteristics, and Software Quality",2019,2019 IEEE International Conference on Software Architecture Companion (ICSA-C),94,23
doi:10.5121/ijnsa.2021.13607,2021,doi:10.1109/icsaw.2017.48,Towards Recovering the Software Architecture of Microservice-Based Systems,2017,IEEE International Conference on Software Architecture Workshops,93,24
doi:10.5121/ijnsa.2021.13607,2021,doi:10.1109/ms.2015.11,Microservices,2015,IEEE Software,92,25
doi:10.5121/ijnsa.2021.13607,2021,doi:10.1002/spe.2704,SmartHerd management: A microservices‐based fog computing–assisted IoT platform towards data‐driven smart dairy farming,2019,"Software, Practice & Experience",92,26
doi:10.5121/ijnsa.2021.13607,2021,doi:10.1109/jiot.2018.2792940,Microservices Scheduling Model Over Heterogeneous Cloud-Edge Environments As Support for IoT Applications,2018,IEEE Internet of Things Journal,88,27
doi:10.5121/ijnsa.2021.13607,2021,doi:10.1109/isc2.2018.8656968,A Microservice-enabled Architecture for Smart Surveillance using Blockchain Technology,2018,2018 IEEE International Smart Cities Conference (ISC2),86,28
doi:10.5121/ijnsa.2021.13607,2021,doi:10.1109/infocom.2018.8486300,Load Balancing Across Microservices,2018,IEEE Conference on Computer Communications,85,29
doi:10.5121/ijnsa.2021.13607,2021,doi:10.1145/3485983.3494866,GRAF: a graph neural network based proactive resource allocation framework for SLO-oriented microservices,2021,Conference on Emerging Network Experiment and Technology,83,30
ss:d5d90cbd31901aa93c41f5b58498bf5eb4cbf11d,2018,ss:0174c967eeea5a0c1e8d389c790242cb07424b80,Building Microservices,2015,,793,1
ss:d5d90cbd31901aa93c41f5b58498bf5eb4cbf11d,2018,doi:10.1109/icsaw.2017.11,"Microservice Architectures for Scalability, Agility and Reliability in E-Commerce",2017,IEEE International Conference on Software Architecture Workshops,216,6
ss:d5d90cbd31901aa93c41f5b58498bf5eb4cbf11d,2018,doi:10.1007/s10723-017-9419-x,Genetic Algorithm for Multi-Objective Optimization of Container Allocation in Cloud Architecture,2017,Journal of Grid Computing,183,8
ss:d5d90cbd31901aa93c41f5b58498bf5eb4cbf11d,2018,doi:10.1109/mascots.2018.00030,"TeaStore: A Micro-Service Reference Application for Benchmarking, Modeling and Resource Management Research",2018,"IEEE/ACM International Symposium on Modeling, Analysis, and Simulation On Computer and Telecommunication Systems",146,10
ss:d5d90cbd31901aa93c41f5b58498bf5eb4cbf11d,2018,doi:10.1109/icdcs.2016.11,Gremlin: Systematic Resilience Testing of Microservices,2016,IEEE International Conference on Distributed Computing Systems,136,12
ss:d5d90cbd31901aa93c41f5b58498bf5eb4cbf11d,2018,doi:10.1109/ms.2017.24,"Microservices in Practice, Part 1: Reality Check and Service Design",2017,IEEE Software,123,14
ss:d5d90cbd31901aa93c41f5b58498bf5eb4cbf11d,2018,doi:10.1109/ms.2018.2141035,Using Microservices for Legacy Software Modernization,2018,IEEE Software,114,17
ss:d5d90cbd31901aa93c41f5b58498bf5eb4cbf11d,2018,doi:10.1109/cloud.2018.00148,Deploying Microservice Based Applications with Kubernetes: Experiments and Lessons Learned,2018,IEEE International Conference on Cloud Computing,102,19
ss:d5d90cbd31901aa93c41f5b58498bf5eb4cbf11d,2018,ss:00025f8caf92b2e737027790b36c82208d9c1ac7,"Circuit Breakers, Discovery, and API Gateways in Microservices",2016,arXiv.org,99,21
ss:d5d90cbd31901aa93c41f5b58498bf5eb4cbf11d,2018,doi:10.1007/s11227-018-2345-2,Resource optimization of container orchestration: a case study in multi-cloud microservices-based applications,2018,Journal of Supercomputing,97,22
ss:d5d90cbd31901aa93c41f5b58498bf5eb4cbf11d,2018,doi:10.1109/icsaw.2017.48,Towards Recovering the Software Architecture of Microservice-Based Systems,2017,IEEE International Conference on Software Architecture Workshops,93,24
ss:d5d90cbd31901aa93c41f5b58498bf5eb4cbf11d,2018,doi:10.1109/ms.2015.11,Microservices,2015,IEEE Software,92,25
ss:d5d90cbd31901aa93c41f5b58498bf5eb4cbf11d,2018,doi:10.1109/jiot.2018.2792940,Microservices Scheduling Model Over Heterogeneous Cloud-Edge Environments As Support for IoT Applications,2018,IEEE Internet of Things Journal,88,27
ss:d5d90cbd31901aa93c41f5b58498bf5eb4cbf11d,2018,doi:10.1109/isc2.2018.8656968,A Microservice-enabled Architecture for Smart Surveillance using Blockchain Technology,2018,2018 IEEE International Smart Cities Conference (ISC2),86,28
ss:d5d90cbd31901aa93c41f5b58498bf5eb4cbf11d,2018,doi:10.1109/infocom.2018.8486300,Load Balancing Across Microservices,2018,IEEE Conference on Computer Communications,85,29
doi:10.3390/app12063023,2022,ss:0174c967eeea5a0c1e8d389c790242cb07424b80,Building Microservices,2015,,793,1
doi:10.3390/app12063023,2022,ss:09aaa85c6fe92ec2e894700dc2bab4d481c5b27d,FIRM: An Intelligent Fine-Grained Resource Management Framework for SLO-Oriented Microservices,2020,USENIX Symposium on Operating Systems Design and Implementation,350,2
doi:10.3390/app12063023,2022,doi:10.1145/3338906.3338961,Latent error prediction and fault localization for microservice applications by learning from system trace logs,2019,ESEC/SIGSOFT FSE,263,3
doi:10.3390/app12063023,2022,doi:10.1109/access.2019.2911732,"Container Security: Issues, Challenges, and the Road Ahead",2019,IEEE Access,245,4
doi:10.3390/app12063023,2022,doi:10.1145/3501297,Anomaly Detection and Failure Root Cause Analysis in (Micro) Service-Based Cloud Applications: A Survey,2021,ACM Computing Surveys,233,5
doi:10.3390/app12063023,2022,doi:10.1109/icsaw.2017.11,"Microservice Architectures for Scalability, Agility and Reliability in E-Commerce",2017,IEEE International Conference on Software Architecture Workshops,216,6
doi:10.3390/app12063023,2022,doi:10.1016/j.jss.2019.01.001,Architecting with microservices: A systematic mapping study,2019,Journal of Systems and Software,207,7
doi:10.3390/app12063023,2022,doi:10.1007/s10723-017-9419-x,Genetic Algorithm for Multi-Objective Optimization of Container Allocation in Cloud Architecture,2017,Journal of Grid Computing,183,8
doi:10.3390/app12063023,2022,doi:10.1109/iwqos52092.2021.9521340,Practical Root Cause Localization for Microservice Systems via Trace Analysis,2021,International Workshop on Quality of Service,161,9
doi:10.3390/app12063023,2022,doi:10.1109/mascots.2018.00030,"TeaStore: A Micro-Service Reference Application for Benchmarking, Modeling and Resource Management Research",2018,"IEEE/ACM International Symposium on Modeling, Analysis, and Simulation On Computer and Telecommunication Systems",146,10
doi:10.3390/app12063023,2022,doi:10.52202/068431-2259,Root Cause Analysis of Failures in Microservices through Causal Discovery,2022,Neural Information Processing Systems,140,11
doi:10.3390/app12063023,2022,doi:10.1109/icdcs.2016.11,Gremlin: Systematic Resilience Testing of Microservices,2016,IEEE International Conference on Distributed Computing Systems,136,12
doi:10.3390/app12063023,2022,doi:10.1109/tpds.2021.3128037,Adaptive Resource Efficient Microservice Deployment in Cloud-Edge Continuum,2022,IEEE Transactions on Parallel and Distributed Systems,127,13
doi:10.3390/app12063023,2022,doi:10.1109/ms.2017.24,"Microservices in Practice, Part 1: Reality Check and Service Design",2017,IEEE Software,123,14
doi:10.3390/app12063023,2022,doi:10.1109/ms.2018.2141035,Using Microservices for Legacy Software Modernization,2018,IEEE Software,114,17
doi:10.3390/app12063023,2022,doi:10.1016/j.infsof.2021.106600,From Monolithic Systems to Microservices: An Assessment Framework,2019,Information and Software Technology,111,18
doi:10.3390/app12063023,2022,doi:10.1109/cloud.2018.00148,Deploying Microservice Based Applications with Kubernetes: Experiments and Lessons Learned,2018,IEEE International Conference on Cloud Computing,102,19
doi:10.3390/app12063023,2022,doi:10.1109/ase51524.2021.9678708,Groot: An Event-graph-based Approach for Root Cause Analysis in Industrial Settings,2021,International Conference on Automated Software Engineering,100,20
doi:10.3390/app12063023,2022,ss:00025f8caf92b2e737027790b36c82208d9c1ac7,"Circuit Breakers, Discovery, and API Gateways in Microservices",2016,arXiv.org,99,21
doi:10.3390/app12063023,2022,doi:10.1007/s11227-018-2345-2,Resource optimization of container orchestration: a case study in multi-cloud microservices-based applications,2018,Journal of Supercomputing,97,22
doi:10.3390/app12063023,2022,doi:10.1109/icsa-c.2019.00041,"Microservices in Industry: Insights into Technologies, Characteristics, and Software Quality",2019,2019 IEEE International Conference on Software Architecture Companion (ICSA-C),94,23
doi:10.3390/app12063023,2022,doi:10.1109/icsaw.2017.48,Towards Recovering the Software Architecture of Microservice-Based Systems,2017,IEEE International Conference on Software Architecture Workshops,93,24
doi:10.3390/app12063023,2022,doi:10.1109/ms.2015.11,Microservices,2015,IEEE Software,92,25
doi:10.3390/app12063023,2022,doi:10.1002/spe.2704,SmartHerd management: A microservices‐based fog computing–assisted IoT platform towards data‐driven smart dairy farming,2019,"Software, Practice & Experience",92,26
doi:10.3390/app12063023,2022,doi:10.1109/jiot.2018.2792940,Microservices Scheduling Model Over Heterogeneous Cloud-Edge Environments As Support for IoT Applications,2018,IEEE Internet of Things Journal,88,27
doi:10.3390/app12063023,2022,doi:10.1109/isc2.2018.8656968,A Microservice-enabled Architecture for Smart Surveillance using Blockchain Technology,2018,2018 IEEE International Smart Cities Conference (ISC2),86,28
doi:10.3390/app12063023,2022,doi:10.1109/infocom.2018.8486300,Load Balancing Across Microservices,2018,IEEE Conference on Computer Communications,85,29
doi:10.3390/app12063023,2022,doi:10.1145/3485983.3494866,GRAF: a graph neural network based proactive resource allocation framework for SLO-oriented microservices,2021,Conference on Emerging Network Experiment and Technology,83,30
doi:10.15381/risi.v17i2.29666,2024,ss:0174c967eeea5a0c1e8d389c790242cb07424b80,Building Microservices,2015,,793,1
doi:10.15381/risi.v17i2.29666,2024,ss:09aaa85c6fe92ec2e894700dc2bab4d481c5b27d,FIRM: An Intelligent Fine-Grained Resource Management Framework for SLO-Oriented Microservices,2020,USENIX Symposium on Operating Systems Design and Implementation,350,2
doi:10.15381/risi.v17i2.29666,2024,doi:10.1145/3338906.3338961,Latent error prediction and fault localization for microservice applications by learning from system trace logs,2019,ESEC/SIGSOFT FSE,263,3
doi:10.15381/risi.v17i2.29666,2024,doi:10.1109/access.2019.2911732,"Container Security: Issues, Challenges, and the Road Ahead",2019,IEEE Access,245,4
doi:10.15381/risi.v17i2.29666,2024,doi:10.1145/3501297,Anomaly Detection and Failure Root Cause Analysis in (Micro) Service-Based Cloud Applications: A Survey,2021,ACM Computing Surveys,233,5
doi:10.15381/risi.v17i2.29666,2024,doi:10.1109/icsaw.2017.11,"Microservice Architectures for Scalability, Agility and Reliability in E-Commerce",2017,IEEE International Conference on Software Architecture Workshops,216,6
doi:10.15381/risi.v17i2.29666,2024,doi:10.1016/j.jss.2019.01.001,Architecting with microservices: A systematic mapping study,2019,Journal of Systems and Software,207,7
doi:10.15381/risi.v17i2.29666,2024,doi:10.1007/s10723-017-9419-x,Genetic Algorithm for Multi-Objective Optimization of Container Allocation in Cloud Architecture,2017,Journal of Grid Computing,183,8
doi:10.15381/risi.v17i2.29666,2024,doi:10.1109/iwqos52092.2021.9521340,Practical Root Cause Localization for Microservice Systems via Trace Analysis,2021,International Workshop on Quality of Service,161,9
doi:10.15381/risi.v17i2.29666,2024,doi:10.1109/mascots.2018.00030,"TeaStore: A Micro-Service Reference Application for Benchmarking, Modeling and Resource Management Research",2018,"IEEE/ACM International Symposium on Modeling, Analysis, and Simulation On Computer and Telecommunication Systems",146,10
doi:10.15381/risi.v17i2.29666,2024,doi:10.52202/068431-2259,Root Cause Analysis of Failures in Microservices through Causal Discovery,2022,Neural Information Processing Systems,140,11
doi:10.15381/risi.v17i2.29666,2024,doi:10.1109/icdcs.2016.11,Gremlin: Systematic Resilience Testing of Microservices,2016,IEEE International Conference on Distributed Computing Systems,136,12
doi:10.15381/risi.v17i2.29666,2024,doi:10.1109/tpds.2021.3128037,Adaptive Resource Efficient Microservice Deployment in Cloud-Edge Continuum,2022,IEEE Transactions on Parallel and Distributed Systems,127,13
doi:10.15381/risi.v17i2.29666,2024,doi:10.1109/ms.2017.24,"Microservices in Practice, Part 1: Reality Check and Service Design",2017,IEEE Software,123,14
doi:10.15381/risi.v17i2.29666,2024,doi:10.1002/cpe.4436,A survey on security issues in services communication of Microservices‐enabled fog applications,2019,Concurrency and Computation,120,15
doi:10.15381/risi.v17i2.29666,2024,doi:10.1016/j.iot.2023.100784,FedSDM: Federated learning based smart decision making module for ECG data in IoT integrated Edge-Fog-Cloud computing environments,2023,Internet of Things,117,16
doi:10.15381/risi.v17i2.29666,2024,doi:10.1109/ms.2018.2141035,Using Microservices for Legacy Software Modernization,2018,IEEE Software,114,17
doi:10.15381/risi.v17i2.29666,2024,doi:10.1016/j.infsof.2021.106600,From Monolithic Systems to Microservices: An Assessment Framework,2019,Information and Software Technology,111,18
doi:10.15381/risi.v17i2.29666,2024,doi:10.1109/cloud.2018.00148,Deploying Microservice Based Applications with Kubernetes: Experiments and Lessons Learned,2018,IEEE International Conference on Cloud Computing,102,19
doi:10.15381/risi.v17i2.29666,2024,doi:10.1109/ase51524.2021.9678708,Groot: An Event-graph-based Approach for Root Cause Analysis in Industrial Settings,2021,International Conference on Automated Software Engineering,100,20
doi:10.15381/risi.v17i2.29666,2024,ss:00025f8caf92b2e737027790b36c82208d9c1ac7,"Circuit Breakers, Discovery, and API Gateways in Microservices",2016,arXiv.org,99,21
doi:10.15381/risi.v17i2.29666,2024,doi:10.1007/s11227-018-2345-2,Resource optimization of container orchestration: a case study in multi-cloud microservices-based applications,2018,Journal of Supercomputing,97,22
doi:10.15381/risi.v17i2.29666,2024,doi:10.1109/icsa-c.2019.00041,"Microservices in Industry: Insights into Technologies, Characteristics, and Software Quality",2019,2019 IEEE International Conference on Software Architecture Companion (ICSA-C),94,23
doi:10.15381/risi.v17i2.29666,2024,doi:10.1109/icsaw.2017.48,Towards Recovering the Software Architecture of Microservice-Based Systems,2017,IEEE International Conference on Software Architecture Workshops,93,24
doi:10.15381/risi.v17i2.29666,2024,doi:10.1109/ms.2015.11,Microservices,2015,IEEE Software,92,25
doi:10.15381/risi.v17i2.29666,2024,doi:10.1002/spe.2704,SmartHerd management: A microservices‐based fog computing–assisted IoT platform towards data‐driven smart dairy farming,2019,"Software, Practice & Experience",92,26
doi:10.15381/risi.v17i2.29666,2024,doi:10.1109/jiot.2018.2792940,Microservices Scheduling Model Over Heterogeneous Cloud-Edge Environments As Support for IoT Applications,2018,IEEE Internet of Things Journal,88,27
doi:10.15381/risi.v17i2.29666,2024,doi:10.1109/isc2.2018.8656968,A Microservice-enabled Architecture for Smart Surveillance using Blockchain Technology,2018,2018 IEEE International Smart Cities Conference (ISC2),86,28
doi:10.15381/risi.v17i2.29666,2024,doi:10.1109/infocom.2018.8486300,Load Balancing Across Microservices,2018,IEEE Conference on Computer Communications,85,29
doi:10.15381/risi.v17i2.29666,2024,doi:10.1145/3485983.3494866,GRAF: a graph neural network based proactive resource allocation framework for SLO-oriented microservices,2021,Conference on Emerging Network Experiment and Technology,83,30
doi:10.7717/peerj-cs.779,2022,ss:0174c967eeea5a0c1e8d389c790242cb07424b80,Building Microservices,2015,,793,1
doi:10.7717/peerj-cs.779,2022,ss:09aaa85c6fe92ec2e894700dc2bab4d481c5b27d,FIRM: An Intelligent Fine-Grained Resource Management Framework for SLO-Oriented Microservices,2020,USENIX Symposium on Operating Systems Design and Implementation,350,2
doi:10.7717/peerj-cs.779,2022,doi:10.1145/3338906.3338961,Latent error prediction and fault localization for microservice applications by learning from system trace logs,2019,ESEC/SIGSOFT FSE,263,3
doi:10.7717/peerj-cs.779,2022,doi:10.1145/3501297,Anomaly Detection and Failure Root Cause Analysis in (Micro) Service-Based Cloud Applications: A Survey,2021,ACM Computing Surveys,233,5
doi:10.7717/peerj-cs.779,2022,doi:10.1109/icsaw.2017.11,"Microservice Architectures for Scalability, Agility and Reliability in E-Commerce",2017,IEEE International Conference on Software Architecture Workshops,216,6
doi:10.7717/peerj-cs.779,2022,doi:10.1007/s10723-017-9419-x,Genetic Algorithm for Multi-Objective Optimization of Container Allocation in Cloud Architecture,2017,Journal of Grid Computing,183,8
doi:10.7717/peerj-cs.779,2022,doi:10.1109/iwqos52092.2021.9521340,Practical Root Cause Localization for Microservice Systems via Trace Analysis,2021,International Workshop on Quality of Service,161,9
doi:10.7717/peerj-cs.779,2022,doi:10.1109/mascots.2018.00030,"TeaStore: A Micro-Service Reference Application for Benchmarking, Modeling and Resource Management Research",2018,"IEEE/ACM International Symposium on Modeling, Analysis, and Simulation On Computer and Telecommunication Systems",146,10
doi:10.7717/peerj-cs.779,2022,doi:10.52202/068431-2259,Root Cause Analysis of Failures in Microservices through Causal Discovery,2022,Neural Information Processing Systems,140,11
doi:10.7717/peerj-cs.779,2022,doi:10.1109/icdcs.2016.11,Gremlin: Systematic Resilience Testing of Microservices,2016,IEEE International Conference on Distributed Computing Systems,136,12
doi:10.7717/peerj-cs.779,2022,doi:10.1109/tpds.2021.3128037,Adaptive Resource Efficient Microservice Deployment in Cloud-Edge Continuum,2022,IEEE Transactions on Parallel and Distributed Systems,127,13
doi:10.7717/peerj-cs.779,2022,doi:10.1109/ms.2017.24,"Microservices in Practice, Part 1: Reality Check and Service Design",2017,IEEE Software,123,14
doi:10.7717/peerj-cs.779,2022,doi:10.1109/ms.2018.2141035,Using Microservices for Legacy Software Modernization,2018,IEEE Software,114,17
doi:10.7717/peerj-cs.779,2022,doi:10.1016/j.infsof.2021.106600,From Monolithic Systems to Microservices: An Assessment Framework,2019,Information and Software Technology,111,18
doi:10.7717/peerj-cs.779,2022,doi:10.1109/cloud.2018.00148,Deploying Microservice Based Applications with Kubernetes: Experiments and Lessons Learned,2018,IEEE International Conference on Cloud Computing,102,19
doi:10.7717/peerj-cs.779,2022,doi:10.1109/ase51524.2021.9678708,Groot: An Event-graph-based Approach for Root Cause Analysis in Industrial Settings,2021,International Conference on Automated Software Engineering,100,20
doi:10.7717/peerj-cs.779,2022,ss:00025f8caf92b2e737027790b36c82208d9c1ac7,"Circuit Breakers, Discovery, and API Gateways in Microservices",2016,arXiv.org,99,21
doi:10.7717/peerj-cs.779,2022,doi:10.1007/s11227-018-2345-2,Resource optimization of container orchestration: a case study in multi-cloud microservices-based applications,2018,Journal of Supercomputing,97,22
doi:10.7717/peerj-cs.779,2022,doi:10.1109/icsaw.2017.48,Towards Recovering the Software Architecture of Microservice-Based Systems,2017,IEEE International Conference on Software Architecture Workshops,93,24
doi:10.7717/peerj-cs.779,2022,doi:10.1109/ms.2015.11,Microservices,2015,IEEE Software,92,25
doi:10.7717/peerj-cs.779,2022,doi:10.1002/spe.2704,SmartHerd management: A microservices‐based fog computing–assisted IoT platform towards data‐driven smart dairy farming,2019,"Software, Practice & Experience",92,26
doi:10.7717/peerj-cs.779,2022,doi:10.1109/jiot.2018.2792940,Microservices Scheduling Model Over Heterogeneous Cloud-Edge Environments As Support for IoT Applications,2018,IEEE Internet of Things Journal,88,27
doi:10.7717/peerj-cs.779,2022,doi:10.1109/infocom.2018.8486300,Load Balancing Across Microservices,2018,IEEE Conference on Computer Communications,85,29
doi:10.7717/peerj-cs.779,2022,doi:10.1145/3485983.3494866,GRAF: a graph neural network based proactive resource allocation framework for SLO-oriented microservices,2021,Conference on Emerging Network Experiment and Technology,83,30
doi:10.7717/peerj-cs.695,2021,ss:09aaa85c6fe92ec2e894700dc2bab4d481c5b27d,FIRM: An Intelligent Fine-Grained Resource Management Framework for SLO-Oriented Microservices,2020,USENIX Symposium on Operating Systems Design and Implementation,350,2
doi:10.7717/peerj-cs.695,2021,doi:10.1145/3338906.3338961,Latent error prediction and fault localization for microservice applications by learning from system trace logs,2019,ESEC/SIGSOFT FSE,263,3
doi:10.7717/peerj-cs.695,2021,doi:10.1109/access.2019.2911732,"Container Security: Issues, Challenges, and the Road Ahead",2019,IEEE Access,245,4
doi:10.7717/peerj-cs.695,2021,doi:10.1145/3501297,Anomaly Detection and Failure Root Cause Analysis in (Micro) Service-Based Cloud Applications: A Survey,2021,ACM Computing Surveys,233,5
doi:10.7717/peerj-cs.695,2021,doi:10.1007/s10723-017-9419-x,Genetic Algorithm for Multi-Objective Optimization of Container Allocation in Cloud Architecture,2017,Journal of Grid Computing,183,8
doi:10.7717/peerj-cs.695,2021,doi:10.1109/iwqos52092.2021.9521340,Practical Root Cause Localization for Microservice Systems via Trace Analysis,2021,International Workshop on Quality of Service,161,9
doi:10.7717/peerj-cs.695,2021,doi:10.1109/mascots.2018.00030,"TeaStore: A Micro-Service Reference Application for Benchmarking, Modeling and Resource Management Research",2018,"IEEE/ACM International Symposium on Modeling, Analysis, and Simulation On Computer and Telecommunication Systems",146,10
doi:10.7717/peerj-cs.695,2021,doi:10.1109/icdcs.2016.11,Gremlin: Systematic Resilience Testing of Microservices,2016,IEEE International Conference on Distributed Computing Systems,136,12
doi:10.7717/peerj-cs.695,2021,doi:10.1002/cpe.4436,A survey on security issues in services communication of Microservices‐enabled fog applications,2019,Concurrency and Computation,120,15
doi:10.7717/peerj-cs.695,2021,doi:10.1109/ms.2018.2141035,Using Microservices for Legacy Software Modernization,2018,IEEE Software,114,17
doi:10.7717/peerj-cs.695,2021,doi:10.1016/j.infsof.2021.106600,From Monolithic Systems to Microservices: An Assessment Framework,2019,Information and Software Technology,111,18
doi:10.7717/peerj-cs.695,2021,doi:10.1109/cloud.2018.00148,Deploying Microservice Based Applications with Kubernetes: Experiments and Lessons Learned,2018,IEEE International Conference on Cloud Computing,102,19
doi:10.7717/peerj-cs.695,2021,doi:10.1109/ase51524.2021.9678708,Groot: An Event-graph-based Approach for Root Cause Analysis in Industrial Settings,2021,International Conference on Automated Software Engineering,100,20
doi:10.7717/peerj-cs.695,2021,ss:00025f8caf92b2e737027790b36c82208d9c1ac7,"Circuit Breakers, Discovery, and API Gateways in Microservices",2016,arXiv.org,99,21
doi:10.7717/peerj-cs.695,2021,doi:10.1007/s11227-018-2345-2,Resource optimization of container orchestration: a case study in multi-cloud microservices-based applications,2018,Journal of Supercomputing,97,22
doi:10.7717/peerj-cs.695,2021,doi:10.1109/icsa-c.2019.00041,"Microservices in Industry: Insights into Technologies, Characteristics, and Software Quality",2019,2019 IEEE International Conference on Software Architecture Companion (ICSA-C),94,23
doi:10.7717/peerj-cs.695,2021,doi:10.1109/icsaw.2017.48,Towards Recovering the Software Architecture of Microservice-Based Systems,2017,IEEE International Conference on Software Architecture Workshops,93,24
doi:10.7717/peerj-cs.695,2021,doi:10.1109/ms.2015.11,Microservices,2015,IEEE Software,92,25
doi:10.7717/peerj-cs.695,2021,doi:10.1002/spe.2704,SmartHerd management: A microservices‐based fog computing–assisted IoT platform towards data‐driven smart dairy farming,2019,"Software, Practice & Experience",92,26
doi:10.7717/peerj-cs.695,2021,doi:10.1109/jiot.2018.2792940,Microservices Scheduling Model Over Heterogeneous Cloud-Edge Environments As Support for IoT Applications,2018,IEEE Internet of Things Journal,88,27
doi:10.7717/peerj-cs.695,2021,doi:10.1109/isc2.2018.8656968,A Microservice-enabled Architecture for Smart Surveillance using Blockchain Technology,2018,2018 IEEE International Smart Cities Conference (ISC2),86,28
doi:10.7717/peerj-cs.695,2021,doi:10.1109/infocom.2018.8486300,Load Balancing Across Microservices,2018,IEEE Conference on Computer Communications,85,29
doi:10.7717/peerj-cs.695,2021,doi:10.1145/3485983.3494866,GRAF: a graph neural network based proactive resource allocation framework for SLO-oriented microservices,2021,Conference on Emerging Network Experiment and Technology,83,30
doi:10.1016/j.jss.2020.110798,2020,ss:0174c967eeea5a0c1e8d389c790242cb07424b80,Building Microservices,2015,,793,1
doi:10.1016/j.jss.2020.110798,2020,ss:09aaa85c6fe92ec2e894700dc2bab4d481c5b27d,FIRM: An Intelligent Fine-Grained Resource Management Framework for SLO-Oriented Microservices,2020,USENIX Symposium on Operating Systems Design and Implementation,350,2
doi:10.1016/j.jss.2020.110798,2020,doi:10.1145/3338906.3338961,Latent error prediction and fault localization for microservice applications by learning from system trace logs,2019,ESEC/SIGSOFT FSE,263,3
doi:10.1016/j.jss.2020.110798,2020,doi:10.1109/access.2019.2911732,"Container Security: Issues, Challenges, and the Road Ahead",2019,IEEE Access,245,4
doi:10.1016/j.jss.2020.110798,2020,doi:10.1007/s10723-017-9419-x,Genetic Algorithm for Multi-Objective Optimization of Container Allocation in Cloud Architecture,2017,Journal of Grid Computing,183,8
doi:10.1016/j.jss.2020.110798,2020,doi:10.1109/mascots.2018.00030,"TeaStore: A Micro-Service Reference Application for Benchmarking, Modeling and Resource Management Research",2018,"IEEE/ACM International Symposium on Modeling, Analysis, and Simulation On Computer and Telecommunication Systems",146,10
doi:10.1016/j.jss.2020.110798,2020,doi:10.1109/icdcs.2016.11,Gremlin: Systematic Resilience Testing of Microservices,2016,IEEE International Conference on Distributed Computing Systems,136,12
doi:10.1016/j.jss.2020.110798,2020,doi:10.1109/ms.2017.24,"Microservices in Practice, Part 1: Reality Check and Service Design",2017,IEEE Software,123,14
doi:10.1016/j.jss.2020.110798,2020,doi:10.1002/cpe.4436,A survey on security issues in services communication of Microservices‐enabled fog applications,2019,Concurrency and Computation,120,15
doi:10.1016/j.jss.2020.110798,2020,doi:10.1109/ms.2018.2141035,Using Microservices for Legacy Software Modernization,2018,IEEE Software,114,17
doi:10.1016/j.jss.2020.110798,2020,doi:10.1016/j.infsof.2021.106600,From Monolithic Systems to Microservices: An Assessment Framework,2019,Information and Software Technology,111,18
doi:10.1016/j.jss.2020.110798,2020,doi:10.1109/cloud.2018.00148,Deploying Microservice Based Applications with Kubernetes: Experiments and Lessons Learned,2018,IEEE International Conference on Cloud Computing,102,19
doi:10.1016/j.jss.2020.110798,2020,ss:00025f8caf92b2e737027790b36c82208d9c1ac7,"Circuit Breakers, Discovery, and API Gateways in Microservices",2016,arXiv.org,99,21
doi:10.1016/j.jss.2020.110798,2020,doi:10.1007/s11227-018-2345-2,Resource optimization of container orchestration: a case study in multi-cloud microservices-based applications,2018,Journal of Supercomputing,97,22
doi:10.1016/j.jss.2020.110798,2020,doi:10.1109/icsa-c.2019.00041,"Microservices in Industry: Insights into Technologies, Characteristics, and Software Quality",2019,2019 IEEE International Conference on Software Architecture Companion (ICSA-C),94,23
doi:10.1016/j.jss.2020.110798,2020,doi:10.1109/icsaw.2017.48,Towards Recovering the Software Architecture of Microservice-Based Systems,2017,IEEE International Conference on Software Architecture Workshops,93,24
doi:10.1016/j.jss.2020.110798,2020,doi:10.1109/ms.2015.11,Microservices,2015,IEEE Software,92,25
doi:10.1016/j.jss.2020.110798,2020,doi:10.1002/spe.2704,SmartHerd management: A microservices‐based fog computing–assisted IoT platform towards data‐driven smart dairy farming,2019,"Software, Practice & Experience",92,26
doi:10.1016/j.jss.2020.110798,2020,doi:10.1109/jiot.2018.2792940,Microservices Scheduling Model Over Heterogeneous Cloud-Edge Environments As Support for IoT Applications,2018,IEEE Internet of Things Journal,88,27
doi:10.1016/j.jss.2020.110798,2020,doi:10.1109/isc2.2018.8656968,A Microservice-enabled Architecture for Smart Surveillance using Blockchain Technology,2018,2018 IEEE International Smart Cities Conference (ISC2),86,28
doi:10.1016/j.jss.2020.110798,2020,doi:10.1109/infocom.2018.8486300,Load Balancing Across Microservices,2018,IEEE Conference on Computer Communications,85,29
doi:10.3390/software4010006,2025,ss:0174c967eeea5a0c1e8d389c790242cb07424b80,Building Microservices,2015,,793,1
doi:10.3390/software4010006,2025,ss:09aaa85c6fe92ec2e894700dc2bab4d481c5b27d,FIRM: An Intelligent Fine-Grained Resource Management Framework for SLO-Oriented Microservices,2020,USENIX Symposium on Operating Systems Design and Implementation,350,2
doi:10.3390/software4010006,2025,doi:10.1145/3338906.3338961,Latent error prediction and fault localization for microservice applications by learning from system trace logs,2019,ESEC/SIGSOFT FSE,263,3
doi:10.3390/software4010006,2025,doi:10.1109/access.2019.2911732,"Container Security: Issues, Challenges, and the Road Ahead",2019,IEEE Access,245,4
doi:10.3390/software4010006,2025,doi:10.1145/3501297,Anomaly Detection and Failure Root Cause Analysis in (Micro) Service-Based Cloud Applications: A Survey,2021,ACM Computing Surveys,233,5
doi:10.3390/software4010006,2025,doi:10.1109/icsaw.2017.11,"Microservice Architectures for Scalability, Agility and Reliability in E-Commerce",2017,IEEE International Conference on Software Architecture Workshops,216,6
doi:10.3390/software4010006,2025,doi:10.1016/j.jss.2019.01.001,Architecting with microservices: A systematic mapping study,2019,Journal of Systems and Software,207,7
doi:10.3390/software4010006,2025,doi:10.1007/s10723-017-9419-x,Genetic Algorithm for Multi-Objective Optimization of Container Allocation in Cloud Architecture,2017,Journal of Grid Computing,183,8
doi:10.3390/software4010006,2025,doi:10.1109/iwqos52092.2021.9521340,Practical Root Cause Localization for Microservice Systems via Trace Analysis,2021,International Workshop on Quality of Service,161,9
doi:10.3390/software4010006,2025,doi:10.1109/mascots.2018.00030,"TeaStore: A Micro-Service Reference Application for Benchmarking, Modeling and Resource Management Research",2018,"IEEE/ACM International Symposium on Modeling, Analysis, and Simulation On Computer and Telecommunication Systems",146,10
doi:10.3390/software4010006,2025,doi:10.52202/068431-2259,Root Cause Analysis of Failures in Microservices through Causal Discovery,2022,Neural Information Processing Systems,140,11
doi:10.3390/software4010006,2025,doi:10.1109/icdcs.2016.11,Gremlin: Systematic Resilience Testing of Microservices,2016,IEEE International Conference on Distributed Computing Systems,136,12
doi:10.3390/software4010006,2025,doi:10.1109/tpds.2021.3128037,Adaptive Resource Efficient Microservice Deployment in Cloud-Edge Continuum,2022,IEEE Transactions on Parallel and Distributed Systems,127,13
doi:10.3390/software4010006,2025,doi:10.1109/ms.2017.24,"Microservices in Practice, Part 1: Reality Check and Service Design",2017,IEEE Software,123,14
doi:10.3390/software4010006,2025,doi:10.1002/cpe.4436,A survey on security issues in services communication of Microservices‐enabled fog applications,2019,Concurrency and Computation,120,15
doi:10.3390/software4010006,2025,doi:10.1016/j.iot.2023.100784,FedSDM: Federated learning based smart decision making module for ECG data in IoT integrated Edge-Fog-Cloud computing environments,2023,Internet of Things,117,16
doi:10.3390/software4010006,2025,doi:10.1109/ms.2018.2141035,Using Microservices for Legacy Software Modernization,2018,IEEE Software,114,17
doi:10.3390/software4010006,2025,doi:10.1016/j.infsof.2021.106600,From Monolithic Systems to Microservices: An Assessment Framework,2019,Information and Software Technology,111,18
doi:10.3390/software4010006,2025,doi:10.1109/cloud.2018.00148,Deploying Microservice Based Applications with Kubernetes: Experiments and Lessons Learned,2018,IEEE International Conference on Cloud Computing,102,19
doi:10.3390/software4010006,2025,doi:10.1109/ase51524.2021.9678708,Groot: An Event-graph-based Approach for Root Cause Analysis in Industrial Settings,2021,International Conference on Automated Software Engineering,100,20
doi:10.3390/software4010006,2025,ss:00025f8caf92b2e737027790b36c82208d9c1ac7,"Circuit Breakers, Discovery, and API Gateways in Microservices",2016,arXiv.org,99,21
doi:10.3390/software4010006,2025,doi:10.1007/s11227-018-2345-2,Resource optimization of container orchestration: a case study in multi-cloud microservices-based applications,2018,Journal of Supercomputing,97,22
doi:10.3390/software4010006,2025,doi:10.1109/icsa-c.2019.00041,"Microservices in Industry: Insights into Technologies, Characteristics, and Software Quality",2019,2019 IEEE International Conference on Software Architecture Companion (ICSA-C),94,23
doi:10.3390/software4010006,2025,doi:10.1109/icsaw.2017.48,Towards Recovering the Software Architecture of Microservice-Based Systems,2017,IEEE International Conference on Software Architecture Workshops,93,24
doi:10.3390/software4010006,2025,doi:10.1109/ms.2015.11,Microservices,2015,IEEE Software,92,25
doi:10.3390/software4010006,2025,doi:10.1002/spe.2704,SmartHerd management: A microservices‐based fog computing–assisted IoT platform towards data‐driven smart dairy farming,2019,"Software, Practice & Experience",92,26
doi:10.3390/software4010006,2025,doi:10.1109/jiot.2018.2792940,Microservices Scheduling Model Over Heterogeneous Cloud-Edge Environments As Support for IoT Applications,2018,IEEE Internet of Things Journal,88,27
doi:10.3390/software4010006,2025,doi:10.1109/isc2.2018.8656968,A Microservice-enabled Architecture for Smart Surveillance using Blockchain Technology,2018,2018 IEEE International Smart Cities Conference (ISC2),86,28
doi:10.3390/software4010006,2025,doi:10.1109/infocom.2018.8486300,Load Balancing Across Microservices,2018,IEEE Conference on Computer Communications,85,29
doi:10.3390/software4010006,2025,doi:10.1145/3485983.3494866,GRAF: a graph neural network based proactive resource allocation framework for SLO-oriented microservices,2021,Conference on Emerging Network Experiment and Technology,83,30
doi:10.1016/j.infsof.2025.107870,2025,ss:0174c967eeea5a0c1e8d389c790242cb07424b80,Building Microservices,2015,,793,1
doi:10.1016/j.infsof.2025.107870,2025,ss:09aaa85c6fe92ec2e894700dc2bab4d481c5b27d,FIRM: An Intelligent Fine-Grained Resource Management Framework for SLO-Oriented Microservices,2020,USENIX Symposium on Operating Systems Design and Implementation,350,2
doi:10.1016/j.infsof.2025.107870,2025,doi:10.1145/3338906.3338961,Latent error prediction and fault localization for microservice applications by learning from system trace logs,2019,ESEC/SIGSOFT FSE,263,3
doi:10.1016/j.infsof.2025.107870,2025,doi:10.1109/access.2019.2911732,"Container Security: Issues, Challenges, and the Road Ahead",2019,IEEE Access,245,4
doi:10.1016/j.infsof.2025.107870,2025,doi:10.1145/3501297,Anomaly Detection and Failure Root Cause Analysis in (Micro) Service-Based Cloud Applications: A Survey,2021,ACM Computing Surveys,233,5
doi:10.1016/j.infsof.2025.107870,2025,doi:10.1109/icsaw.2017.11,"Microservice Architectures for Scalability, Agility and Reliability in E-Commerce",2017,IEEE International Conference on Software Architecture Workshops,216,6
doi:10.1016/j.infsof.2025.107870,2025,doi:10.1016/j.jss.2019.01.001,Architecting with microservices: A systematic mapping study,2019,Journal of Systems and Software,207,7
doi:10.1016/j.infsof.2025.107870,2025,doi:10.1007/s10723-017-9419-x,Genetic Algorithm for Multi-Objective Optimization of Container Allocation in Cloud Architecture,2017,Journal of Grid Computing,183,8
doi:10.1016/j.infsof.2025.107870,2025,doi:10.1109/iwqos52092.2021.9521340,Practical Root Cause Localization for Microservice Systems via Trace Analysis,2021,International Workshop on Quality of Service,161,9
doi:10.1016/j.infsof.2025.107870,2025,doi:10.1109/mascots.2018.00030,"TeaStore: A Micro-Service Reference Application for Benchmarking, Modeling and Resource Management Research",2018,"IEEE/ACM International Symposium on Modeling, Analysis, and Simulation On Computer and Telecommunication Systems",146,10
doi:10.1016/j.infsof.2025.107870,2025,doi:10.52202/068431-2259,Root Cause Analysis of Failures in Microservices through Causal Discovery,2022,Neural Information Processing Systems,140,11
doi:10.1016/j.infsof.2025.107870,2025,doi:10.1109/icdcs.2016.11,Gremlin: Systematic Resilience Testing of Microservices,2016,IEEE International Conference on Distributed Computing Systems,136,12
doi:10.1016/j.infsof.2025.107870,2025,doi:10.1109/tpds.2021.3128037,Adaptive Resource Efficient Microservice Deployment in Cloud-Edge Continuum,2022,IEEE Transactions on Parallel and Distributed Systems,127,13
doi:10.1016/j.infsof.2025.107870,2025,doi:10.1109/ms.2017.24,"Microservices in Practice, Part 1: Reality Check and Service Design",2017,IEEE Software,123,14
doi:10.1016/j.infsof.2025.107870,2025,doi:10.1002/cpe.4436,A survey on security issues in services communication of Microservices‐enabled fog applications,2019,Concurrency and Computation,120,15
doi:10.1016/j.infsof.2025.107870,2025,doi:10.1016/j.iot.2023.100784,FedSDM: Federated learning based smart decision making module for ECG data in IoT integrated Edge-Fog-Cloud computing environments,2023,Internet of Things,117,16
doi:10.1016/j.infsof.2025.107870,2025,doi:10.1109/ms.2018.2141035,Using Microservices for Legacy Software Modernization,2018,IEEE Software,114,17
doi:10.1016/j.infsof.2025.107870,2025,doi:10.1016/j.infsof.2021.106600,From Monolithic Systems to Microservices: An Assessment Framework,2019,Information and Software Technology,111,18
doi:10.1016/j.infsof.2025.107870,2025,doi:10.1109/cloud.2018.00148,Deploying Microservice Based Applications with Kubernetes: Experiments and Lessons Learned,2018,IEEE International Conference on Cloud Computing,102,19
doi:10.1016/j.infsof.2025.107870,2025,doi:10.1109/ase51524.2021.9678708,Groot: An Event-graph-based Approach for Root Cause Analysis in Industrial Settings,2021,International Conference on Automated Software Engineering,100,20
doi:10.1016/j.infsof.2025.107870,2025,ss:00025f8caf92b2e737027790b36c82208d9c1ac7,"Circuit Breakers, Discovery, and API Gateways in Microservices",2016,arXiv.org,99,21
doi:10.1016/j.infsof.2025.107870,2025,doi:10.1007/s11227-018-2345-2,Resource optimization of container orchestration: a case study in multi-cloud microservices-based applications,2018,Journal of Supercomputing,97,22
doi:10.1016/j.infsof.2025.107870,2025,doi:10.1109/icsa-c.2019.00041,"Microservices in Industry: Insights into Technologies, Characteristics, and Software Quality",2019,2019 IEEE International Conference on Software Architecture Companion (ICSA-C),94,23
doi:10.1016/j.infsof.2025.107870,2025,doi:10.1109/icsaw.2017.48,Towards Recovering the Software Architecture of Microservice-Based Systems,2017,IEEE International Conference on Software Architecture Workshops,93,24
doi:10.1016/j.infsof.2025.107870,2025,doi:10.1109/ms.2015.11,Microservices,2015,IEEE Software,92,25
doi:10.1016/j.infsof.2025.107870,2025,doi:10.1002/spe.2704,SmartHerd management: A microservices‐based fog computing–assisted IoT platform towards data‐driven smart dairy farming,2019,"Software, Practice & Experience",92,26
doi:10.1016/j.infsof.2025.107870,2025,doi:10.1109/jiot.2018.2792940,Microservices Scheduling Model Over Heterogeneous Cloud-Edge Environments As Support for IoT Applications,2018,IEEE Internet of Things Journal,88,27
doi:10.1016/j.infsof.2025.107870,2025,doi:10.1109/isc2.2018.8656968,A Microservice-enabled Architecture for Smart Surveillance using Blockchain Technology,2018,2018 IEEE International Smart Cities Conference (ISC2),86,28
doi:10.1016/j.infsof.2025.107870,2025,doi:10.1109/infocom.2018.8486300,Load Balancing Across Microservices,2018,IEEE Conference on Computer Communications,85,29
doi:10.1016/j.infsof.2025.107870,2025,doi:10.1145/3485983.3494866,GRAF: a graph neural network based proactive resource allocation framework for SLO-oriented microservices,2021,Conference on Emerging Network Experiment and Technology,83,30
doi:10.1109/tla.2018.8789551,2018,ss:0174c967eeea5a0c1e8d389c790242cb07424b80,Building Microservices,2015,,793,1
doi:10.1109/tla.2018.8789551,2018,doi:10.1109/icsaw.2017.11,"Microservice Architectures for Scalability, Agility and Reliability in E-Commerce",2017,IEEE International Conference on Software Architecture Workshops,216,6
doi:10.1109/tla.2018.8789551,2018,doi:10.1007/s10723-017-9419-x,Genetic Algorithm for Multi-Objective Optimization of Container Allocation in Cloud Architecture,2017,Journal of Grid Computing,183,8
doi:10.1109/tla.2018.8789551,2018,doi:10.1109/mascots.2018.00030,"TeaStore: A Micro-Service Reference Application for Benchmarking, Modeling and Resource Management Research",2018,"IEEE/ACM International Symposium on Modeling, Analysis, and Simulation On Computer and Telecommunication Systems",146,10
doi:10.1109/tla.2018.8789551,2018,doi:10.1109/icdcs.2016.11,Gremlin: Systematic Resilience Testing of Microservices,2016,IEEE International Conference on Distributed Computing Systems,136,12
doi:10.1109/tla.2018.8789551,2018,doi:10.1109/ms.2017.24,"Microservices in Practice, Part 1: Reality Check and Service Design",2017,IEEE Software,123,14
doi:10.1109/tla.2018.8789551,2018,doi:10.1109/ms.2018.2141035,Using Microservices for Legacy Software Modernization,2018,IEEE Software,114,17
doi:10.1109/tla.2018.8789551,2018,doi:10.1109/cloud.2018.00148,Deploying Microservice Based Applications with Kubernetes: Experiments and Lessons Learned,2018,IEEE International Conference on Cloud Computing,102,19
doi:10.1109/tla.2018.8789551,2018,ss:00025f8caf92b2e737027790b36c82208d9c1ac7,"Circuit Breakers, Discovery, and API Gateways in Microservices",2016,arXiv.org,99,21
doi:10.1109/tla.2018.8789551,2018,doi:10.1007/s11227-018-2345-2,Resource optimization of container orchestration: a case study in multi-cloud microservices-based applications,2018,Journal of Supercomputing,97,22
doi:10.1109/tla.2018.8789551,2018,doi:10.1109/icsaw.2017.48,Towards Recovering the Software Architecture of Microservice-Based Systems,2017,IEEE International Conference on Software Architecture Workshops,93,24
doi:10.1109/tla.2018.8789551,2018,doi:10.1109/ms.2015.11,Microservices,2015,IEEE Software,92,25
doi:10.1109/tla.2018.8789551,2018,doi:10.1109/jiot.2018.2792940,Microservices Scheduling Model Over Heterogeneous Cloud-Edge Environments As Support for IoT Applications,2018,IEEE Internet of Things Journal,88,27
doi:10.1109/tla.2018.8789551,2018,doi:10.1109/isc2.2018.8656968,A Microservice-enabled Architecture for Smart Surveillance using Blockchain Technology,2018,2018 IEEE International Smart Cities Conference (ISC2),86,28
doi:10.1109/tla.2018.8789551,2018,doi:10.1109/infocom.2018.8486300,Load Balancing Across Microservices,2018,IEEE Conference on Computer Communications,85,29
doi:10.5753/cibse.2024.28435,2024,ss:0174c967eeea5a0c1e8d389c790242cb07424b80,Building Microservices,2015,,793,1
doi:10.5753/cibse.2024.28435,2024,ss:09aaa85c6fe92ec2e894700dc2bab4d481c5b27d,FIRM: An Intelligent Fine-Grained Resource Management Framework for SLO-Oriented Microservices,2020,USENIX Symposium on Operating Systems Design and Implementation,350,2
doi:10.5753/cibse.2024.28435,2024,doi:10.1145/3338906.3338961,Latent error prediction and fault localization for microservice applications by learning from system trace logs,2019,ESEC/SIGSOFT FSE,263,3
doi:10.5753/cibse.2024.28435,2024,doi:10.1109/access.2019.2911732,"Container Security: Issues, Challenges, and the Road Ahead",2019,IEEE Access,245,4
doi:10.5753/cibse.2024.28435,2024,doi:10.1145/3501297,Anomaly Detection and Failure Root Cause Analysis in (Micro) Service-Based Cloud Applications: A Survey,2021,ACM Computing Surveys,233,5
doi:10.5753/cibse.2024.28435,2024,doi:10.1109/icsaw.2017.11,"Microservice Architectures for Scalability, Agility and Reliability in E-Commerce",2017,IEEE International Conference on Software Architecture Workshops,216,6
doi:10.5753/cibse.2024.28435,2024,doi:10.1007/s10723-017-9419-x,Genetic Algorithm for Multi-Objective Optimization of Container Allocation in Cloud Architecture,2017,Journal of Grid Computing,183,8
doi:10.5753/cibse.2024.28435,2024,doi:10.1109/iwqos52092.2021.9521340,Practical Root Cause Localization for Microservice Systems via Trace Analysis,2021,International Workshop on Quality of Service,161,9
doi:10.5753/cibse.2024.28435,2024,doi:10.1109/mascots.2018.00030,"TeaStore: A Micro-Service Reference Application for Benchmarking, Modeling and Resource Management Research",2018,"IEEE/ACM International Symposium on Modeling, Analysis, and Simulation On Computer and Telecommunication Systems",146,10
doi:10.5753/cibse.2024.28435,2024,doi:10.52202/068431-2259,Root Cause Analysis of Failures in Microservices through Causal Discovery,2022,Neural Information Processing Systems,140,11
doi:10.5753/cibse.2024.28435,2024,doi:10.1109/icdcs.2016.11,Gremlin: Systematic Resilience Testing of Microservices,2016,IEEE International Conference on Distributed Computing Systems,136,12
doi:10.5753/cibse.2024.28435,2024,doi:10.1109/tpds.2021.3128037,Adaptive Resource Efficient Microservice Deployment in Cloud-Edge Continuum,2022,IEEE Transactions on Parallel and Distributed Systems,127,13
doi:10.5753/cibse.2024.28435,2024,doi:10.1109/ms.2017.24,"Microservices in Practice, Part 1: Reality Check and Service Design",2017,IEEE Software,123,14
doi:10.5753/cibse.2024.28435,2024,doi:10.1002/cpe.4436,A survey on security issues in services communication of Microservices‐enabled fog applications,2019,Concurrency and Computation,120,15
doi:10.5753/cibse.2024.28435,2024,doi:10.1016/j.iot.2023.100784,FedSDM: Federated learning based smart decision making module for ECG data in IoT integrated Edge-Fog-Cloud computing environments,2023,Internet of Things,117,16
doi:10.5753/cibse.2024.28435,2024,doi:10.1109/ms.2018.2141035,Using Microservices for Legacy Software Modernization,2018,IEEE Software,114,17
doi:10.5753/cibse.2024.28435,2024,doi:10.1016/j.infsof.2021.106600,From Monolithic Systems to Microservices: An Assessment Framework,2019,Information and Software Technology,111,18
doi:10.5753/cibse.2024.28435,2024,doi:10.1109/cloud.2018.00148,Deploying Microservice Based Applications with Kubernetes: Experiments and Lessons Learned,2018,IEEE International Conference on Cloud Computing,102,19
doi:10.5753/cibse.2024.28435,2024,doi:10.1109/ase51524.2021.9678708,Groot: An Event-graph-based Approach for Root Cause Analysis in Industrial Settings,2021,International Conference on Automated Software Engineering,100,20
doi:10.5753/cibse.2024.28435,2024,ss:00025f8caf92b2e737027790b36c82208d9c1ac7,"Circuit Breakers, Discovery, and API Gateways in Microservices",2016,arXiv.org,99,21
doi:10.5753/cibse.2024.28435,2024,doi:10.1007/s11227-018-2345-2,Resource optimization of container orchestration: a case study in multi-cloud microservices-based applications,2018,Journal of Supercomputing,97,22
doi:10.5753/cibse.2024.28435,2024,doi:10.1109/icsa-c.2019.00041,"Microservices in Industry: Insights into Technologies, Characteristics, and Software Quality",2019,2019 IEEE International Conference on Software Architecture Companion (ICSA-C),94,23
doi:10.5753/cibse.2024.28435,2024,doi:10.1109/icsaw.2017.48,Towards Recovering the Software Architecture of Microservice-Based Systems,2017,IEEE International Conference on Software Architecture Workshops,93,24
doi:10.5753/cibse.2024.28435,2024,doi:10.1109/ms.2015.11,Microservices,2015,IEEE Software,92,25
doi:10.5753/cibse.2024.28435,2024,doi:10.1002/spe.2704,SmartHerd management: A microservices‐based fog computing–assisted IoT platform towards data‐driven smart dairy farming,2019,"Software, Practice & Experience",92,26
doi:10.5753/cibse.2024.28435,2024,doi:10.1109/jiot.2018.2792940,Microservices Scheduling Model Over Heterogeneous Cloud-Edge Environments As Support for IoT Applications,2018,IEEE Internet of Things Journal,88,27
doi:10.5753/cibse.2024.28435,2024,doi:10.1109/isc2.2018.8656968,A Microservice-enabled Architecture for Smart Surveillance using Blockchain Technology,2018,2018 IEEE International Smart Cities Conference (ISC2),86,28
doi:10.5753/cibse.2024.28435,2024,doi:10.1109/infocom.2018.8486300,Load Balancing Across Microservices,2018,IEEE Conference on Computer Communications,85,29
doi:10.5753/cibse.2024.28435,2024,doi:10.1145/3485983.3494866,GRAF: a graph neural network based proactive resource allocation framework for SLO-oriented microservices,2021,Conference on Emerging Network Experiment and Technology,83,30
doi:10.52589/ajste-o1g0v4go,2025,ss:0174c967eeea5a0c1e8d389c790242cb07424b80,Building Microservices,2015,,793,1
doi:10.52589/ajste-o1g0v4go,2025,ss:09aaa85c6fe92ec2e894700dc2bab4d481c5b27d,FIRM: An Intelligent Fine-Grained Resource Management Framework for SLO-Oriented Microservices,2020,USENIX Symposium on Operating Systems Design and Implementation,350,2
doi:10.52589/ajste-o1g0v4go,2025,doi:10.1145/3338906.3338961,Latent error prediction and fault localization for microservice applications by learning from system trace logs,2019,ESEC/SIGSOFT FSE,263,3
doi:10.52589/ajste-o1g0v4go,2025,doi:10.1109/access.2019.2911732,"Container Security: Issues, Challenges, and the Road Ahead",2019,IEEE Access,245,4
doi:10.52589/ajste-o1g0v4go,2025,doi:10.1145/3501297,Anomaly Detection and Failure Root Cause Analysis in (Micro) Service-Based Cloud Applications: A Survey,2021,ACM Computing Surveys,233,5
doi:10.52589/ajste-o1g0v4go,2025,doi:10.1109/icsaw.2017.11,"Microservice Architectures for Scalability, Agility and Reliability in E-Commerce",2017,IEEE International Conference on Software Architecture Workshops,216,6
doi:10.52589/ajste-o1g0v4go,2025,doi:10.1016/j.jss.2019.01.001,Architecting with microservices: A systematic mapping study,2019,Journal of Systems and Software,207,7
doi:10.52589/ajste-o1g0v4go,2025,doi:10.1007/s10723-017-9419-x,Genetic Algorithm for Multi-Objective Optimization of Container Allocation in Cloud Architecture,2017,Journal of Grid Computing,183,8
doi:10.52589/ajste-o1g0v4go,2025,doi:10.1109/iwqos52092.2021.9521340,Practical Root Cause Localization for Microservice Systems via Trace Analysis,2021,International Workshop on Quality of Service,161,9
doi:10.52589/ajste-o1g0v4go,2025,doi:10.1109/mascots.2018.00030,"TeaStore: A Micro-Service Reference Application for Benchmarking, Modeling and Resource Management Research",2018,"IEEE/ACM International Symposium on Modeling, Analysis, and Simulation On Computer and Telecommunication Systems",146,10
doi:10.52589/ajste-o1g0v4go,2025,doi:10.52202/068431-2259,Root Cause Analysis of Failures in Microservices through Causal Discovery,2022,Neural Information Processing Systems,140,11
doi:10.52589/ajste-o1g0v4go,2025,doi:10.1109/icdcs.2016.11,Gremlin: Systematic Resilience Testing of Microservices,2016,IEEE International Conference on Distributed Computing Systems,136,12
doi:10.52589/ajste-o1g0v4go,2025,doi:10.1109/tpds.2021.3128037,Adaptive Resource Efficient Microservice Deployment in Cloud-Edge Continuum,2022,IEEE Transactions on Parallel and Distributed Systems,127,13
doi:10.52589/ajste-o1g0v4go,2025,doi:10.1109/ms.2017.24,"Microservices in Practice, Part 1: Reality Check and Service Design",2017,IEEE Software,123,14
doi:10.52589/ajste-o1g0v4go,2025,doi:10.1002/cpe.4436,A survey on security issues in services communication of Microservices‐enabled fog applications,2019,Concurrency and Computation,120,15
doi:10.52589/ajste-o1g0v4go,2025,doi:10.1016/j.iot.2023.100784,FedSDM: Federated learning based smart decision making module for ECG data in IoT integrated Edge-Fog-Cloud computing environments,2023,Internet of Things,117,16
doi:10.52589/ajste-o1g0v4go,2025,doi:10.1109/ms.2018.2141035,Using Microservices for Legacy Software Modernization,2018,IEEE Software,114,17
doi:10.52589/ajste-o1g0v4go,2025,doi:10.1109/cloud.2018.00148,Deploying Microservice Based Applications with Kubernetes: Experiments and Lessons Learned,2018,IEEE International Conference on Cloud Computing,102,19
doi:10.52589/ajste-o1g0v4go,2025,doi:10.1109/ase51524.2021.9678708,Groot: An Event-graph-based Approach for Root Cause Analysis in Industrial Settings,2021,International Conference on Automated Software Engineering,100,20
doi:10.52589/ajste-o1g0v4go,2025,ss:00025f8caf92b2e737027790b36c82208d9c1ac7,"Circuit Breakers, Discovery, and API Gateways in Microservices",2016,arXiv.org,99,21
doi:10.52589/ajste-o1g0v4go,2025,doi:10.1007/s11227-018-2345-2,Resource optimization of container orchestration: a case study in multi-cloud microservices-based applications,2018,Journal of Supercomputing,97,22
doi:10.52589/ajste-o1g0v4go,2025,doi:10.1109/icsa-c.2019.00041,"Microservices in Industry: Insights into Technologies, Characteristics, and Software Quality",2019,2019 IEEE International Conference on Software Architecture Companion (ICSA-C),94,23
doi:10.52589/ajste-o1g0v4go,2025,doi:10.1109/icsaw.2017.48,Towards Recovering the Software Architecture of Microservice-Based Systems,2017,IEEE International Conference on Software Architecture Workshops,93,24
doi:10.52589/ajste-o1g0v4go,2025,doi:10.1109/ms.2015.11,Microservices,2015,IEEE Software,92,25
doi:10.52589/ajste-o1g0v4go,2025,doi:10.1002/spe.2704,SmartHerd management: A microservices‐based fog computing–assisted IoT platform towards data‐driven smart dairy farming,2019,"Software, Practice & Experience",92,26
doi:10.52589/ajste-o1g0v4go,2025,doi:10.1109/jiot.2018.2792940,Microservices Scheduling Model Over Heterogeneous Cloud-Edge Environments As Support for IoT Applications,2018,IEEE Internet of Things Journal,88,27
doi:10.52589/ajste-o1g0v4go,2025,doi:10.1109/isc2.2018.8656968,A Microservice-enabled Architecture for Smart Surveillance using Blockchain Technology,2018,2018 IEEE International Smart Cities Conference (ISC2),86,28
doi:10.52589/ajste-o1g0v4go,2025,doi:10.1109/infocom.2018.8486300,Load Balancing Across Microservices,2018,IEEE Conference on Computer Communications,85,29
doi:10.52589/ajste-o1g0v4go,2025,doi:10.1145/3485983.3494866,GRAF: a graph neural network based proactive resource allocation framework for SLO-oriented microservices,2021,Conference on Emerging Network Experiment and Technology,83,30
doi:10.14445/22315381/ijett-v70i3p225,2022,ss:0174c967eeea5a0c1e8d389c790242cb07424b80,Building Microservices,2015,,793,1
doi:10.14445/22315381/ijett-v70i3p225,2022,ss:09aaa85c6fe92ec2e894700dc2bab4d481c5b27d,FIRM: An Intelligent Fine-Grained Resource Management Framework for SLO-Oriented Microservices,2020,USENIX Symposium on Operating Systems Design and Implementation,350,2
doi:10.14445/22315381/ijett-v70i3p225,2022,doi:10.1145/3338906.3338961,Latent error prediction and fault localization for microservice applications by learning from system trace logs,2019,ESEC/SIGSOFT FSE,263,3
doi:10.14445/22315381/ijett-v70i3p225,2022,doi:10.1109/access.2019.2911732,"Container Security: Issues, Challenges, and the Road Ahead",2019,IEEE Access,245,4
doi:10.14445/22315381/ijett-v70i3p225,2022,doi:10.1145/3501297,Anomaly Detection and Failure Root Cause Analysis in (Micro) Service-Based Cloud Applications: A Survey,2021,ACM Computing Surveys,233,5
doi:10.14445/22315381/ijett-v70i3p225,2022,doi:10.1109/icsaw.2017.11,"Microservice Architectures for Scalability, Agility and Reliability in E-Commerce",2017,IEEE International Conference on Software Architecture Workshops,216,6
doi:10.14445/22315381/ijett-v70i3p225,2022,doi:10.1016/j.jss.2019.01.001,Architecting with microservices: A systematic mapping study,2019,Journal of Systems and Software,207,7
doi:10.14445/22315381/ijett-v70i3p225,2022,doi:10.1007/s10723-017-9419-x,Genetic Algorithm for Multi-Objective Optimization of Container Allocation in Cloud Architecture,2017,Journal of Grid Computing,183,8
doi:10.14445/22315381/ijett-v70i3p225,2022,doi:10.1109/iwqos52092.2021.9521340,Practical Root Cause Localization for Microservice Systems via Trace Analysis,2021,International Workshop on Quality of Service,161,9
doi:10.14445/22315381/ijett-v70i3p225,2022,doi:10.1109/mascots.2018.00030,"TeaStore: A Micro-Service Reference Application for Benchmarking, Modeling and Resource Management Research",2018,"IEEE/ACM International Symposium on Modeling, Analysis, and Simulation On Computer and Telecommunication Systems",146,10
doi:10.14445/22315381/ijett-v70i3p225,2022,doi:10.52202/068431-2259,Root Cause Analysis of Failures in Microservices through Causal Discovery,2022,Neural Information Processing Systems,140,11
doi:10.14445/22315381/ijett-v70i3p225,2022,doi:10.1109/icdcs.2016.11,Gremlin: Systematic Resilience Testing of Microservices,2016,IEEE International Conference on Distributed Computing Systems,136,12
doi:10.14445/22315381/ijett-v70i3p225,2022,doi:10.1109/tpds.2021.3128037,Adaptive Resource Efficient Microservice Deployment in Cloud-Edge Continuum,2022,IEEE Transactions on Parallel and Distributed Systems,127,13
doi:10.14445/22315381/ijett-v70i3p225,2022,doi:10.1109/ms.2017.24,"Microservices in Practice, Part 1: Reality Check and Service Design",2017,IEEE Software,123,14
doi:10.14445/22315381/ijett-v70i3p225,2022,doi:10.1002/cpe.4436,A survey on security issues in services communication of Microservices‐enabled fog applications,2019,Concurrency and Computation,120,15
doi:10.14445/22315381/ijett-v70i3p225,2022,doi:10.1109/ms.2018.2141035,Using Microservices for Legacy Software Modernization,2018,IEEE Software,114,17
doi:10.14445/22315381/ijett-v70i3p225,2022,doi:10.1016/j.infsof.2021.106600,From Monolithic Systems to Microservices: An Assessment Framework,2019,Information and Software Technology,111,18
doi:10.14445/22315381/ijett-v70i3p225,2022,doi:10.1109/cloud.2018.00148,Deploying Microservice Based Applications with Kubernetes: Experiments and Lessons Learned,2018,IEEE International Conference on Cloud Computing,102,19
doi:10.14445/22315381/ijett-v70i3p225,2022,doi:10.1109/ase51524.2021.9678708,Groot: An Event-graph-based Approach for Root Cause Analysis in Industrial Settings,2021,International Conference on Automated Software Engineering,100,20
doi:10.14445/22315381/ijett-v70i3p225,2022,ss:00025f8caf92b2e737027790b36c82208d9c1ac7,"Circuit Breakers, Discovery, and API Gateways in Microservices",2016,arXiv.org,99,21
doi:10.14445/22315381/ijett-v70i3p225,2022,doi:10.1007/s11227-018-2345-2,Resource optimization of container orchestration: a case study in multi-cloud microservices-based applications,2018,Journal of Supercomputing,97,22
doi:10.14445/22315381/ijett-v70i3p225,2022,doi:10.1109/icsa-c.2019.00041,"Microservices in Industry: Insights into Technologies, Characteristics, and Software Quality",2019,2019 IEEE International Conference on Software Architecture Companion (ICSA-C),94,23
doi:10.14445/22315381/ijett-v70i3p225,2022,doi:10.1109/icsaw.2017.48,Towards Recovering the Software Architecture of Microservice-Based Systems,2017,IEEE International Conference on Software Architecture Workshops,93,24
doi:10.14445/22315381/ijett-v70i3p225,2022,doi:10.1109/ms.2015.11,Microservices,2015,IEEE Software,92,25
doi:10.14445/22315381/ijett-v70i3p225,2022,doi:10.1002/spe.2704,SmartHerd management: A microservices‐based fog computing–assisted IoT platform towards data‐driven smart dairy farming,2019,"Software, Practice & Experience",92,26
doi:10.14445/22315381/ijett-v70i3p225,2022,doi:10.1109/jiot.2018.2792940,Microservices Scheduling Model Over Heterogeneous Cloud-Edge Environments As Support for IoT Applications,2018,IEEE Internet of Things Journal,88,27
doi:10.14445/22315381/ijett-v70i3p225,2022,doi:10.1109/isc2.2018.8656968,A Microservice-enabled Architecture for Smart Surveillance using Blockchain Technology,2018,2018 IEEE International Smart Cities Conference (ISC2),86,28
doi:10.14445/22315381/ijett-v70i3p225,2022,doi:10.1109/infocom.2018.8486300,Load Balancing Across Microservices,2018,IEEE Conference on Computer Communications,85,29
doi:10.14445/22315381/ijett-v70i3p225,2022,doi:10.1145/3485983.3494866,GRAF: a graph neural network based proactive resource allocation framework for SLO-oriented microservices,2021,Conference on Emerging Network Experiment and Technology,83,30
doi:10.3390/electronics14071397,2025,ss:0174c967eeea5a0c1e8d389c790242cb07424b80,Building Microservices,2015,,793,1
doi:10.3390/electronics14071397,2025,ss:09aaa85c6fe92ec2e894700dc2bab4d481c5b27d,FIRM: An Intelligent Fine-Grained Resource Management Framework for SLO-Oriented Microservices,2020,USENIX Symposium on Operating Systems Design and Implementation,350,2
doi:10.3390/electronics14071397,2025,doi:10.1145/3338906.3338961,Latent error prediction and fault localization for microservice applications by learning from system trace logs,2019,ESEC/SIGSOFT FSE,263,3
doi:10.3390/electronics14071397,2025,doi:10.1109/access.2019.2911732,"Container Security: Issues, Challenges, and the Road Ahead",2019,IEEE Access,245,4
doi:10.3390/electronics14071397,2025,doi:10.1145/3501297,Anomaly Detection and Failure Root Cause Analysis in (Micro) Service-Based Cloud Applications: A Survey,2021,ACM Computing Surveys,233,5
doi:10.3390/electronics14071397,2025,doi:10.1109/icsaw.2017.11,"Microservice Architectures for Scalability, Agility and Reliability in E-Commerce",2017,IEEE International Conference on Software Architecture Workshops,216,6
doi:10.3390/electronics14071397,2025,doi:10.1016/j.jss.2019.01.001,Architecting with microservices: A systematic mapping study,2019,Journal of Systems and Software,207,7
doi:10.3390/electronics14071397,2025,doi:10.1007/s10723-017-9419-x,Genetic Algorithm for Multi-Objective Optimization of Container Allocation in Cloud Architecture,2017,Journal of Grid Computing,183,8
doi:10.3390/electronics14071397,2025,doi:10.1109/iwqos52092.2021.9521340,Practical Root Cause Localization for Microservice Systems via Trace Analysis,2021,International Workshop on Quality of Service,161,9
doi:10.3390/electronics14071397,2025,doi:10.1109/mascots.2018.00030,"TeaStore: A Micro-Service Reference Application for Benchmarking, Modeling and Resource Management Research",2018,"IEEE/ACM International Symposium on Modeling, Analysis, and Simulation On Computer and Telecommunication Systems",146,10
doi:10.3390/electronics14071397,2025,doi:10.52202/068431-2259,Root Cause Analysis of Failures in Microservices through Causal Discovery,2022,Neural Information Processing Systems,140,11
doi:10.3390/electronics14071397,2025,doi:10.1109/icdcs.2016.11,Gremlin: Systematic Resilience Testing of Microservices,2016,IEEE International Conference on Distributed Computing Systems,136,12
doi:10.3390/electronics14071397,2025,doi:10.1109/tpds.2021.3128037,Adaptive Resource Efficient Microservice Deployment in Cloud-Edge Continuum,2022,IEEE Transactions on Parallel and Distributed Systems,127,13
doi:10.3390/electronics14071397,2025,doi:10.1109/ms.2017.24,"Microservices in Practice, Part 1: Reality Check and Service Design",2017,IEEE Software,123,14
doi:10.3390/electronics14071397,2025,doi:10.1002/cpe.4436,A survey on security issues in services communication of Microservices‐enabled fog applications,2019,Concurrency and Computation,120,15
doi:10.3390/electronics14071397,2025,doi:10.1016/j.iot.2023.100784,FedSDM: Federated learning based smart decision making module for ECG data in IoT integrated Edge-Fog-Cloud computing environments,2023,Internet of Things,117,16
doi:10.3390/electronics14071397,2025,doi:10.1109/ms.2018.2141035,Using Microservices for Legacy Software Modernization,2018,IEEE Software,114,17
doi:10.3390/electronics14071397,2025,doi:10.1109/cloud.2018.00148,Deploying Microservice Based Applications with Kubernetes: Experiments and Lessons Learned,2018,IEEE International Conference on Cloud Computing,102,19
doi:10.3390/electronics14071397,2025,doi:10.1109/ase51524.2021.9678708,Groot: An Event-graph-based Approach for Root Cause Analysis in Industrial Settings,2021,International Conference on Automated Software Engineering,100,20
doi:10.3390/electronics14071397,2025,ss:00025f8caf92b2e737027790b36c82208d9c1ac7,"Circuit Breakers, Discovery, and API Gateways in Microservices",2016,arXiv.org,99,21
doi:10.3390/electronics14071397,2025,doi:10.1007/s11227-018-2345-2,Resource optimization of container orchestration: a case study in multi-cloud microservices-based applications,2018,Journal of Supercomputing,97,22
doi:10.3390/electronics14071397,2025,doi:10.1109/icsa-c.2019.00041,"Microservices in Industry: Insights into Technologies, Characteristics, and Software Quality",2019,2019 IEEE International Conference on Software Architecture Companion (ICSA-C),94,23
doi:10.3390/electronics14071397,2025,doi:10.1109/icsaw.2017.48,Towards Recovering the Software Architecture of Microservice-Based Systems,2017,IEEE International Conference on Software Architecture Workshops,93,24
doi:10.3390/electronics14071397,2025,doi:10.1109/ms.2015.11,Microservices,2015,IEEE Software,92,25
doi:10.3390/electronics14071397,2025,doi:10.1002/spe.2704,SmartHerd management: A microservices‐based fog computing–assisted IoT platform towards data‐driven smart dairy farming,2019,"Software, Practice & Experience",92,26
doi:10.3390/electronics14071397,2025,doi:10.1109/jiot.2018.2792940,Microservices Scheduling Model Over Heterogeneous Cloud-Edge Environments As Support for IoT Applications,2018,IEEE Internet of Things Journal,88,27
doi:10.3390/electronics14071397,2025,doi:10.1109/isc2.2018.8656968,A Microservice-enabled Architecture for Smart Surveillance using Blockchain Technology,2018,2018 IEEE International Smart Cities Conference (ISC2),86,28
doi:10.3390/electronics14071397,2025,doi:10.1109/infocom.2018.8486300,Load Balancing Across Microservices,2018,IEEE Conference on Computer Communications,85,29
doi:10.3390/electronics14071397,2025,doi:10.1145/3485983.3494866,GRAF: a graph neural network based proactive resource allocation framework for SLO-oriented microservices,2021,Conference on Emerging Network Experiment and Technology,83,30
doi:10.1002/spe.2869,2019,doi:10.1145/3338906.3338961,Latent error prediction and fault localization for microservice applications by learning from system trace logs,2019,ESEC/SIGSOFT FSE,263,3
doi:10.1002/spe.2869,2019,doi:10.1109/access.2019.2911732,"Container Security: Issues, Challenges, and the Road Ahead",2019,IEEE Access,245,4
doi:10.1002/spe.2869,2019,doi:10.1109/icsaw.2017.11,"Microservice Architectures for Scalability, Agility and Reliability in E-Commerce",2017,IEEE International Conference on Software Architecture Workshops,216,6
doi:10.1002/spe.2869,2019,doi:10.1016/j.jss.2019.01.001,Architecting with microservices: A systematic mapping study,2019,Journal of Systems and Software,207,7
doi:10.1002/spe.2869,2019,doi:10.1007/s10723-017-9419-x,Genetic Algorithm for Multi-Objective Optimization of Container Allocation in Cloud Architecture,2017,Journal of Grid Computing,183,8
doi:10.1002/spe.2869,2019,doi:10.1109/mascots.2018.00030,"TeaStore: A Micro-Service Reference Application for Benchmarking, Modeling and Resource Management Research",2018,"IEEE/ACM International Symposium on Modeling, Analysis, and Simulation On Computer and Telecommunication Systems",146,10
doi:10.1002/spe.2869,2019,doi:10.1109/icdcs.2016.11,Gremlin: Systematic Resilience Testing of Microservices,2016,IEEE International Conference on Distributed Computing Systems,136,12
doi:10.1002/spe.2869,2019,doi:10.1002/cpe.4436,A survey on security issues in services communication of Microservices‐enabled fog applications,2019,Concurrency and Computation,120,15
doi:10.1002/spe.2869,2019,doi:10.1109/ms.2018.2141035,Using Microservices for Legacy Software Modernization,2018,IEEE Software,114,17
doi:10.1002/spe.2869,2019,doi:10.1016/j.infsof.2021.106600,From Monolithic Systems to Microservices: An Assessment Framework,2019,Information and Software Technology,111,18
doi:10.1002/spe.2869,2019,doi:10.1109/cloud.2018.00148,Deploying Microservice Based Applications with Kubernetes: Experiments and Lessons Learned,2018,IEEE International Conference on Cloud Computing,102,19
doi:10.1002/spe.2869,2019,doi:10.1007/s11227-018-2345-2,Resource optimization of container orchestration: a case study in multi-cloud microservices-based applications,2018,Journal of Supercomputing,97,22
doi:10.1002/spe.2869,2019,doi:10.1109/icsa-c.2019.00041,"Microservices in Industry: Insights into Technologies, Characteristics, and Software Quality",2019,2019 IEEE International Conference on Software Architecture Companion (ICSA-C),94,23
doi:10.1002/spe.2869,2019,doi:10.1109/icsaw.2017.48,Towards Recovering the Software Architecture of Microservice-Based Systems,2017,IEEE International Conference on Software Architecture Workshops,93,24
doi:10.1002/spe.2869,2019,doi:10.1109/ms.2015.11,Microservices,2015,IEEE Software,92,25
doi:10.1002/spe.2869,2019,doi:10.1002/spe.2704,SmartHerd management: A microservices‐based fog computing–assisted IoT platform towards data‐driven smart dairy farming,2019,"Software, Practice & Experience",92,26
doi:10.1002/spe.2869,2019,doi:10.1109/jiot.2018.2792940,Microservices Scheduling Model Over Heterogeneous Cloud-Edge Environments As Support for IoT Applications,2018,IEEE Internet of Things Journal,88,27
doi:10.1002/spe.2869,2019,doi:10.1109/isc2.2018.8656968,A Microservice-enabled Architecture for Smart Surveillance using Blockchain Technology,2018,2018 IEEE International Smart Cities Conference (ISC2),86,28
doi:10.1016/j.compeleceng.2025.110550,2025,ss:0174c967eeea5a0c1e8d389c790242cb07424b80,Building Microservices,2015,,793,1
doi:10.1016/j.compeleceng.2025.110550,2025,ss:09aaa85c6fe92ec2e894700dc2bab4d481c5b27d,FIRM: An Intelligent Fine-Grained Resource Management Framework for SLO-Oriented Microservices,2020,USENIX Symposium on Operating Systems Design and Implementation,350,2
doi:10.1016/j.compeleceng.2025.110550,2025,doi:10.1145/3338906.3338961,Latent error prediction and fault localization for microservice applications by learning from system trace logs,2019,ESEC/SIGSOFT FSE,263,3
doi:10.1016/j.compeleceng.2025.110550,2025,doi:10.1109/access.2019.2911732,"Container Security: Issues, Challenges, and the Road Ahead",2019,IEEE Access,245,4
doi:10.1016/j.compeleceng.2025.110550,2025,doi:10.1145/3501297,Anomaly Detection and Failure Root Cause Analysis in (Micro) Service-Based Cloud Applications: A Survey,2021,ACM Computing Surveys,233,5
doi:10.1016/j.compeleceng.2025.110550,2025,doi:10.1109/icsaw.2017.11,"Microservice Architectures for Scalability, Agility and Reliability in E-Commerce",2017,IEEE International Conference on Software Architecture Workshops,216,6
doi:10.1016/j.compeleceng.2025.110550,2025,doi:10.1007/s10723-017-9419-x,Genetic Algorithm for Multi-Objective Optimization of Container Allocation in Cloud Architecture,2017,Journal of Grid Computing,183,8
doi:10.1016/j.compeleceng.2025.110550,2025,doi:10.1109/iwqos52092.2021.9521340,Practical Root Cause Localization for Microservice Systems via Trace Analysis,2021,International Workshop on Quality of Service,161,9
doi:10.1016/j.compeleceng.2025.110550,2025,doi:10.1109/mascots.2018.00030,"TeaStore: A Micro-Service Reference Application for Benchmarking, Modeling and Resource Management Research",2018,"IEEE/ACM International Symposium on Modeling, Analysis, and Simulation On Computer and Telecommunication Systems",146,10
doi:10.1016/j.compeleceng.2025.110550,2025,doi:10.52202/068431-2259,Root Cause Analysis of Failures in Microservices through Causal Discovery,2022,Neural Information Processing Systems,140,11
doi:10.1016/j.compeleceng.2025.110550,2025,doi:10.1109/icdcs.2016.11,Gremlin: Systematic Resilience Testing of Microservices,2016,IEEE International Conference on Distributed Computing Systems,136,12
doi:10.1016/j.compeleceng.2025.110550,2025,doi:10.1109/ms.2017.24,"Microservices in Practice, Part 1: Reality Check and Service Design",2017,IEEE Software,123,14
doi:10.1016/j.compeleceng.2025.110550,2025,doi:10.1016/j.iot.2023.100784,FedSDM: Federated learning based smart decision making module for ECG data in IoT integrated Edge-Fog-Cloud computing environments,2023,Internet of Things,117,16
doi:10.1016/j.compeleceng.2025.110550,2025,doi:10.1109/ms.2018.2141035,Using Microservices for Legacy Software Modernization,2018,IEEE Software,114,17
doi:10.1016/j.compeleceng.2025.110550,2025,doi:10.1016/j.infsof.2021.106600,From Monolithic Systems to Microservices: An Assessment Framework,2019,Information and Software Technology,111,18
doi:10.1016/j.compeleceng.2025.110550,2025,doi:10.1109/cloud.2018.00148,Deploying Microservice Based Applications with Kubernetes: Experiments and Lessons Learned,2018,IEEE International Conference on Cloud Computing,102,19
doi:10.1016/j.compeleceng.2025.110550,2025,doi:10.1109/ase51524.2021.9678708,Groot: An Event-graph-based Approach for Root Cause Analysis in Industrial Settings,2021,International Conference on Automated Software Engineering,100,20
doi:10.1016/j.compeleceng.2025.110550,2025,ss:00025f8caf92b2e737027790b36c82208d9c1ac7,"Circuit Breakers, Discovery, and API Gateways in Microservices",2016,arXiv.org,99,21
doi:10.1016/j.compeleceng.2025.110550,2025,doi:10.1007/s11227-018-2345-2,Resource optimization of container orchestration: a case study in multi-cloud microservices-based applications,2018,Journal of Supercomputing,97,22
doi:10.1016/j.compeleceng.2025.110550,2025,doi:10.1109/icsa-c.2019.00041,"Microservices in Industry: Insights into Technologies, Characteristics, and Software Quality",2019,2019 IEEE International Conference on Software Architecture Companion (ICSA-C),94,23
doi:10.1016/j.compeleceng.2025.110550,2025,doi:10.1109/icsaw.2017.48,Towards Recovering the Software Architecture of Microservice-Based Systems,2017,IEEE International Conference on Software Architecture Workshops,93,24
doi:10.1016/j.compeleceng.2025.110550,2025,doi:10.1109/ms.2015.11,Microservices,2015,IEEE Software,92,25
doi:10.1016/j.compeleceng.2025.110550,2025,doi:10.1002/spe.2704,SmartHerd management: A microservices‐based fog computing–assisted IoT platform towards data‐driven smart dairy farming,2019,"Software, Practice & Experience",92,26
doi:10.1016/j.compeleceng.2025.110550,2025,doi:10.1109/jiot.2018.2792940,Microservices Scheduling Model Over Heterogeneous Cloud-Edge Environments As Support for IoT Applications,2018,IEEE Internet of Things Journal,88,27
doi:10.1016/j.compeleceng.2025.110550,2025,doi:10.1109/isc2.2018.8656968,A Microservice-enabled Architecture for Smart Surveillance using Blockchain Technology,2018,2018 IEEE International Smart Cities Conference (ISC2),86,28
doi:10.1016/j.compeleceng.2025.110550,2025,doi:10.1109/infocom.2018.8486300,Load Balancing Across Microservices,2018,IEEE Conference on Computer Communications,85,29
doi:10.1016/j.compeleceng.2025.110550,2025,doi:10.1145/3485983.3494866,GRAF: a graph neural network based proactive resource allocation framework for SLO-oriented microservices,2021,Conference on Emerging Network Experiment and Technology,83,30
doi:10.30574/ijsra.2025.15.3.1826,2025,ss:0174c967eeea5a0c1e8d389c790242cb07424b80,Building Microservices,2015,,793,1
doi:10.30574/ijsra.2025.15.3.1826,2025,ss:09aaa85c6fe92ec2e894700dc2bab4d481c5b27d,FIRM: An Intelligent Fine-Grained Resource Management Framework for SLO-Oriented Microservices,2020,USENIX Symposium on Operating Systems Design and Implementation,350,2
doi:10.30574/ijsra.2025.15.3.1826,2025,doi:10.1145/3338906.3338961,Latent error prediction and fault localization for microservice applications by learning from system trace logs,2019,ESEC/SIGSOFT FSE,263,3
doi:10.30574/ijsra.2025.15.3.1826,2025,doi:10.1109/access.2019.2911732,"Container Security: Issues, Challenges, and the Road Ahead",2019,IEEE Access,245,4
doi:10.30574/ijsra.2025.15.3.1826,2025,doi:10.1145/3501297,Anomaly Detection and Failure Root Cause Analysis in (Micro) Service-Based Cloud Applications: A Survey,2021,ACM Computing Surveys,233,5
doi:10.30574/ijsra.2025.15.3.1826,2025,doi:10.1109/icsaw.2017.11,"Microservice Architectures for Scalability, Agility and Reliability in E-Commerce",2017,IEEE International Conference on Software Architecture Workshops,216,6
doi:10.30574/ijsra.2025.15.3.1826,2025,doi:10.1016/j.jss.2019.01.001,Architecting with microservices: A systematic mapping study,2019,Journal of Systems and Software,207,7
doi:10.30574/ijsra.2025.15.3.1826,2025,doi:10.1007/s10723-017-9419-x,Genetic Algorithm for Multi-Objective Optimization of Container Allocation in Cloud Architecture,2017,Journal of Grid Computing,183,8
doi:10.30574/ijsra.2025.15.3.1826,2025,doi:10.1109/iwqos52092.2021.9521340,Practical Root Cause Localization for Microservice Systems via Trace Analysis,2021,International Workshop on Quality of Service,161,9
doi:10.30574/ijsra.2025.15.3.1826,2025,doi:10.1109/mascots.2018.00030,"TeaStore: A Micro-Service Reference Application for Benchmarking, Modeling and Resource Management Research",2018,"IEEE/ACM International Symposium on Modeling, Analysis, and Simulation On Computer and Telecommunication Systems",146,10
doi:10.30574/ijsra.2025.15.3.1826,2025,doi:10.52202/068431-2259,Root Cause Analysis of Failures in Microservices through Causal Discovery,2022,Neural Information Processing Systems,140,11
doi:10.30574/ijsra.2025.15.3.1826,2025,doi:10.1109/icdcs.2016.11,Gremlin: Systematic Resilience Testing of Microservices,2016,IEEE International Conference on Distributed Computing Systems,136,12
doi:10.30574/ijsra.2025.15.3.1826,2025,doi:10.1109/tpds.2021.3128037,Adaptive Resource Efficient Microservice Deployment in Cloud-Edge Continuum,2022,IEEE Transactions on Parallel and Distributed Systems,127,13
doi:10.30574/ijsra.2025.15.3.1826,2025,doi:10.1109/ms.2017.24,"Microservices in Practice, Part 1: Reality Check and Service Design",2017,IEEE Software,123,14
doi:10.30574/ijsra.2025.15.3.1826,2025,doi:10.1002/cpe.4436,A survey on security issues in services communication of Microservices‐enabled fog applications,2019,Concurrency and Computation,120,15
doi:10.30574/ijsra.2025.15.3.1826,2025,doi:10.1016/j.iot.2023.100784,FedSDM: Federated learning based smart decision making module for ECG data in IoT integrated Edge-Fog-Cloud computing environments,2023,Internet of Things,117,16
doi:10.30574/ijsra.2025.15.3.1826,2025,doi:10.1109/ms.2018.2141035,Using Microservices for Legacy Software Modernization,2018,IEEE Software,114,17
doi:10.30574/ijsra.2025.15.3.1826,2025,doi:10.1016/j.infsof.2021.106600,From Monolithic Systems to Microservices: An Assessment Framework,2019,Information and Software Technology,111,18
doi:10.30574/ijsra.2025.15.3.1826,2025,doi:10.1109/cloud.2018.00148,Deploying Microservice Based Applications with Kubernetes: Experiments and Lessons Learned,2018,IEEE International Conference on Cloud Computing,102,19
doi:10.30574/ijsra.2025.15.3.1826,2025,doi:10.1109/ase51524.2021.9678708,Groot: An Event-graph-based Approach for Root Cause Analysis in Industrial Settings,2021,International Conference on Automated Software Engineering,100,20
doi:10.30574/ijsra.2025.15.3.1826,2025,ss:00025f8caf92b2e737027790b36c82208d9c1ac7,"Circuit Breakers, Discovery, and API Gateways in Microservices",2016,arXiv.org,99,21
doi:10.30574/ijsra.2025.15.3.1826,2025,doi:10.1007/s11227-018-2345-2,Resource optimization of container orchestration: a case study in multi-cloud microservices-based applications,2018,Journal of Supercomputing,97,22
doi:10.30574/ijsra.2025.15.3.1826,2025,doi:10.1109/icsa-c.2019.00041,"Microservices in Industry: Insights into Technologies, Characteristics, and Software Quality",2019,2019 IEEE International Conference on Software Architecture Companion (ICSA-C),94,23
doi:10.30574/ijsra.2025.15.3.1826,2025,doi:10.1109/icsaw.2017.48,Towards Recovering the Software Architecture of Microservice-Based Systems,2017,IEEE International Conference on Software Architecture Workshops,93,24
doi:10.30574/ijsra.2025.15.3.1826,2025,doi:10.1109/ms.2015.11,Microservices,2015,IEEE Software,92,25
doi:10.30574/ijsra.2025.15.3.1826,2025,doi:10.1002/spe.2704,SmartHerd management: A microservices‐based fog computing–assisted IoT platform towards data‐driven smart dairy farming,2019,"Software, Practice & Experience",92,26
doi:10.30574/ijsra.2025.15.3.1826,2025,doi:10.1109/jiot.2018.2792940,Microservices Scheduling Model Over Heterogeneous Cloud-Edge Environments As Support for IoT Applications,2018,IEEE Internet of Things Journal,88,27
doi:10.30574/ijsra.2025.15.3.1826,2025,doi:10.1109/isc2.2018.8656968,A Microservice-enabled Architecture for Smart Surveillance using Blockchain Technology,2018,2018 IEEE International Smart Cities Conference (ISC2),86,28
doi:10.30574/ijsra.2025.15.3.1826,2025,doi:10.1109/infocom.2018.8486300,Load Balancing Across Microservices,2018,IEEE Conference on Computer Communications,85,29
doi:10.30574/ijsra.2025.15.3.1826,2025,doi:10.1145/3485983.3494866,GRAF: a graph neural network based proactive resource allocation framework for SLO-oriented microservices,2021,Conference on Emerging Network Experiment and Technology,83,30
doi:10.1109/sita67914.2025.11273589,2025,ss:0174c967eeea5a0c1e8d389c790242cb07424b80,Building Microservices,2015,,793,1
doi:10.1109/sita67914.2025.11273589,2025,ss:09aaa85c6fe92ec2e894700dc2bab4d481c5b27d,FIRM: An Intelligent Fine-Grained Resource Management Framework for SLO-Oriented Microservices,2020,USENIX Symposium on Operating Systems Design and Implementation,350,2
doi:10.1109/sita67914.2025.11273589,2025,doi:10.1145/3338906.3338961,Latent error prediction and fault localization for microservice applications by learning from system trace logs,2019,ESEC/SIGSOFT FSE,263,3
doi:10.1109/sita67914.2025.11273589,2025,doi:10.1109/access.2019.2911732,"Container Security: Issues, Challenges, and the Road Ahead",2019,IEEE Access,245,4
doi:10.1109/sita67914.2025.11273589,2025,doi:10.1145/3501297,Anomaly Detection and Failure Root Cause Analysis in (Micro) Service-Based Cloud Applications: A Survey,2021,ACM Computing Surveys,233,5
doi:10.1109/sita67914.2025.11273589,2025,doi:10.1109/icsaw.2017.11,"Microservice Architectures for Scalability, Agility and Reliability in E-Commerce",2017,IEEE International Conference on Software Architecture Workshops,216,6
doi:10.1109/sita67914.2025.11273589,2025,doi:10.1016/j.jss.2019.01.001,Architecting with microservices: A systematic mapping study,2019,Journal of Systems and Software,207,7
doi:10.1109/sita67914.2025.11273589,2025,doi:10.1007/s10723-017-9419-x,Genetic Algorithm for Multi-Objective Optimization of Container Allocation in Cloud Architecture,2017,Journal of Grid Computing,183,8
doi:10.1109/sita67914.2025.11273589,2025,doi:10.1109/iwqos52092.2021.9521340,Practical Root Cause Localization for Microservice Systems via Trace Analysis,2021,International Workshop on Quality of Service,161,9
doi:10.1109/sita67914.2025.11273589,2025,doi:10.1109/mascots.2018.00030,"TeaStore: A Micro-Service Reference Application for Benchmarking, Modeling and Resource Management Research",2018,"IEEE/ACM International Symposium on Modeling, Analysis, and Simulation On Computer and Telecommunication Systems",146,10
doi:10.1109/sita67914.2025.11273589,2025,doi:10.52202/068431-2259,Root Cause Analysis of Failures in Microservices through Causal Discovery,2022,Neural Information Processing Systems,140,11
doi:10.1109/sita67914.2025.11273589,2025,doi:10.1109/icdcs.2016.11,Gremlin: Systematic Resilience Testing of Microservices,2016,IEEE International Conference on Distributed Computing Systems,136,12
doi:10.1109/sita67914.2025.11273589,2025,doi:10.1109/tpds.2021.3128037,Adaptive Resource Efficient Microservice Deployment in Cloud-Edge Continuum,2022,IEEE Transactions on Parallel and Distributed Systems,127,13
doi:10.1109/sita67914.2025.11273589,2025,doi:10.1109/ms.2017.24,"Microservices in Practice, Part 1: Reality Check and Service Design",2017,IEEE Software,123,14
doi:10.1109/sita67914.2025.11273589,2025,doi:10.1002/cpe.4436,A survey on security issues in services communication of Microservices‐enabled fog applications,2019,Concurrency and Computation,120,15
doi:10.1109/sita67914.2025.11273589,2025,doi:10.1016/j.iot.2023.100784,FedSDM: Federated learning based smart decision making module for ECG data in IoT integrated Edge-Fog-Cloud computing environments,2023,Internet of Things,117,16
doi:10.1109/sita67914.2025.11273589,2025,doi:10.1109/ms.2018.2141035,Using Microservices for Legacy Software Modernization,2018,IEEE Software,114,17
doi:10.1109/sita67914.2025.11273589,2025,doi:10.1016/j.infsof.2021.106600,From Monolithic Systems to Microservices: An Assessment Framework,2019,Information and Software Technology,111,18
doi:10.1109/sita67914.2025.11273589,2025,doi:10.1109/cloud.2018.00148,Deploying Microservice Based Applications with Kubernetes: Experiments and Lessons Learned,2018,IEEE International Conference on Cloud Computing,102,19
doi:10.1109/sita67914.2025.11273589,2025,doi:10.1109/ase51524.2021.9678708,Groot: An Event-graph-based Approach for Root Cause Analysis in Industrial Settings,2021,International Conference on Automated Software Engineering,100,20
doi:10.1109/sita67914.2025.11273589,2025,ss:00025f8caf92b2e737027790b36c82208d9c1ac7,"Circuit Breakers, Discovery, and API Gateways in Microservices",2016,arXiv.org,99,21
doi:10.1109/sita67914.2025.11273589,2025,doi:10.1007/s11227-018-2345-2,Resource optimization of container orchestration: a case study in multi-cloud microservices-based applications,2018,Journal of Supercomputing,97,22
doi:10.1109/sita67914.2025.11273589,2025,doi:10.1109/icsa-c.2019.00041,"Microservices in Industry: Insights into Technologies, Characteristics, and Software Quality",2019,2019 IEEE International Conference on Software Architecture Companion (ICSA-C),94,23
doi:10.1109/sita67914.2025.11273589,2025,doi:10.1109/icsaw.2017.48,Towards Recovering the Software Architecture of Microservice-Based Systems,2017,IEEE International Conference on Software Architecture Workshops,93,24
doi:10.1109/sita67914.2025.11273589,2025,doi:10.1109/ms.2015.11,Microservices,2015,IEEE Software,92,25
doi:10.1109/sita67914.2025.11273589,2025,doi:10.1002/spe.2704,SmartHerd management: A microservices‐based fog computing–assisted IoT platform towards data‐driven smart dairy farming,2019,"Software, Practice & Experience",92,26
doi:10.1109/sita67914.2025.11273589,2025,doi:10.1109/jiot.2018.2792940,Microservices Scheduling Model Over Heterogeneous Cloud-Edge Environments As Support for IoT Applications,2018,IEEE Internet of Things Journal,88,27
doi:10.1109/sita67914.2025.11273589,2025,doi:10.1109/isc2.2018.8656968,A Microservice-enabled Architecture for Smart Surveillance using Blockchain Technology,2018,2018 IEEE International Smart Cities Conference (ISC2),86,28
doi:10.1109/sita67914.2025.11273589,2025,doi:10.1109/infocom.2018.8486300,Load Balancing Across Microservices,2018,IEEE Conference on Computer Communications,85,29
doi:10.1109/sita67914.2025.11273589,2025,doi:10.1145/3485983.3494866,GRAF: a graph neural network based proactive resource allocation framework for SLO-oriented microservices,2021,Conference on Emerging Network Experiment and Technology,83,30
doi:10.3390/computers14040133,2025,ss:0174c967eeea5a0c1e8d389c790242cb07424b80,Building Microservices,2015,,793,1
doi:10.3390/computers14040133,2025,ss:09aaa85c6fe92ec2e894700dc2bab4d481c5b27d,FIRM: An Intelligent Fine-Grained Resource Management Framework for SLO-Oriented Microservices,2020,USENIX Symposium on Operating Systems Design and Implementation,350,2
doi:10.3390/computers14040133,2025,doi:10.1145/3338906.3338961,Latent error prediction and fault localization for microservice applications by learning from system trace logs,2019,ESEC/SIGSOFT FSE,263,3
doi:10.3390/computers14040133,2025,doi:10.1109/access.2019.2911732,"Container Security: Issues, Challenges, and the Road Ahead",2019,IEEE Access,245,4
doi:10.3390/computers14040133,2025,doi:10.1145/3501297,Anomaly Detection and Failure Root Cause Analysis in (Micro) Service-Based Cloud Applications: A Survey,2021,ACM Computing Surveys,233,5
doi:10.3390/computers14040133,2025,doi:10.1109/icsaw.2017.11,"Microservice Architectures for Scalability, Agility and Reliability in E-Commerce",2017,IEEE International Conference on Software Architecture Workshops,216,6
doi:10.3390/computers14040133,2025,doi:10.1016/j.jss.2019.01.001,Architecting with microservices: A systematic mapping study,2019,Journal of Systems and Software,207,7
doi:10.3390/computers14040133,2025,doi:10.1007/s10723-017-9419-x,Genetic Algorithm for Multi-Objective Optimization of Container Allocation in Cloud Architecture,2017,Journal of Grid Computing,183,8
doi:10.3390/computers14040133,2025,doi:10.1109/iwqos52092.2021.9521340,Practical Root Cause Localization for Microservice Systems via Trace Analysis,2021,International Workshop on Quality of Service,161,9
doi:10.3390/computers14040133,2025,doi:10.1109/mascots.2018.00030,"TeaStore: A Micro-Service Reference Application for Benchmarking, Modeling and Resource Management Research",2018,"IEEE/ACM International Symposium on Modeling, Analysis, and Simulation On Computer and Telecommunication Systems",146,10
doi:10.3390/computers14040133,2025,doi:10.52202/068431-2259,Root Cause Analysis of Failures in Microservices through Causal Discovery,2022,Neural Information Processing Systems,140,11
doi:10.3390/computers14040133,2025,doi:10.1109/icdcs.2016.11,Gremlin: Systematic Resilience Testing of Microservices,2016,IEEE International Conference on Distributed Computing Systems,136,12
doi:10.3390/computers14040133,2025,doi:10.1109/tpds.2021.3128037,Adaptive Resource Efficient Microservice Deployment in Cloud-Edge Continuum,2022,IEEE Transactions on Parallel and Distributed Systems,127,13
doi:10.3390/computers14040133,2025,doi:10.1109/ms.2017.24,"Microservices in Practice, Part 1: Reality Check and Service Design",2017,IEEE Software,123,14
doi:10.3390/computers14040133,2025,doi:10.1002/cpe.4436,A survey on security issues in services communication of Microservices‐enabled fog applications,2019,Concurrency and Computation,120,15
doi:10.3390/computers14040133,2025,doi:10.1016/j.iot.2023.100784,FedSDM: Federated learning based smart decision making module for ECG data in IoT integrated Edge-Fog-Cloud computing environments,2023,Internet of Things,117,16
doi:10.3390/computers14040133,2025,doi:10.1109/ms.2018.2141035,Using Microservices for Legacy Software Modernization,2018,IEEE Software,114,17
doi:10.3390/computers14040133,2025,doi:10.1016/j.infsof.2021.106600,From Monolithic Systems to Microservices: An Assessment Framework,2019,Information and Software Technology,111,18
doi:10.3390/computers14040133,2025,doi:10.1109/cloud.2018.00148,Deploying Microservice Based Applications with Kubernetes: Experiments and Lessons Learned,2018,IEEE International Conference on Cloud Computing,102,19
doi:10.3390/computers14040133,2025,doi:10.1109/ase51524.2021.9678708,Groot: An Event-graph-based Approach for Root Cause Analysis in Industrial Settings,2021,International Conference on Automated Software Engineering,100,20
doi:10.3390/computers14040133,2025,ss:00025f8caf92b2e737027790b36c82208d9c1ac7,"Circuit Breakers, Discovery, and API Gateways in Microservices",2016,arXiv.org,99,21
doi:10.3390/computers14040133,2025,doi:10.1007/s11227-018-2345-2,Resource optimization of container orchestration: a case study in multi-cloud microservices-based applications,2018,Journal of Supercomputing,97,22
doi:10.3390/computers14040133,2025,doi:10.1109/icsaw.2017.48,Towards Recovering the Software Architecture of Microservice-Based Systems,2017,IEEE International Conference on Software Architecture Workshops,93,24
doi:10.3390/computers14040133,2025,doi:10.1109/ms.2015.11,Microservices,2015,IEEE Software,92,25
doi:10.3390/computers14040133,2025,doi:10.1002/spe.2704,SmartHerd management: A microservices‐based fog computing–assisted IoT platform towards data‐driven smart dairy farming,2019,"Software, Practice & Experience",92,26
doi:10.3390/computers14040133,2025,doi:10.1109/jiot.2018.2792940,Microservices Scheduling Model Over Heterogeneous Cloud-Edge Environments As Support for IoT Applications,2018,IEEE Internet of Things Journal,88,27
doi:10.3390/computers14040133,2025,doi:10.1109/isc2.2018.8656968,A Microservice-enabled Architecture for Smart Surveillance using Blockchain Technology,2018,2018 IEEE International Smart Cities Conference (ISC2),86,28
doi:10.3390/computers14040133,2025,doi:10.1109/infocom.2018.8486300,Load Balancing Across Microservices,2018,IEEE Conference on Computer Communications,85,29
doi:10.3390/computers14040133,2025,doi:10.1145/3485983.3494866,GRAF: a graph neural network based proactive resource allocation framework for SLO-oriented microservices,2021,Conference on Emerging Network Experiment and Technology,83,30
doi:10.1109/access.2022.3221130,2022,ss:0174c967eeea5a0c1e8d389c790242cb07424b80,Building Microservices,2015,,793,1
doi:10.1109/access.2022.3221130,2022,ss:09aaa85c6fe92ec2e894700dc2bab4d481c5b27d,FIRM: An Intelligent Fine-Grained Resource Management Framework for SLO-Oriented Microservices,2020,USENIX Symposium on Operating Systems Design and Implementation,350,2
doi:10.1109/access.2022.3221130,2022,doi:10.1145/3338906.3338961,Latent error prediction and fault localization for microservice applications by learning from system trace logs,2019,ESEC/SIGSOFT FSE,263,3
doi:10.1109/access.2022.3221130,2022,doi:10.1109/access.2019.2911732,"Container Security: Issues, Challenges, and the Road Ahead",2019,IEEE Access,245,4
doi:10.1109/access.2022.3221130,2022,doi:10.1145/3501297,Anomaly Detection and Failure Root Cause Analysis in (Micro) Service-Based Cloud Applications: A Survey,2021,ACM Computing Surveys,233,5
doi:10.1109/access.2022.3221130,2022,doi:10.1109/icsaw.2017.11,"Microservice Architectures for Scalability, Agility and Reliability in E-Commerce",2017,IEEE International Conference on Software Architecture Workshops,216,6
doi:10.1109/access.2022.3221130,2022,doi:10.1016/j.jss.2019.01.001,Architecting with microservices: A systematic mapping study,2019,Journal of Systems and Software,207,7
doi:10.1109/access.2022.3221130,2022,doi:10.1007/s10723-017-9419-x,Genetic Algorithm for Multi-Objective Optimization of Container Allocation in Cloud Architecture,2017,Journal of Grid Computing,183,8
doi:10.1109/access.2022.3221130,2022,doi:10.1109/iwqos52092.2021.9521340,Practical Root Cause Localization for Microservice Systems via Trace Analysis,2021,International Workshop on Quality of Service,161,9
doi:10.1109/access.2022.3221130,2022,doi:10.1109/mascots.2018.00030,"TeaStore: A Micro-Service Reference Application for Benchmarking, Modeling and Resource Management Research",2018,"IEEE/ACM International Symposium on Modeling, Analysis, and Simulation On Computer and Telecommunication Systems",146,10
doi:10.1109/access.2022.3221130,2022,doi:10.52202/068431-2259,Root Cause Analysis of Failures in Microservices through Causal Discovery,2022,Neural Information Processing Systems,140,11
doi:10.1109/access.2022.3221130,2022,doi:10.1109/icdcs.2016.11,Gremlin: Systematic Resilience Testing of Microservices,2016,IEEE International Conference on Distributed Computing Systems,136,12
doi:10.1109/access.2022.3221130,2022,doi:10.1109/tpds.2021.3128037,Adaptive Resource Efficient Microservice Deployment in Cloud-Edge Continuum,2022,IEEE Transactions on Parallel and Distributed Systems,127,13
doi:10.1109/access.2022.3221130,2022,doi:10.1109/ms.2017.24,"Microservices in Practice, Part 1: Reality Check and Service Design",2017,IEEE Software,123,14
doi:10.1109/access.2022.3221130,2022,doi:10.1002/cpe.4436,A survey on security issues in services communication of Microservices‐enabled fog applications,2019,Concurrency and Computation,120,15
doi:10.1109/access.2022.3221130,2022,doi:10.1109/ms.2018.2141035,Using Microservices for Legacy Software Modernization,2018,IEEE Software,114,17
doi:10.1109/access.2022.3221130,2022,doi:10.1016/j.infsof.2021.106600,From Monolithic Systems to Microservices: An Assessment Framework,2019,Information and Software Technology,111,18
doi:10.1109/access.2022.3221130,2022,doi:10.1109/cloud.2018.00148,Deploying Microservice Based Applications with Kubernetes: Experiments and Lessons Learned,2018,IEEE International Conference on Cloud Computing,102,19
doi:10.1109/access.2022.3221130,2022,doi:10.1109/ase51524.2021.9678708,Groot: An Event-graph-based Approach for Root Cause Analysis in Industrial Settings,2021,International Conference on Automated Software Engineering,100,20
doi:10.1109/access.2022.3221130,2022,ss:00025f8caf92b2e737027790b36c82208d9c1ac7,"Circuit Breakers, Discovery, and API Gateways in Microservices",2016,arXiv.org,99,21
doi:10.1109/access.2022.3221130,2022,doi:10.1007/s11227-018-2345-2,Resource optimization of container orchestration: a case study in multi-cloud microservices-based applications,2018,Journal of Supercomputing,97,22
doi:10.1109/access.2022.3221130,2022,doi:10.1109/icsa-c.2019.00041,"Microservices in Industry: Insights into Technologies, Characteristics, and Software Quality",2019,2019 IEEE International Conference on Software Architecture Companion (ICSA-C),94,23
doi:10.1109/access.2022.3221130,2022,doi:10.1109/ms.2015.11,Microservices,2015,IEEE Software,92,25
doi:10.1109/access.2022.3221130,2022,doi:10.1002/spe.2704,SmartHerd management: A microservices‐based fog computing–assisted IoT platform towards data‐driven smart dairy farming,2019,"Software, Practice & Experience",92,26
doi:10.1109/access.2022.3221130,2022,doi:10.1109/jiot.2018.2792940,Microservices Scheduling Model Over Heterogeneous Cloud-Edge Environments As Support for IoT Applications,2018,IEEE Internet of Things Journal,88,27
doi:10.1109/access.2022.3221130,2022,doi:10.1109/isc2.2018.8656968,A Microservice-enabled Architecture for Smart Surveillance using Blockchain Technology,2018,2018 IEEE International Smart Cities Conference (ISC2),86,28
doi:10.1109/access.2022.3221130,2022,doi:10.1109/infocom.2018.8486300,Load Balancing Across Microservices,2018,IEEE Conference on Computer Communications,85,29
doi:10.1109/access.2022.3221130,2022,doi:10.1145/3485983.3494866,GRAF: a graph neural network based proactive resource allocation framework for SLO-oriented microservices,2021,Conference on Emerging Network Experiment and Technology,83,30
ss:13dcdba274acb14ade18dee8350e8385c3d3307c,2023,ss:0174c967eeea5a0c1e8d389c790242cb07424b80,Building Microservices,2015,,793,1
ss:13dcdba274acb14ade18dee8350e8385c3d3307c,2023,ss:09aaa85c6fe92ec2e894700dc2bab4d481c5b27d,FIRM: An Intelligent Fine-Grained Resource Management Framework for SLO-Oriented Microservices,2020,USENIX Symposium on Operating Systems Design and Implementation,350,2
ss:13dcdba274acb14ade18dee8350e8385c3d3307c,2023,doi:10.1145/3338906.3338961,Latent error prediction and fault localization for microservice applications by learning from system trace logs,2019,ESEC/SIGSOFT FSE,263,3
ss:13dcdba274acb14ade18dee8350e8385c3d3307c,2023,doi:10.1109/access.2019.2911732,"Container Security: Issues, Challenges, and the Road Ahead",2019,IEEE Access,245,4
ss:13dcdba274acb14ade18dee8350e8385c3d3307c,2023,doi:10.1145/3501297,Anomaly Detection and Failure Root Cause Analysis in (Micro) Service-Based Cloud Applications: A Survey,2021,ACM Computing Surveys,233,5
ss:13dcdba274acb14ade18dee8350e8385c3d3307c,2023,doi:10.1109/icsaw.2017.11,"Microservice Architectures for Scalability, Agility and Reliability in E-Commerce",2017,IEEE International Conference on Software Architecture Workshops,216,6
ss:13dcdba274acb14ade18dee8350e8385c3d3307c,2023,doi:10.1016/j.jss.2019.01.001,Architecting with microservices: A systematic mapping study,2019,Journal of Systems and Software,207,7
ss:13dcdba274acb14ade18dee8350e8385c3d3307c,2023,doi:10.1007/s10723-017-9419-x,Genetic Algorithm for Multi-Objective Optimization of Container Allocation in Cloud Architecture,2017,Journal of Grid Computing,183,8
ss:13dcdba274acb14ade18dee8350e8385c3d3307c,2023,doi:10.1109/iwqos52092.2021.9521340,Practical Root Cause Localization for Microservice Systems via Trace Analysis,2021,International Workshop on Quality of Service,161,9
ss:13dcdba274acb14ade18dee8350e8385c3d3307c,2023,doi:10.1109/mascots.2018.00030,"TeaStore: A Micro-Service Reference Application for Benchmarking, Modeling and Resource Management Research",2018,"IEEE/ACM International Symposium on Modeling, Analysis, and Simulation On Computer and Telecommunication Systems",146,10
ss:13dcdba274acb14ade18dee8350e8385c3d3307c,2023,doi:10.52202/068431-2259,Root Cause Analysis of Failures in Microservices through Causal Discovery,2022,Neural Information Processing Systems,140,11
ss:13dcdba274acb14ade18dee8350e8385c3d3307c,2023,doi:10.1109/icdcs.2016.11,Gremlin: Systematic Resilience Testing of Microservices,2016,IEEE International Conference on Distributed Computing Systems,136,12
ss:13dcdba274acb14ade18dee8350e8385c3d3307c,2023,doi:10.1109/tpds.2021.3128037,Adaptive Resource Efficient Microservice Deployment in Cloud-Edge Continuum,2022,IEEE Transactions on Parallel and Distributed Systems,127,13
ss:13dcdba274acb14ade18dee8350e8385c3d3307c,2023,doi:10.1109/ms.2017.24,"Microservices in Practice, Part 1: Reality Check and Service Design",2017,IEEE Software,123,14
ss:13dcdba274acb14ade18dee8350e8385c3d3307c,2023,doi:10.1002/cpe.4436,A survey on security issues in services communication of Microservices‐enabled fog applications,2019,Concurrency and Computation,120,15
ss:13dcdba274acb14ade18dee8350e8385c3d3307c,2023,doi:10.1016/j.iot.2023.100784,FedSDM: Federated learning based smart decision making module for ECG data in IoT integrated Edge-Fog-Cloud computing environments,2023,Internet of Things,117,16
ss:13dcdba274acb14ade18dee8350e8385c3d3307c,2023,doi:10.1109/ms.2018.2141035,Using Microservices for Legacy Software Modernization,2018,IEEE Software,114,17
ss:13dcdba274acb14ade18dee8350e8385c3d3307c,2023,doi:10.1016/j.infsof.2021.106600,From Monolithic Systems to Microservices: An Assessment Framework,2019,Information and Software Technology,111,18
ss:13dcdba274acb14ade18dee8350e8385c3d3307c,2023,doi:10.1109/cloud.2018.00148,Deploying Microservice Based Applications with Kubernetes: Experiments and Lessons Learned,2018,IEEE International Conference on Cloud Computing,102,19
ss:13dcdba274acb14ade18dee8350e8385c3d3307c,2023,doi:10.1109/ase51524.2021.9678708,Groot: An Event-graph-based Approach for Root Cause Analysis in Industrial Settings,2021,International Conference on Automated Software Engineering,100,20
ss:13dcdba274acb14ade18dee8350e8385c3d3307c,2023,ss:00025f8caf92b2e737027790b36c82208d9c1ac7,"Circuit Breakers, Discovery, and API Gateways in Microservices",2016,arXiv.org,99,21
ss:13dcdba274acb14ade18dee8350e8385c3d3307c,2023,doi:10.1007/s11227-018-2345-2,Resource optimization of container orchestration: a case study in multi-cloud microservices-based applications,2018,Journal of Supercomputing,97,22
ss:13dcdba274acb14ade18dee8350e8385c3d3307c,2023,doi:10.1109/icsa-c.2019.00041,"Microservices in Industry: Insights into Technologies, Characteristics, and Software Quality",2019,2019 IEEE International Conference on Software Architecture Companion (ICSA-C),94,23
ss:13dcdba274acb14ade18dee8350e8385c3d3307c,2023,doi:10.1109/icsaw.2017.48,Towards Recovering the Software Architecture of Microservice-Based Systems,2017,IEEE International Conference on Software Architecture Workshops,93,24
ss:13dcdba274acb14ade18dee8350e8385c3d3307c,2023,doi:10.1109/ms.2015.11,Microservices,2015,IEEE Software,92,25
ss:13dcdba274acb14ade18dee8350e8385c3d3307c,2023,doi:10.1002/spe.2704,SmartHerd management: A microservices‐based fog computing–assisted IoT platform towards data‐driven smart dairy farming,2019,"Software, Practice & Experience",92,26
ss:13dcdba274acb14ade18dee8350e8385c3d3307c,2023,doi:10.1109/jiot.2018.2792940,Microservices Scheduling Model Over Heterogeneous Cloud-Edge Environments As Support for IoT Applications,2018,IEEE Internet of Things Journal,88,27
ss:13dcdba274acb14ade18dee8350e8385c3d3307c,2023,doi:10.1109/isc2.2018.8656968,A Microservice-enabled Architecture for Smart Surveillance using Blockchain Technology,2018,2018 IEEE International Smart Cities Conference (ISC2),86,28
ss:13dcdba274acb14ade18dee8350e8385c3d3307c,2023,doi:10.1109/infocom.2018.8486300,Load Balancing Across Microservices,2018,IEEE Conference on Computer Communications,85,29
ss:13dcdba274acb14ade18dee8350e8385c3d3307c,2023,doi:10.1145/3485983.3494866,GRAF: a graph neural network based proactive resource allocation framework for SLO-oriented microservices,2021,Conference on Emerging Network Experiment and Technology,83,30
doi:10.1007/978-3-030-32022-5_9,2019,ss:0174c967eeea5a0c1e8d389c790242cb07424b80,Building Microservices,2015,,793,1
doi:10.1007/978-3-030-32022-5_9,2019,doi:10.1145/3338906.3338961,Latent error prediction and fault localization for microservice applications by learning from system trace logs,2019,ESEC/SIGSOFT FSE,263,3
doi:10.1007/978-3-030-32022-5_9,2019,doi:10.1109/access.2019.2911732,"Container Security: Issues, Challenges, and the Road Ahead",2019,IEEE Access,245,4
doi:10.1007/978-3-030-32022-5_9,2019,doi:10.1109/icsaw.2017.11,"Microservice Architectures for Scalability, Agility and Reliability in E-Commerce",2017,IEEE International Conference on Software Architecture Workshops,216,6
doi:10.1007/978-3-030-32022-5_9,2019,doi:10.1016/j.jss.2019.01.001,Architecting with microservices: A systematic mapping study,2019,Journal of Systems and Software,207,7
doi:10.1007/978-3-030-32022-5_9,2019,doi:10.1007/s10723-017-9419-x,Genetic Algorithm for Multi-Objective Optimization of Container Allocation in Cloud Architecture,2017,Journal of Grid Computing,183,8
doi:10.1007/978-3-030-32022-5_9,2019,doi:10.1109/mascots.2018.00030,"TeaStore: A Micro-Service Reference Application for Benchmarking, Modeling and Resource Management Research",2018,"IEEE/ACM International Symposium on Modeling, Analysis, and Simulation On Computer and Telecommunication Systems",146,10
doi:10.1007/978-3-030-32022-5_9,2019,doi:10.1109/icdcs.2016.11,Gremlin: Systematic Resilience Testing of Microservices,2016,IEEE International Conference on Distributed Computing Systems,136,12
doi:10.1007/978-3-030-32022-5_9,2019,doi:10.1109/ms.2017.24,"Microservices in Practice, Part 1: Reality Check and Service Design",2017,IEEE Software,123,14
doi:10.1007/978-3-030-32022-5_9,2019,doi:10.1002/cpe.4436,A survey on security issues in services communication of Microservices‐enabled fog applications,2019,Concurrency and Computation,120,15
doi:10.1007/978-3-030-32022-5_9,2019,doi:10.1109/ms.2018.2141035,Using Microservices for Legacy Software Modernization,2018,IEEE Software,114,17
doi:10.1007/978-3-030-32022-5_9,2019,doi:10.1016/j.infsof.2021.106600,From Monolithic Systems to Microservices: An Assessment Framework,2019,Information and Software Technology,111,18
doi:10.1007/978-3-030-32022-5_9,2019,doi:10.1109/cloud.2018.00148,Deploying Microservice Based Applications with Kubernetes: Experiments and Lessons Learned,2018,IEEE International Conference on Cloud Computing,102,19
doi:10.1007/978-3-030-32022-5_9,2019,ss:00025f8caf92b2e737027790b36c82208d9c1ac7,"Circuit Breakers, Discovery, and API Gateways in Microservices",2016,arXiv.org,99,21
doi:10.1007/978-3-030-32022-5_9,2019,doi:10.1007/s11227-018-2345-2,Resource optimization of container orchestration: a case study in multi-cloud microservices-based applications,2018,Journal of Supercomputing,97,22
doi:10.1007/978-3-030-32022-5_9,2019,doi:10.1109/icsa-c.2019.00041,"Microservices in Industry: Insights into Technologies, Characteristics, and Software Quality",2019,2019 IEEE International Conference on Software Architecture Companion (ICSA-C),94,23
doi:10.1007/978-3-030-32022-5_9,2019,doi:10.1109/icsaw.2017.48,Towards Recovering the Software Architecture of Microservice-Based Systems,2017,IEEE International Conference on Software Architecture Workshops,93,24
doi:10.1007/978-3-030-32022-5_9,2019,doi:10.1002/spe.2704,SmartHerd management: A microservices‐based fog computing–assisted IoT platform towards data‐driven smart dairy farming,2019,"Software, Practice & Experience",92,26
doi:10.1007/978-3-030-32022-5_9,2019,doi:10.1109/jiot.2018.2792940,Microservices Scheduling Model Over Heterogeneous Cloud-Edge Environments As Support for IoT Applications,2018,IEEE Internet of Things Journal,88,27
doi:10.1007/978-3-030-32022-5_9,2019,doi:10.1109/isc2.2018.8656968,A Microservice-enabled Architecture for Smart Surveillance using Blockchain Technology,2018,2018 IEEE International Smart Cities Conference (ISC2),86,28
doi:10.1007/978-3-030-32022-5_9,2019,doi:10.1109/infocom.2018.8486300,Load Balancing Across Microservices,2018,IEEE Conference on Computer Communications,85,29
doi:10.5220/0010578905210532,2021,ss:0174c967eeea5a0c1e8d389c790242cb07424b80,Building Microservices,2015,,793,1
doi:10.5220/0010578905210532,2021,ss:09aaa85c6fe92ec2e894700dc2bab4d481c5b27d,FIRM: An Intelligent Fine-Grained Resource Management Framework for SLO-Oriented Microservices,2020,USENIX Symposium on Operating Systems Design and Implementation,350,2
doi:10.5220/0010578905210532,2021,doi:10.1145/3338906.3338961,Latent error prediction and fault localization for microservice applications by learning from system trace logs,2019,ESEC/SIGSOFT FSE,263,3
doi:10.5220/0010578905210532,2021,doi:10.1109/access.2019.2911732,"Container Security: Issues, Challenges, and the Road Ahead",2019,IEEE Access,245,4
doi:10.5220/0010578905210532,2021,doi:10.1145/3501297,Anomaly Detection and Failure Root Cause Analysis in (Micro) Service-Based Cloud Applications: A Survey,2021,ACM Computing Surveys,233,5
doi:10.5220/0010578905210532,2021,doi:10.1109/icsaw.2017.11,"Microservice Architectures for Scalability, Agility and Reliability in E-Commerce",2017,IEEE International Conference on Software Architecture Workshops,216,6
doi:10.5220/0010578905210532,2021,doi:10.1016/j.jss.2019.01.001,Architecting with microservices: A systematic mapping study,2019,Journal of Systems and Software,207,7
doi:10.5220/0010578905210532,2021,doi:10.1109/iwqos52092.2021.9521340,Practical Root Cause Localization for Microservice Systems via Trace Analysis,2021,International Workshop on Quality of Service,161,9
doi:10.5220/0010578905210532,2021,doi:10.1109/mascots.2018.00030,"TeaStore: A Micro-Service Reference Application for Benchmarking, Modeling and Resource Management Research",2018,"IEEE/ACM International Symposium on Modeling, Analysis, and Simulation On Computer and Telecommunication Systems",146,10
doi:10.5220/0010578905210532,2021,doi:10.1109/icdcs.2016.11,Gremlin: Systematic Resilience Testing of Microservices,2016,IEEE International Conference on Distributed Computing Systems,136,12
doi:10.5220/0010578905210532,2021,doi:10.1109/ms.2017.24,"Microservices in Practice, Part 1: Reality Check and Service Design",2017,IEEE Software,123,14
doi:10.5220/0010578905210532,2021,doi:10.1002/cpe.4436,A survey on security issues in services communication of Microservices‐enabled fog applications,2019,Concurrency and Computation,120,15
doi:10.5220/0010578905210532,2021,doi:10.1109/ms.2018.2141035,Using Microservices for Legacy Software Modernization,2018,IEEE Software,114,17
doi:10.5220/0010578905210532,2021,doi:10.1016/j.infsof.2021.106600,From Monolithic Systems to Microservices: An Assessment Framework,2019,Information and Software Technology,111,18
doi:10.5220/0010578905210532,2021,doi:10.1109/cloud.2018.00148,Deploying Microservice Based Applications with Kubernetes: Experiments and Lessons Learned,2018,IEEE International Conference on Cloud Computing,102,19
doi:10.5220/0010578905210532,2021,doi:10.1109/ase51524.2021.9678708,Groot: An Event-graph-based Approach for Root Cause Analysis in Industrial Settings,2021,International Conference on Automated Software Engineering,100,20
doi:10.5220/0010578905210532,2021,ss:00025f8caf92b2e737027790b36c82208d9c1ac7,"Circuit Breakers, Discovery, and API Gateways in Microservices",2016,arXiv.org,99,21
doi:10.5220/0010578905210532,2021,doi:10.1109/icsa-c.2019.00041,"Microservices in Industry: Insights into Technologies, Characteristics, and Software Quality",2019,2019 IEEE International Conference on Software Architecture Companion (ICSA-C),94,23
doi:10.5220/0010578905210532,2021,doi:10.1109/icsaw.2017.48,Towards Recovering the Software Architecture of Microservice-Based Systems,2017,IEEE International Conference on Software Architecture Workshops,93,24
doi:10.5220/0010578905210532,2021,doi:10.1109/ms.2015.11,Microservices,2015,IEEE Software,92,25
doi:10.5220/0010578905210532,2021,doi:10.1002/spe.2704,SmartHerd management: A microservices‐based fog computing–assisted IoT platform towards data‐driven smart dairy farming,2019,"Software, Practice & Experience",92,26
doi:10.5220/0010578905210532,2021,doi:10.1109/jiot.2018.2792940,Microservices Scheduling Model Over Heterogeneous Cloud-Edge Environments As Support for IoT Applications,2018,IEEE Internet of Things Journal,88,27
doi:10.5220/0010578905210532,2021,doi:10.1109/isc2.2018.8656968,A Microservice-enabled Architecture for Smart Surveillance using Blockchain Technology,2018,2018 IEEE International Smart Cities Conference (ISC2),86,28
doi:10.5220/0010578905210532,2021,doi:10.1109/infocom.2018.8486300,Load Balancing Across Microservices,2018,IEEE Conference on Computer Communications,85,29
doi:10.5220/0010578905210532,2021,doi:10.1145/3485983.3494866,GRAF: a graph neural network based proactive resource allocation framework for SLO-oriented microservices,2021,Conference on Emerging Network Experiment and Technology,83,30
doi:10.1007/s00607-025-01540-w,2025,ss:0174c967eeea5a0c1e8d389c790242cb07424b80,Building Microservices,2015,,793,1
doi:10.1007/s00607-025-01540-w,2025,ss:09aaa85c6fe92ec2e894700dc2bab4d481c5b27d,FIRM: An Intelligent Fine-Grained Resource Management Framework for SLO-Oriented Microservices,2020,USENIX Symposium on Operating Systems Design and Implementation,350,2
doi:10.1007/s00607-025-01540-w,2025,doi:10.1145/3338906.3338961,Latent error prediction and fault localization for microservice applications by learning from system trace logs,2019,ESEC/SIGSOFT FSE,263,3
doi:10.1007/s00607-025-01540-w,2025,doi:10.1109/access.2019.2911732,"Container Security: Issues, Challenges, and the Road Ahead",2019,IEEE Access,245,4
doi:10.1007/s00607-025-01540-w,2025,doi:10.1145/3501297,Anomaly Detection and Failure Root Cause Analysis in (Micro) Service-Based Cloud Applications: A Survey,2021,ACM Computing Surveys,233,5
doi:10.1007/s00607-025-01540-w,2025,doi:10.1109/icsaw.2017.11,"Microservice Architectures for Scalability, Agility and Reliability in E-Commerce",2017,IEEE International Conference on Software Architecture Workshops,216,6
doi:10.1007/s00607-025-01540-w,2025,doi:10.1016/j.jss.2019.01.001,Architecting with microservices: A systematic mapping study,2019,Journal of Systems and Software,207,7
doi:10.1007/s00607-025-01540-w,2025,doi:10.1007/s10723-017-9419-x,Genetic Algorithm for Multi-Objective Optimization of Container Allocation in Cloud Architecture,2017,Journal of Grid Computing,183,8
doi:10.1007/s00607-025-01540-w,2025,doi:10.1109/iwqos52092.2021.9521340,Practical Root Cause Localization for Microservice Systems via Trace Analysis,2021,International Workshop on Quality of Service,161,9
doi:10.1007/s00607-025-01540-w,2025,doi:10.1109/mascots.2018.00030,"TeaStore: A Micro-Service Reference Application for Benchmarking, Modeling and Resource Management Research",2018,"IEEE/ACM International Symposium on Modeling, Analysis, and Simulation On Computer and Telecommunication Systems",146,10
doi:10.1007/s00607-025-01540-w,2025,doi:10.52202/068431-2259,Root Cause Analysis of Failures in Microservices through Causal Discovery,2022,Neural Information Processing Systems,140,11
doi:10.1007/s00607-025-01540-w,2025,doi:10.1109/icdcs.2016.11,Gremlin: Systematic Resilience Testing of Microservices,2016,IEEE International Conference on Distributed Computing Systems,136,12
doi:10.1007/s00607-025-01540-w,2025,doi:10.1109/tpds.2021.3128037,Adaptive Resource Efficient Microservice Deployment in Cloud-Edge Continuum,2022,IEEE Transactions on Parallel and Distributed Systems,127,13
doi:10.1007/s00607-025-01540-w,2025,doi:10.1109/ms.2017.24,"Microservices in Practice, Part 1: Reality Check and Service Design",2017,IEEE Software,123,14
doi:10.1007/s00607-025-01540-w,2025,doi:10.1002/cpe.4436,A survey on security issues in services communication of Microservices‐enabled fog applications,2019,Concurrency and Computation,120,15
doi:10.1007/s00607-025-01540-w,2025,doi:10.1016/j.iot.2023.100784,FedSDM: Federated learning based smart decision making module for ECG data in IoT integrated Edge-Fog-Cloud computing environments,2023,Internet of Things,117,16
doi:10.1007/s00607-025-01540-w,2025,doi:10.1109/ms.2018.2141035,Using Microservices for Legacy Software Modernization,2018,IEEE Software,114,17
doi:10.1007/s00607-025-01540-w,2025,doi:10.1016/j.infsof.2021.106600,From Monolithic Systems to Microservices: An Assessment Framework,2019,Information and Software Technology,111,18
doi:10.1007/s00607-025-01540-w,2025,doi:10.1109/cloud.2018.00148,Deploying Microservice Based Applications with Kubernetes: Experiments and Lessons Learned,2018,IEEE International Conference on Cloud Computing,102,19
doi:10.1007/s00607-025-01540-w,2025,ss:00025f8caf92b2e737027790b36c82208d9c1ac7,"Circuit Breakers, Discovery, and API Gateways in Microservices",2016,arXiv.org,99,21
doi:10.1007/s00607-025-01540-w,2025,doi:10.1007/s11227-018-2345-2,Resource optimization of container orchestration: a case study in multi-cloud microservices-based applications,2018,Journal of Supercomputing,97,22
doi:10.1007/s00607-025-01540-w,2025,doi:10.1109/icsa-c.2019.00041,"Microservices in Industry: Insights into Technologies, Characteristics, and Software Quality",2019,2019 IEEE International Conference on Software Architecture Companion (ICSA-C),94,23
doi:10.1007/s00607-025-01540-w,2025,doi:10.1109/icsaw.2017.48,Towards Recovering the Software Architecture of Microservice-Based Systems,2017,IEEE International Conference on Software Architecture Workshops,93,24
doi:10.1007/s00607-025-01540-w,2025,doi:10.1109/ms.2015.11,Microservices,2015,IEEE Software,92,25
doi:10.1007/s00607-025-01540-w,2025,doi:10.1002/spe.2704,SmartHerd management: A microservices‐based fog computing–assisted IoT platform towards data‐driven smart dairy farming,2019,"Software, Practice & Experience",92,26
doi:10.1007/s00607-025-01540-w,2025,doi:10.1109/jiot.2018.2792940,Microservices Scheduling Model Over Heterogeneous Cloud-Edge Environments As Support for IoT Applications,2018,IEEE Internet of Things Journal,88,27
doi:10.1007/s00607-025-01540-w,2025,doi:10.1109/isc2.2018.8656968,A Microservice-enabled Architecture for Smart Surveillance using Blockchain Technology,2018,2018 IEEE International Smart Cities Conference (ISC2),86,28
doi:10.1007/s00607-025-01540-w,2025,doi:10.1109/infocom.2018.8486300,Load Balancing Across Microservices,2018,IEEE Conference on Computer Communications,85,29
doi:10.1016/j.jss.2019.01.001,2019,ss:0174c967eeea5a0c1e8d389c790242cb07424b80,Building Microservices,2015,,793,1
doi:10.1016/j.jss.2019.01.001,2019,doi:10.1145/3338906.3338961,Latent error prediction and fault localization for microservice applications by learning from system trace logs,2019,ESEC/SIGSOFT FSE,263,3
doi:10.1016/j.jss.2019.01.001,2019,doi:10.1109/access.2019.2911732,"Container Security: Issues, Challenges, and the Road Ahead",2019,IEEE Access,245,4
doi:10.1016/j.jss.2019.01.001,2019,doi:10.1109/icsaw.2017.11,"Microservice Architectures for Scalability, Agility and Reliability in E-Commerce",2017,IEEE International Conference on Software Architecture Workshops,216,6
doi:10.1016/j.jss.2019.01.001,2019,doi:10.1016/j.jss.2019.01.001,Architecting with microservices: A systematic mapping study,2019,Journal of Systems and Software,207,7
doi:10.1016/j.jss.2019.01.001,2019,doi:10.1007/s10723-017-9419-x,Genetic Algorithm for Multi-Objective Optimization of Container Allocation in Cloud Architecture,2017,Journal of Grid Computing,183,8
doi:10.1016/j.jss.2019.01.001,2019,doi:10.1109/mascots.2018.00030,"TeaStore: A Micro-Service Reference Application for Benchmarking, Modeling and Resource Management Research",2018,"IEEE/ACM International Symposium on Modeling, Analysis, and Simulation On Computer and Telecommunication Systems",146,10
doi:10.1016/j.jss.2019.01.001,2019,doi:10.1109/icdcs.2016.11,Gremlin: Systematic Resilience Testing of Microservices,2016,IEEE International Conference on Distributed Computing Systems,136,12
doi:10.1016/j.jss.2019.01.001,2019,doi:10.1109/ms.2017.24,"Microservices in Practice, Part 1: Reality Check and Service Design",2017,IEEE Software,123,14
doi:10.1016/j.jss.2019.01.001,2019,doi:10.1002/cpe.4436,A survey on security issues in services communication of Microservices‐enabled fog applications,2019,Concurrency and Computation,120,15
doi:10.1016/j.jss.2019.01.001,2019,doi:10.1109/ms.2018.2141035,Using Microservices for Legacy Software Modernization,2018,IEEE Software,114,17
doi:10.1016/j.jss.2019.01.001,2019,doi:10.1016/j.infsof.2021.106600,From Monolithic Systems to Microservices: An Assessment Framework,2019,Information and Software Technology,111,18
doi:10.1016/j.jss.2019.01.001,2019,doi:10.1109/cloud.2018.00148,Deploying Microservice Based Applications with Kubernetes: Experiments and Lessons Learned,2018,IEEE International Conference on Cloud Computing,102,19
doi:10.1016/j.jss.2019.01.001,2019,ss:00025f8caf92b2e737027790b36c82208d9c1ac7,"Circuit Breakers, Discovery, and API Gateways in Microservices",2016,arXiv.org,99,21
doi:10.1016/j.jss.2019.01.001,2019,doi:10.1007/s11227-018-2345-2,Resource optimization of container orchestration: a case study in multi-cloud microservices-based applications,2018,Journal of Supercomputing,97,22
doi:10.1016/j.jss.2019.01.001,2019,doi:10.1109/icsa-c.2019.00041,"Microservices in Industry: Insights into Technologies, Characteristics, and Software Quality",2019,2019 IEEE International Conference on Software Architecture Companion (ICSA-C),94,23
doi:10.1016/j.jss.2019.01.001,2019,doi:10.1109/icsaw.2017.48,Towards Recovering the Software Architecture of Microservice-Based Systems,2017,IEEE International Conference on Software Architecture Workshops,93,24
doi:10.1016/j.jss.2019.01.001,2019,doi:10.1109/ms.2015.11,Microservices,2015,IEEE Software,92,25
doi:10.1016/j.jss.2019.01.001,2019,doi:10.1002/spe.2704,SmartHerd management: A microservices‐based fog computing–assisted IoT platform towards data‐driven smart dairy farming,2019,"Software, Practice & Experience",92,26
doi:10.1016/j.jss.2019.01.001,2019,doi:10.1109/jiot.2018.2792940,Microservices Scheduling Model Over Heterogeneous Cloud-Edge Environments As Support for IoT Applications,2018,IEEE Internet of Things Journal,88,27
doi:10.1016/j.jss.2019.01.001,2019,doi:10.1109/isc2.2018.8656968,A Microservice-enabled Architecture for Smart Surveillance using Blockchain Technology,2018,2018 IEEE International Smart Cities Conference (ISC2),86,28
doi:10.1016/j.jss.2019.01.001,2019,doi:10.1109/infocom.2018.8486300,Load Balancing Across Microservices,2018,IEEE Conference on Computer Communications,85,29
doi:10.1016/j.cosrev.2021.100415,2020,ss:0174c967eeea5a0c1e8d389c790242cb07424b80,Building Microservices,2015,,793,1
doi:10.1016/j.cosrev.2021.100415,2020,ss:09aaa85c6fe92ec2e894700dc2bab4d481c5b27d,FIRM: An Intelligent Fine-Grained Resource Management Framework for SLO-Oriented Microservices,2020,USENIX Symposium on Operating Systems Design and Implementation,350,2
doi:10.1016/j.cosrev.2021.100415,2020,doi:10.1145/3338906.3338961,Latent error prediction and fault localization for microservice applications by learning from system trace logs,2019,ESEC/SIGSOFT FSE,263,3
doi:10.1016/j.cosrev.2021.100415,2020,doi:10.1109/icsaw.2017.11,"Microservice Architectures for Scalability, Agility and Reliability in E-Commerce",2017,IEEE International Conference on Software Architecture Workshops,216,6
doi:10.1016/j.cosrev.2021.100415,2020,doi:10.1016/j.jss.2019.01.001,Architecting with microservices: A systematic mapping study,2019,Journal of Systems and Software,207,7
doi:10.1016/j.cosrev.2021.100415,2020,doi:10.1007/s10723-017-9419-x,Genetic Algorithm for Multi-Objective Optimization of Container Allocation in Cloud Architecture,2017,Journal of Grid Computing,183,8
doi:10.1016/j.cosrev.2021.100415,2020,doi:10.1109/mascots.2018.00030,"TeaStore: A Micro-Service Reference Application for Benchmarking, Modeling and Resource Management Research",2018,"IEEE/ACM International Symposium on Modeling, Analysis, and Simulation On Computer and Telecommunication Systems",146,10
doi:10.1016/j.cosrev.2021.100415,2020,doi:10.1109/icdcs.2016.11,Gremlin: Systematic Resilience Testing of Microservices,2016,IEEE International Conference on Distributed Computing Systems,136,12
doi:10.1016/j.cosrev.2021.100415,2020,doi:10.1109/ms.2017.24,"Microservices in Practice, Part 1: Reality Check and Service Design",2017,IEEE Software,123,14
doi:10.1016/j.cosrev.2021.100415,2020,doi:10.1109/ms.2018.2141035,Using Microservices for Legacy Software Modernization,2018,IEEE Software,114,17
doi:10.1016/j.cosrev.2021.100415,2020,doi:10.1016/j.infsof.2021.106600,From Monolithic Systems to Microservices: An Assessment Framework,2019,Information and Software Technology,111,18
doi:10.1016/j.cosrev.2021.100415,2020,doi:10.1109/cloud.2018.00148,Deploying Microservice Based Applications with Kubernetes: Experiments and Lessons Learned,2018,IEEE International Conference on Cloud Computing,102,19
doi:10.1016/j.cosrev.2021.100415,2020,ss:00025f8caf92b2e737027790b36c82208d9c1ac7,"Circuit Breakers, Discovery, and API Gateways in Microservices",2016,arXiv.org,99,21
doi:10.1016/j.cosrev.2021.100415,2020,doi:10.1007/s11227-018-2345-2,Resource optimization of container orchestration: a case study in multi-cloud microservices-based applications,2018,Journal of Supercomputing,97,22
doi:10.1016/j.cosrev.2021.100415,2020,doi:10.1109/icsaw.2017.48,Towards Recovering the Software Architecture of Microservice-Based Systems,2017,IEEE International Conference on Software Architecture Workshops,93,24
doi:10.1016/j.cosrev.2021.100415,2020,doi:10.1109/ms.2015.11,Microservices,2015,IEEE Software,92,25
doi:10.1016/j.cosrev.2021.100415,2020,doi:10.1002/spe.2704,SmartHerd management: A microservices‐based fog computing–assisted IoT platform towards data‐driven smart dairy farming,2019,"Software, Practice & Experience",92,26
doi:10.1016/j.cosrev.2021.100415,2020,doi:10.1109/jiot.2018.2792940,Microservices Scheduling Model Over Heterogeneous Cloud-Edge Environments As Support for IoT Applications,2018,IEEE Internet of Things Journal,88,27
doi:10.1016/j.cosrev.2021.100415,2020,doi:10.1109/infocom.2018.8486300,Load Balancing Across Microservices,2018,IEEE Conference on Computer Communications,85,29
doi:10.3390/app11177856,2021,ss:0174c967eeea5a0c1e8d389c790242cb07424b80,Building Microservices,2015,,793,1
doi:10.3390/app11177856,2021,ss:09aaa85c6fe92ec2e894700dc2bab4d481c5b27d,FIRM: An Intelligent Fine-Grained Resource Management Framework for SLO-Oriented Microservices,2020,USENIX Symposium on Operating Systems Design and Implementation,350,2
doi:10.3390/app11177856,2021,doi:10.1145/3338906.3338961,Latent error prediction and fault localization for microservice applications by learning from system trace logs,2019,ESEC/SIGSOFT FSE,263,3
doi:10.3390/app11177856,2021,doi:10.1109/access.2019.2911732,"Container Security: Issues, Challenges, and the Road Ahead",2019,IEEE Access,245,4
doi:10.3390/app11177856,2021,doi:10.1145/3501297,Anomaly Detection and Failure Root Cause Analysis in (Micro) Service-Based Cloud Applications: A Survey,2021,ACM Computing Surveys,233,5
doi:10.3390/app11177856,2021,doi:10.1109/icsaw.2017.11,"Microservice Architectures for Scalability, Agility and Reliability in E-Commerce",2017,IEEE International Conference on Software Architecture Workshops,216,6
doi:10.3390/app11177856,2021,doi:10.1007/s10723-017-9419-x,Genetic Algorithm for Multi-Objective Optimization of Container Allocation in Cloud Architecture,2017,Journal of Grid Computing,183,8
doi:10.3390/app11177856,2021,doi:10.1109/iwqos52092.2021.9521340,Practical Root Cause Localization for Microservice Systems via Trace Analysis,2021,International Workshop on Quality of Service,161,9
doi:10.3390/app11177856,2021,doi:10.1109/mascots.2018.00030,"TeaStore: A Micro-Service Reference Application for Benchmarking, Modeling and Resource Management Research",2018,"IEEE/ACM International Symposium on Modeling, Analysis, and Simulation On Computer and Telecommunication Systems",146,10
doi:10.3390/app11177856,2021,doi:10.1109/icdcs.2016.11,Gremlin: Systematic Resilience Testing of Microservices,2016,IEEE International Conference on Distributed Computing Systems,136,12
doi:10.3390/app11177856,2021,doi:10.1109/ms.2017.24,"Microservices in Practice, Part 1: Reality Check and Service Design",2017,IEEE Software,123,14
doi:10.3390/app11177856,2021,doi:10.1002/cpe.4436,A survey on security issues in services communication of Microservices‐enabled fog applications,2019,Concurrency and Computation,120,15
doi:10.3390/app11177856,2021,doi:10.1109/ms.2018.2141035,Using Microservices for Legacy Software Modernization,2018,IEEE Software,114,17
doi:10.3390/app11177856,2021,doi:10.1109/cloud.2018.00148,Deploying Microservice Based Applications with Kubernetes: Experiments and Lessons Learned,2018,IEEE International Conference on Cloud Computing,102,19
doi:10.3390/app11177856,2021,doi:10.1109/ase51524.2021.9678708,Groot: An Event-graph-based Approach for Root Cause Analysis in Industrial Settings,2021,International Conference on Automated Software Engineering,100,20
doi:10.3390/app11177856,2021,ss:00025f8caf92b2e737027790b36c82208d9c1ac7,"Circuit Breakers, Discovery, and API Gateways in Microservices",2016,arXiv.org,99,21
doi:10.3390/app11177856,2021,doi:10.1007/s11227-018-2345-2,Resource optimization of container orchestration: a case study in multi-cloud microservices-based applications,2018,Journal of Supercomputing,97,22
doi:10.3390/app11177856,2021,doi:10.1109/icsa-c.2019.00041,"Microservices in Industry: Insights into Technologies, Characteristics, and Software Quality",2019,2019 IEEE International Conference on Software Architecture Companion (ICSA-C),94,23
doi:10.3390/app11177856,2021,doi:10.1109/icsaw.2017.48,Towards Recovering the Software Architecture of Microservice-Based Systems,2017,IEEE International Conference on Software Architecture Workshops,93,24
doi:10.3390/app11177856,2021,doi:10.1109/ms.2015.11,Microservices,2015,IEEE Software,92,25
doi:10.3390/app11177856,2021,doi:10.1002/spe.2704,SmartHerd management: A microservices‐based fog computing–assisted IoT platform towards data‐driven smart dairy farming,2019,"Software, Practice & Experience",92,26
doi:10.3390/app11177856,2021,doi:10.1109/jiot.2018.2792940,Microservices Scheduling Model Over Heterogeneous Cloud-Edge Environments As Support for IoT Applications,2018,IEEE Internet of Things Journal,88,27
doi:10.3390/app11177856,2021,doi:10.1109/isc2.2018.8656968,A Microservice-enabled Architecture for Smart Surveillance using Blockchain Technology,2018,2018 IEEE International Smart Cities Conference (ISC2),86,28
doi:10.3390/app11177856,2021,doi:10.1109/infocom.2018.8486300,Load Balancing Across Microservices,2018,IEEE Conference on Computer Communications,85,29
doi:10.3390/app11177856,2021,doi:10.1145/3485983.3494866,GRAF: a graph neural network based proactive resource allocation framework for SLO-oriented microservices,2021,Conference on Emerging Network Experiment and Technology,83,30
doi:10.1007/978-3-031-66326-0_1,2023,ss:0174c967eeea5a0c1e8d389c790242cb07424b80,Building Microservices,2015,,793,1
doi:10.1007/978-3-031-66326-0_1,2023,ss:09aaa85c6fe92ec2e894700dc2bab4d481c5b27d,FIRM: An Intelligent Fine-Grained Resource Management Framework for SLO-Oriented Microservices,2020,USENIX Symposium on Operating Systems Design and Implementation,350,2
doi:10.1007/978-3-031-66326-0_1,2023,doi:10.1145/3338906.3338961,Latent error prediction and fault localization for microservice applications by learning from system trace logs,2019,ESEC/SIGSOFT FSE,263,3
doi:10.1007/978-3-031-66326-0_1,2023,doi:10.1109/access.2019.2911732,"Container Security: Issues, Challenges, and the Road Ahead",2019,IEEE Access,245,4
doi:10.1007/978-3-031-66326-0_1,2023,doi:10.1145/3501297,Anomaly Detection and Failure Root Cause Analysis in (Micro) Service-Based Cloud Applications: A Survey,2021,ACM Computing Surveys,233,5
doi:10.1007/978-3-031-66326-0_1,2023,doi:10.1109/icsaw.2017.11,"Microservice Architectures for Scalability, Agility and Reliability in E-Commerce",2017,IEEE International Conference on Software Architecture Workshops,216,6
doi:10.1007/978-3-031-66326-0_1,2023,doi:10.1016/j.jss.2019.01.001,Architecting with microservices: A systematic mapping study,2019,Journal of Systems and Software,207,7
doi:10.1007/978-3-031-66326-0_1,2023,doi:10.1007/s10723-017-9419-x,Genetic Algorithm for Multi-Objective Optimization of Container Allocation in Cloud Architecture,2017,Journal of Grid Computing,183,8
doi:10.1007/978-3-031-66326-0_1,2023,doi:10.1109/iwqos52092.2021.9521340,Practical Root Cause Localization for Microservice Systems via Trace Analysis,2021,International Workshop on Quality of Service,161,9
doi:10.1007/978-3-031-66326-0_1,2023,doi:10.1109/mascots.2018.00030,"TeaStore: A Micro-Service Reference Application for Benchmarking, Modeling and Resource Management Research",2018,"IEEE/ACM International Symposium on Modeling, Analysis, and Simulation On Computer and Telecommunication Systems",146,10
doi:10.1007/978-3-031-66326-0_1,2023,doi:10.52202/068431-2259,Root Cause Analysis of Failures in Microservices through Causal Discovery,2022,Neural Information Processing Systems,140,11
doi:10.1007/978-3-031-66326-0_1,2023,doi:10.1109/icdcs.2016.11,Gremlin: Systematic Resilience Testing of Microservices,2016,IEEE International Conference on Distributed Computing Systems,136,12
doi:10.1007/978-3-031-66326-0_1,2023,doi:10.1109/tpds.2021.3128037,Adaptive Resource Efficient Microservice Deployment in Cloud-Edge Continuum,2022,IEEE Transactions on Parallel and Distributed Systems,127,13
doi:10.1007/978-3-031-66326-0_1,2023,doi:10.1109/ms.2017.24,"Microservices in Practice, Part 1: Reality Check and Service Design",2017,IEEE Software,123,14
doi:10.1007/978-3-031-66326-0_1,2023,doi:10.1002/cpe.4436,A survey on security issues in services communication of Microservices‐enabled fog applications,2019,Concurrency and Computation,120,15
doi:10.1007/978-3-031-66326-0_1,2023,doi:10.1016/j.iot.2023.100784,FedSDM: Federated learning based smart decision making module for ECG data in IoT integrated Edge-Fog-Cloud computing environments,2023,Internet of Things,117,16
doi:10.1007/978-3-031-66326-0_1,2023,doi:10.1109/ms.2018.2141035,Using Microservices for Legacy Software Modernization,2018,IEEE Software,114,17
doi:10.1007/978-3-031-66326-0_1,2023,doi:10.1016/j.infsof.2021.106600,From Monolithic Systems to Microservices: An Assessment Framework,2019,Information and Software Technology,111,18
doi:10.1007/978-3-031-66326-0_1,2023,doi:10.1109/cloud.2018.00148,Deploying Microservice Based Applications with Kubernetes: Experiments and Lessons Learned,2018,IEEE International Conference on Cloud Computing,102,19
doi:10.1007/978-3-031-66326-0_1,2023,doi:10.1109/ase51524.2021.9678708,Groot: An Event-graph-based Approach for Root Cause Analysis in Industrial Settings,2021,International Conference on Automated Software Engineering,100,20
doi:10.1007/978-3-031-66326-0_1,2023,ss:00025f8caf92b2e737027790b36c82208d9c1ac7,"Circuit Breakers, Discovery, and API Gateways in Microservices",2016,arXiv.org,99,21
doi:10.1007/978-3-031-66326-0_1,2023,doi:10.1007/s11227-018-2345-2,Resource optimization of container orchestration: a case study in multi-cloud microservices-based applications,2018,Journal of Supercomputing,97,22
doi:10.1007/978-3-031-66326-0_1,2023,doi:10.1109/icsa-c.2019.00041,"Microservices in Industry: Insights into Technologies, Characteristics, and Software Quality",2019,2019 IEEE International Conference on Software Architecture Companion (ICSA-C),94,23
doi:10.1007/978-3-031-66326-0_1,2023,doi:10.1109/icsaw.2017.48,Towards Recovering the Software Architecture of Microservice-Based Systems,2017,IEEE International Conference on Software Architecture Workshops,93,24
doi:10.1007/978-3-031-66326-0_1,2023,doi:10.1109/ms.2015.11,Microservices,2015,IEEE Software,92,25
doi:10.1007/978-3-031-66326-0_1,2023,doi:10.1002/spe.2704,SmartHerd management: A microservices‐based fog computing–assisted IoT platform towards data‐driven smart dairy farming,2019,"Software, Practice & Experience",92,26
doi:10.1007/978-3-031-66326-0_1,2023,doi:10.1109/jiot.2018.2792940,Microservices Scheduling Model Over Heterogeneous Cloud-Edge Environments As Support for IoT Applications,2018,IEEE Internet of Things Journal,88,27
doi:10.1007/978-3-031-66326-0_1,2023,doi:10.1109/isc2.2018.8656968,A Microservice-enabled Architecture for Smart Surveillance using Blockchain Technology,2018,2018 IEEE International Smart Cities Conference (ISC2),86,28
doi:10.1007/978-3-031-66326-0_1,2023,doi:10.1109/infocom.2018.8486300,Load Balancing Across Microservices,2018,IEEE Conference on Computer Communications,85,29
doi:10.1007/978-3-031-66326-0_1,2023,doi:10.1145/3485983.3494866,GRAF: a graph neural network based proactive resource allocation framework for SLO-oriented microservices,2021,Conference on Emerging Network Experiment and Technology,83,30
doi:10.5220/0012633300003690,2024,ss:0174c967eeea5a0c1e8d389c790242cb07424b80,Building Microservices,2015,,793,1
doi:10.5220/0012633300003690,2024,ss:09aaa85c6fe92ec2e894700dc2bab4d481c5b27d,FIRM: An Intelligent Fine-Grained Resource Management Framework for SLO-Oriented Microservices,2020,USENIX Symposium on Operating Systems Design and Implementation,350,2
doi:10.5220/0012633300003690,2024,doi:10.1145/3338906.3338961,Latent error prediction and fault localization for microservice applications by learning from system trace logs,2019,ESEC/SIGSOFT FSE,263,3
doi:10.5220/0012633300003690,2024,doi:10.1109/access.2019.2911732,"Container Security: Issues, Challenges, and the Road Ahead",2019,IEEE Access,245,4
doi:10.5220/0012633300003690,2024,doi:10.1145/3501297,Anomaly Detection and Failure Root Cause Analysis in (Micro) Service-Based Cloud Applications: A Survey,2021,ACM Computing Surveys,233,5
doi:10.5220/0012633300003690,2024,doi:10.1109/icsaw.2017.11,"Microservice Architectures for Scalability, Agility and Reliability in E-Commerce",2017,IEEE International Conference on Software Architecture Workshops,216,6
doi:10.5220/0012633300003690,2024,doi:10.1016/j.jss.2019.01.001,Architecting with microservices: A systematic mapping study,2019,Journal of Systems and Software,207,7
doi:10.5220/0012633300003690,2024,doi:10.1007/s10723-017-9419-x,Genetic Algorithm for Multi-Objective Optimization of Container Allocation in Cloud Architecture,2017,Journal of Grid Computing,183,8
doi:10.5220/0012633300003690,2024,doi:10.1109/iwqos52092.2021.9521340,Practical Root Cause Localization for Microservice Systems via Trace Analysis,2021,International Workshop on Quality of Service,161,9
doi:10.5220/0012633300003690,2024,doi:10.1109/mascots.2018.00030,"TeaStore: A Micro-Service Reference Application for Benchmarking, Modeling and Resource Management Research",2018,"IEEE/ACM International Symposium on Modeling, Analysis, and Simulation On Computer and Telecommunication Systems",146,10
doi:10.5220/0012633300003690,2024,doi:10.52202/068431-2259,Root Cause Analysis of Failures in Microservices through Causal Discovery,2022,Neural Information Processing Systems,140,11
doi:10.5220/0012633300003690,2024,doi:10.1109/icdcs.2016.11,Gremlin: Systematic Resilience Testing of Microservices,2016,IEEE International Conference on Distributed Computing Systems,136,12
doi:10.5220/0012633300003690,2024,doi:10.1109/tpds.2021.3128037,Adaptive Resource Efficient Microservice Deployment in Cloud-Edge Continuum,2022,IEEE Transactions on Parallel and Distributed Systems,127,13
doi:10.5220/0012633300003690,2024,doi:10.1109/ms.2017.24,"Microservices in Practice, Part 1: Reality Check and Service Design",2017,IEEE Software,123,14
doi:10.5220/0012633300003690,2024,doi:10.1002/cpe.4436,A survey on security issues in services communication of Microservices‐enabled fog applications,2019,Concurrency and Computation,120,15
doi:10.5220/0012633300003690,2024,doi:10.1016/j.iot.2023.100784,FedSDM: Federated learning based smart decision making module for ECG data in IoT integrated Edge-Fog-Cloud computing environments,2023,Internet of Things,117,16
doi:10.5220/0012633300003690,2024,doi:10.1109/ms.2018.2141035,Using Microservices for Legacy Software Modernization,2018,IEEE Software,114,17
doi:10.5220/0012633300003690,2024,doi:10.1016/j.infsof.2021.106600,From Monolithic Systems to Microservices: An Assessment Framework,2019,Information and Software Technology,111,18
doi:10.5220/0012633300003690,2024,doi:10.1109/cloud.2018.00148,Deploying Microservice Based Applications with Kubernetes: Experiments and Lessons Learned,2018,IEEE International Conference on Cloud Computing,102,19
doi:10.5220/0012633300003690,2024,doi:10.1109/ase51524.2021.9678708,Groot: An Event-graph-based Approach for Root Cause Analysis in Industrial Settings,2021,International Conference on Automated Software Engineering,100,20
doi:10.5220/0012633300003690,2024,ss:00025f8caf92b2e737027790b36c82208d9c1ac7,"Circuit Breakers, Discovery, and API Gateways in Microservices",2016,arXiv.org,99,21
doi:10.5220/0012633300003690,2024,doi:10.1007/s11227-018-2345-2,Resource optimization of container orchestration: a case study in multi-cloud microservices-based applications,2018,Journal of Supercomputing,97,22
doi:10.5220/0012633300003690,2024,doi:10.1109/icsa-c.2019.00041,"Microservices in Industry: Insights into Technologies, Characteristics, and Software Quality",2019,2019 IEEE International Conference on Software Architecture Companion (ICSA-C),94,23
doi:10.5220/0012633300003690,2024,doi:10.1109/icsaw.2017.48,Towards Recovering the Software Architecture of Microservice-Based Systems,2017,IEEE International Conference on Software Architecture Workshops,93,24
doi:10.5220/0012633300003690,2024,doi:10.1109/ms.2015.11,Microservices,2015,IEEE Software,92,25
doi:10.5220/0012633300003690,2024,doi:10.1002/spe.2704,SmartHerd management: A microservices‐based fog computing–assisted IoT platform towards data‐driven smart dairy farming,2019,"Software, Practice & Experience",92,26
doi:10.5220/0012633300003690,2024,doi:10.1109/jiot.2018.2792940,Microservices Scheduling Model Over Heterogeneous Cloud-Edge Environments As Support for IoT Applications,2018,IEEE Internet of Things Journal,88,27
doi:10.5220/0012633300003690,2024,doi:10.1109/isc2.2018.8656968,A Microservice-enabled Architecture for Smart Surveillance using Blockchain Technology,2018,2018 IEEE International Smart Cities Conference (ISC2),86,28
doi:10.5220/0012633300003690,2024,doi:10.1109/infocom.2018.8486300,Load Balancing Across Microservices,2018,IEEE Conference on Computer Communications,85,29
doi:10.5220/0012633300003690,2024,doi:10.1145/3485983.3494866,GRAF: a graph neural network based proactive resource allocation framework for SLO-oriented microservices,2021,Conference on Emerging Network Experiment and Technology,83,30
doi:10.1109/icws67624.2025.00072,2025,ss:0174c967eeea5a0c1e8d389c790242cb07424b80,Building Microservices,2015,,793,1
doi:10.1109/icws67624.2025.00072,2025,ss:09aaa85c6fe92ec2e894700dc2bab4d481c5b27d,FIRM: An Intelligent Fine-Grained Resource Management Framework for SLO-Oriented Microservices,2020,USENIX Symposium on Operating Systems Design and Implementation,350,2
doi:10.1109/icws67624.2025.00072,2025,doi:10.1145/3338906.3338961,Latent error prediction and fault localization for microservice applications by learning from system trace logs,2019,ESEC/SIGSOFT FSE,263,3
doi:10.1109/icws67624.2025.00072,2025,doi:10.1109/access.2019.2911732,"Container Security: Issues, Challenges, and the Road Ahead",2019,IEEE Access,245,4
doi:10.1109/icws67624.2025.00072,2025,doi:10.1145/3501297,Anomaly Detection and Failure Root Cause Analysis in (Micro) Service-Based Cloud Applications: A Survey,2021,ACM Computing Surveys,233,5
doi:10.1109/icws67624.2025.00072,2025,doi:10.1109/icsaw.2017.11,"Microservice Architectures for Scalability, Agility and Reliability in E-Commerce",2017,IEEE International Conference on Software Architecture Workshops,216,6
doi:10.1109/icws67624.2025.00072,2025,doi:10.1016/j.jss.2019.01.001,Architecting with microservices: A systematic mapping study,2019,Journal of Systems and Software,207,7
doi:10.1109/icws67624.2025.00072,2025,doi:10.1007/s10723-017-9419-x,Genetic Algorithm for Multi-Objective Optimization of Container Allocation in Cloud Architecture,2017,Journal of Grid Computing,183,8
doi:10.1109/icws67624.2025.00072,2025,doi:10.1109/iwqos52092.2021.9521340,Practical Root Cause Localization for Microservice Systems via Trace Analysis,2021,International Workshop on Quality of Service,161,9
doi:10.1109/icws67624.2025.00072,2025,doi:10.1109/mascots.2018.00030,"TeaStore: A Micro-Service Reference Application for Benchmarking, Modeling and Resource Management Research",2018,"IEEE/ACM International Symposium on Modeling, Analysis, and Simulation On Computer and Telecommunication Systems",146,10
doi:10.1109/icws67624.2025.00072,2025,doi:10.52202/068431-2259,Root Cause Analysis of Failures in Microservices through Causal Discovery,2022,Neural Information Processing Systems,140,11
doi:10.1109/icws67624.2025.00072,2025,doi:10.1109/icdcs.2016.11,Gremlin: Systematic Resilience Testing of Microservices,2016,IEEE International Conference on Distributed Computing Systems,136,12
doi:10.1109/icws67624.2025.00072,2025,doi:10.1109/tpds.2021.3128037,Adaptive Resource Efficient Microservice Deployment in Cloud-Edge Continuum,2022,IEEE Transactions on Parallel and Distributed Systems,127,13
doi:10.1109/icws67624.2025.00072,2025,doi:10.1109/ms.2017.24,"Microservices in Practice, Part 1: Reality Check and Service Design",2017,IEEE Software,123,14
doi:10.1109/icws67624.2025.00072,2025,doi:10.1002/cpe.4436,A survey on security issues in services communication of Microservices‐enabled fog applications,2019,Concurrency and Computation,120,15
doi:10.1109/icws67624.2025.00072,2025,doi:10.1016/j.iot.2023.100784,FedSDM: Federated learning based smart decision making module for ECG data in IoT integrated Edge-Fog-Cloud computing environments,2023,Internet of Things,117,16
doi:10.1109/icws67624.2025.00072,2025,doi:10.1109/ms.2018.2141035,Using Microservices for Legacy Software Modernization,2018,IEEE Software,114,17
doi:10.1109/icws67624.2025.00072,2025,doi:10.1016/j.infsof.2021.106600,From Monolithic Systems to Microservices: An Assessment Framework,2019,Information and Software Technology,111,18
doi:10.1109/icws67624.2025.00072,2025,doi:10.1109/cloud.2018.00148,Deploying Microservice Based Applications with Kubernetes: Experiments and Lessons Learned,2018,IEEE International Conference on Cloud Computing,102,19
doi:10.1109/icws67624.2025.00072,2025,doi:10.1109/ase51524.2021.9678708,Groot: An Event-graph-based Approach for Root Cause Analysis in Industrial Settings,2021,International Conference on Automated Software Engineering,100,20
doi:10.1109/icws67624.2025.00072,2025,ss:00025f8caf92b2e737027790b36c82208d9c1ac7,"Circuit Breakers, Discovery, and API Gateways in Microservices",2016,arXiv.org,99,21
doi:10.1109/icws67624.2025.00072,2025,doi:10.1007/s11227-018-2345-2,Resource optimization of container orchestration: a case study in multi-cloud microservices-based applications,2018,Journal of Supercomputing,97,22
doi:10.1109/icws67624.2025.00072,2025,doi:10.1109/icsa-c.2019.00041,"Microservices in Industry: Insights into Technologies, Characteristics, and Software Quality",2019,2019 IEEE International Conference on Software Architecture Companion (ICSA-C),94,23
doi:10.1109/icws67624.2025.00072,2025,doi:10.1109/icsaw.2017.48,Towards Recovering the Software Architecture of Microservice-Based Systems,2017,IEEE International Conference on Software Architecture Workshops,93,24
doi:10.1109/icws67624.2025.00072,2025,doi:10.1109/ms.2015.11,Microservices,2015,IEEE Software,92,25
doi:10.1109/icws67624.2025.00072,2025,doi:10.1002/spe.2704,SmartHerd management: A microservices‐based fog computing–assisted IoT platform towards data‐driven smart dairy farming,2019,"Software, Practice & Experience",92,26
doi:10.1109/icws67624.2025.00072,2025,doi:10.1109/jiot.2018.2792940,Microservices Scheduling Model Over Heterogeneous Cloud-Edge Environments As Support for IoT Applications,2018,IEEE Internet of Things Journal,88,27
doi:10.1109/icws67624.2025.00072,2025,doi:10.1109/isc2.2018.8656968,A Microservice-enabled Architecture for Smart Surveillance using Blockchain Technology,2018,2018 IEEE International Smart Cities Conference (ISC2),86,28
doi:10.1109/icws67624.2025.00072,2025,doi:10.1109/infocom.2018.8486300,Load Balancing Across Microservices,2018,IEEE Conference on Computer Communications,85,29
doi:10.1109/icws67624.2025.00072,2025,doi:10.1145/3485983.3494866,GRAF: a graph neural network based proactive resource allocation framework for SLO-oriented microservices,2021,Conference on Emerging Network Experiment and Technology,83,30
doi:10.1007/s00607-025-01432-z,2023,ss:0174c967eeea5a0c1e8d389c790242cb07424b80,Building Microservices,2015,,793,1
doi:10.1007/s00607-025-01432-z,2023,doi:10.1109/access.2019.2911732,"Container Security: Issues, Challenges, and the Road Ahead",2019,IEEE Access,245,4
doi:10.1007/s00607-025-01432-z,2023,doi:10.1145/3501297,Anomaly Detection and Failure Root Cause Analysis in (Micro) Service-Based Cloud Applications: A Survey,2021,ACM Computing Surveys,233,5
doi:10.1007/s00607-025-01432-z,2023,doi:10.1109/icsaw.2017.11,"Microservice Architectures for Scalability, Agility and Reliability in E-Commerce",2017,IEEE International Conference on Software Architecture Workshops,216,6
doi:10.1007/s00607-025-01432-z,2023,doi:10.1016/j.jss.2019.01.001,Architecting with microservices: A systematic mapping study,2019,Journal of Systems and Software,207,7
doi:10.1007/s00607-025-01432-z,2023,doi:10.1109/iwqos52092.2021.9521340,Practical Root Cause Localization for Microservice Systems via Trace Analysis,2021,International Workshop on Quality of Service,161,9
doi:10.1007/s00607-025-01432-z,2023,doi:10.1109/mascots.2018.00030,"TeaStore: A Micro-Service Reference Application for Benchmarking, Modeling and Resource Management Research",2018,"IEEE/ACM International Symposium on Modeling, Analysis, and Simulation On Computer and Telecommunication Systems",146,10
doi:10.1007/s00607-025-01432-z,2023,doi:10.52202/068431-2259,Root Cause Analysis of Failures in Microservices through Causal Discovery,2022,Neural Information Processing Systems,140,11
doi:10.1007/s00607-025-01432-z,2023,doi:10.1109/icdcs.2016.11,Gremlin: Systematic Resilience Testing of Microservices,2016,IEEE International Conference on Distributed Computing Systems,136,12
doi:10.1007/s00607-025-01432-z,2023,doi:10.1109/ms.2017.24,"Microservices in Practice, Part 1: Reality Check and Service Design",2017,IEEE Software,123,14
doi:10.1007/s00607-025-01432-z,2023,doi:10.1002/cpe.4436,A survey on security issues in services communication of Microservices‐enabled fog applications,2019,Concurrency and Computation,120,15
doi:10.1007/s00607-025-01432-z,2023,doi:10.1016/j.iot.2023.100784,FedSDM: Federated learning based smart decision making module for ECG data in IoT integrated Edge-Fog-Cloud computing environments,2023,Internet of Things,117,16
doi:10.1007/s00607-025-01432-z,2023,doi:10.1109/ms.2018.2141035,Using Microservices for Legacy Software Modernization,2018,IEEE Software,114,17
doi:10.1007/s00607-025-01432-z,2023,doi:10.1016/j.infsof.2021.106600,From Monolithic Systems to Microservices: An Assessment Framework,2019,Information and Software Technology,111,18
doi:10.1007/s00607-025-01432-z,2023,doi:10.1109/cloud.2018.00148,Deploying Microservice Based Applications with Kubernetes: Experiments and Lessons Learned,2018,IEEE International Conference on Cloud Computing,102,19
doi:10.1007/s00607-025-01432-z,2023,doi:10.1109/ase51524.2021.9678708,Groot: An Event-graph-based Approach for Root Cause Analysis in Industrial Settings,2021,International Conference on Automated Software Engineering,100,20
doi:10.1007/s00607-025-01432-z,2023,ss:00025f8caf92b2e737027790b36c82208d9c1ac7,"Circuit Breakers, Discovery, and API Gateways in Microservices",2016,arXiv.org,99,21
doi:10.1007/s00607-025-01432-z,2023,doi:10.1109/icsaw.2017.48,Towards Recovering the Software Architecture of Microservice-Based Systems,2017,IEEE International Conference on Software Architecture Workshops,93,24
doi:10.1007/s00607-025-01432-z,2023,doi:10.1109/ms.2015.11,Microservices,2015,IEEE Software,92,25
doi:10.1007/s00607-025-01432-z,2023,doi:10.1002/spe.2704,SmartHerd management: A microservices‐based fog computing–assisted IoT platform towards data‐driven smart dairy farming,2019,"Software, Practice & Experience",92,26
doi:10.1007/s00607-025-01432-z,2023,doi:10.1109/jiot.2018.2792940,Microservices Scheduling Model Over Heterogeneous Cloud-Edge Environments As Support for IoT Applications,2018,IEEE Internet of Things Journal,88,27
doi:10.1007/s00607-025-01432-z,2023,doi:10.1109/isc2.2018.8656968,A Microservice-enabled Architecture for Smart Surveillance using Blockchain Technology,2018,2018 IEEE International Smart Cities Conference (ISC2),86,28
doi:10.1007/s00607-025-01432-z,2023,doi:10.1109/infocom.2018.8486300,Load Balancing Across Microservices,2018,IEEE Conference on Computer Communications,85,29
doi:10.1109/apsec51365.2020.00020,2020,ss:0174c967eeea5a0c1e8d389c790242cb07424b80,Building Microservices,2015,,793,1
doi:10.1109/apsec51365.2020.00020,2020,ss:09aaa85c6fe92ec2e894700dc2bab4d481c5b27d,FIRM: An Intelligent Fine-Grained Resource Management Framework for SLO-Oriented Microservices,2020,USENIX Symposium on Operating Systems Design and Implementation,350,2
doi:10.1109/apsec51365.2020.00020,2020,doi:10.1145/3338906.3338961,Latent error prediction and fault localization for microservice applications by learning from system trace logs,2019,ESEC/SIGSOFT FSE,263,3
doi:10.1109/apsec51365.2020.00020,2020,doi:10.1109/access.2019.2911732,"Container Security: Issues, Challenges, and the Road Ahead",2019,IEEE Access,245,4
doi:10.1109/apsec51365.2020.00020,2020,doi:10.1109/icsaw.2017.11,"Microservice Architectures for Scalability, Agility and Reliability in E-Commerce",2017,IEEE International Conference on Software Architecture Workshops,216,6
doi:10.1109/apsec51365.2020.00020,2020,doi:10.1007/s10723-017-9419-x,Genetic Algorithm for Multi-Objective Optimization of Container Allocation in Cloud Architecture,2017,Journal of Grid Computing,183,8
doi:10.1109/apsec51365.2020.00020,2020,doi:10.1109/mascots.2018.00030,"TeaStore: A Micro-Service Reference Application for Benchmarking, Modeling and Resource Management Research",2018,"IEEE/ACM International Symposium on Modeling, Analysis, and Simulation On Computer and Telecommunication Systems",146,10
doi:10.1109/apsec51365.2020.00020,2020,doi:10.1109/ms.2017.24,"Microservices in Practice, Part 1: Reality Check and Service Design",2017,IEEE Software,123,14
doi:10.1109/apsec51365.2020.00020,2020,doi:10.1002/cpe.4436,A survey on security issues in services communication of Microservices‐enabled fog applications,2019,Concurrency and Computation,120,15
doi:10.1109/apsec51365.2020.00020,2020,doi:10.1109/ms.2018.2141035,Using Microservices for Legacy Software Modernization,2018,IEEE Software,114,17
doi:10.1109/apsec51365.2020.00020,2020,doi:10.1016/j.infsof.2021.106600,From Monolithic Systems to Microservices: An Assessment Framework,2019,Information and Software Technology,111,18
doi:10.1109/apsec51365.2020.00020,2020,doi:10.1109/cloud.2018.00148,Deploying Microservice Based Applications with Kubernetes: Experiments and Lessons Learned,2018,IEEE International Conference on Cloud Computing,102,19
doi:10.1109/apsec51365.2020.00020,2020,ss:00025f8caf92b2e737027790b36c82208d9c1ac7,"Circuit Breakers, Discovery, and API Gateways in Microservices",2016,arXiv.org,99,21
doi:10.1109/apsec51365.2020.00020,2020,doi:10.1007/s11227-018-2345-2,Resource optimization of container orchestration: a case study in multi-cloud microservices-based applications,2018,Journal of Supercomputing,97,22
doi:10.1109/apsec51365.2020.00020,2020,doi:10.1109/icsa-c.2019.00041,"Microservices in Industry: Insights into Technologies, Characteristics, and Software Quality",2019,2019 IEEE International Conference on Software Architecture Companion (ICSA-C),94,23
doi:10.1109/apsec51365.2020.00020,2020,doi:10.1109/icsaw.2017.48,Towards Recovering the Software Architecture of Microservice-Based Systems,2017,IEEE International Conference on Software Architecture Workshops,93,24
doi:10.1109/apsec51365.2020.00020,2020,doi:10.1109/ms.2015.11,Microservices,2015,IEEE Software,92,25
doi:10.1109/apsec51365.2020.00020,2020,doi:10.1002/spe.2704,SmartHerd management: A microservices‐based fog computing–assisted IoT platform towards data‐driven smart dairy farming,2019,"Software, Practice & Experience",92,26
doi:10.1109/apsec51365.2020.00020,2020,doi:10.1109/jiot.2018.2792940,Microservices Scheduling Model Over Heterogeneous Cloud-Edge Environments As Support for IoT Applications,2018,IEEE Internet of Things Journal,88,27
doi:10.1109/apsec51365.2020.00020,2020,doi:10.1109/isc2.2018.8656968,A Microservice-enabled Architecture for Smart Surveillance using Blockchain Technology,2018,2018 IEEE International Smart Cities Conference (ISC2),86,28
doi:10.1109/apsec51365.2020.00020,2020,doi:10.1109/infocom.2018.8486300,Load Balancing Across Microservices,2018,IEEE Conference on Computer Communications,85,29
doi:10.1016/j.jss.2024.112232,2024,ss:0174c967eeea5a0c1e8d389c790242cb07424b80,Building Microservices,2015,,793,1
doi:10.1016/j.jss.2024.112232,2024,ss:09aaa85c6fe92ec2e894700dc2bab4d481c5b27d,FIRM: An Intelligent Fine-Grained Resource Management Framework for SLO-Oriented Microservices,2020,USENIX Symposium on Operating Systems Design and Implementation,350,2
doi:10.1016/j.jss.2024.112232,2024,doi:10.1145/3338906.3338961,Latent error prediction and fault localization for microservice applications by learning from system trace logs,2019,ESEC/SIGSOFT FSE,263,3
doi:10.1016/j.jss.2024.112232,2024,doi:10.1109/access.2019.2911732,"Container Security: Issues, Challenges, and the Road Ahead",2019,IEEE Access,245,4
doi:10.1016/j.jss.2024.112232,2024,doi:10.1145/3501297,Anomaly Detection and Failure Root Cause Analysis in (Micro) Service-Based Cloud Applications: A Survey,2021,ACM Computing Surveys,233,5
doi:10.1016/j.jss.2024.112232,2024,doi:10.1109/icsaw.2017.11,"Microservice Architectures for Scalability, Agility and Reliability in E-Commerce",2017,IEEE International Conference on Software Architecture Workshops,216,6
doi:10.1016/j.jss.2024.112232,2024,doi:10.1016/j.jss.2019.01.001,Architecting with microservices: A systematic mapping study,2019,Journal of Systems and Software,207,7
doi:10.1016/j.jss.2024.112232,2024,doi:10.1007/s10723-017-9419-x,Genetic Algorithm for Multi-Objective Optimization of Container Allocation in Cloud Architecture,2017,Journal of Grid Computing,183,8
doi:10.1016/j.jss.2024.112232,2024,doi:10.1109/iwqos52092.2021.9521340,Practical Root Cause Localization for Microservice Systems via Trace Analysis,2021,International Workshop on Quality of Service,161,9
doi:10.1016/j.jss.2024.112232,2024,doi:10.1109/mascots.2018.00030,"TeaStore: A Micro-Service Reference Application for Benchmarking, Modeling and Resource Management Research",2018,"IEEE/ACM International Symposium on Modeling, Analysis, and Simulation On Computer and Telecommunication Systems",146,10
doi:10.1016/j.jss.2024.112232,2024,doi:10.52202/068431-2259,Root Cause Analysis of Failures in Microservices through Causal Discovery,2022,Neural Information Processing Systems,140,11
doi:10.1016/j.jss.2024.112232,2024,doi:10.1109/icdcs.2016.11,Gremlin: Systematic Resilience Testing of Microservices,2016,IEEE International Conference on Distributed Computing Systems,136,12
doi:10.1016/j.jss.2024.112232,2024,doi:10.1109/tpds.2021.3128037,Adaptive Resource Efficient Microservice Deployment in Cloud-Edge Continuum,2022,IEEE Transactions on Parallel and Distributed Systems,127,13
doi:10.1016/j.jss.2024.112232,2024,doi:10.1109/ms.2017.24,"Microservices in Practice, Part 1: Reality Check and Service Design",2017,IEEE Software,123,14
doi:10.1016/j.jss.2024.112232,2024,doi:10.1002/cpe.4436,A survey on security issues in services communication of Microservices‐enabled fog applications,2019,Concurrency and Computation,120,15
doi:10.1016/j.jss.2024.112232,2024,doi:10.1016/j.iot.2023.100784,FedSDM: Federated learning based smart decision making module for ECG data in IoT integrated Edge-Fog-Cloud computing environments,2023,Internet of Things,117,16
doi:10.1016/j.jss.2024.112232,2024,doi:10.1109/ms.2018.2141035,Using Microservices for Legacy Software Modernization,2018,IEEE Software,114,17
doi:10.1016/j.jss.2024.112232,2024,doi:10.1016/j.infsof.2021.106600,From Monolithic Systems to Microservices: An Assessment Framework,2019,Information and Software Technology,111,18
doi:10.1016/j.jss.2024.112232,2024,doi:10.1109/cloud.2018.00148,Deploying Microservice Based Applications with Kubernetes: Experiments and Lessons Learned,2018,IEEE International Conference on Cloud Computing,102,19
doi:10.1016/j.jss.2024.112232,2024,doi:10.1109/ase51524.2021.9678708,Groot: An Event-graph-based Approach for Root Cause Analysis in Industrial Settings,2021,International Conference on Automated Software Engineering,100,20
doi:10.1016/j.jss.2024.112232,2024,ss:00025f8caf92b2e737027790b36c82208d9c1ac7,"Circuit Breakers, Discovery, and API Gateways in Microservices",2016,arXiv.org,99,21
doi:10.1016/j.jss.2024.112232,2024,doi:10.1007/s11227-018-2345-2,Resource optimization of container orchestration: a case study in multi-cloud microservices-based applications,2018,Journal of Supercomputing,97,22
doi:10.1016/j.jss.2024.112232,2024,doi:10.1109/icsa-c.2019.00041,"Microservices in Industry: Insights into Technologies, Characteristics, and Software Quality",2019,2019 IEEE International Conference on Software Architecture Companion (ICSA-C),94,23
doi:10.1016/j.jss.2024.112232,2024,doi:10.1109/icsaw.2017.48,Towards Recovering the Software Architecture of Microservice-Based Systems,2017,IEEE International Conference on Software Architecture Workshops,93,24
doi:10.1016/j.jss.2024.112232,2024,doi:10.1109/ms.2015.11,Microservices,2015,IEEE Software,92,25
doi:10.1016/j.jss.2024.112232,2024,doi:10.1002/spe.2704,SmartHerd management: A microservices‐based fog computing–assisted IoT platform towards data‐driven smart dairy farming,2019,"Software, Practice & Experience",92,26
doi:10.1016/j.jss.2024.112232,2024,doi:10.1109/jiot.2018.2792940,Microservices Scheduling Model Over Heterogeneous Cloud-Edge Environments As Support for IoT Applications,2018,IEEE Internet of Things Journal,88,27
doi:10.1016/j.jss.2024.112232,2024,doi:10.1109/isc2.2018.8656968,A Microservice-enabled Architecture for Smart Surveillance using Blockchain Technology,2018,2018 IEEE International Smart Cities Conference (ISC2),86,28
doi:10.1016/j.jss.2024.112232,2024,doi:10.1109/infocom.2018.8486300,Load Balancing Across Microservices,2018,IEEE Conference on Computer Communications,85,29
doi:10.1016/j.jss.2024.112232,2024,doi:10.1145/3485983.3494866,GRAF: a graph neural network based proactive resource allocation framework for SLO-oriented microservices,2021,Conference on Emerging Network Experiment and Technology,83,30
doi:10.1145/3564982.3564995,2022,ss:0174c967eeea5a0c1e8d389c790242cb07424b80,Building Microservices,2015,,793,1
doi:10.1145/3564982.3564995,2022,ss:09aaa85c6fe92ec2e894700dc2bab4d481c5b27d,FIRM: An Intelligent Fine-Grained Resource Management Framework for SLO-Oriented Microservices,2020,USENIX Symposium on Operating Systems Design and Implementation,350,2
doi:10.1145/3564982.3564995,2022,doi:10.1145/3338906.3338961,Latent error prediction and fault localization for microservice applications by learning from system trace logs,2019,ESEC/SIGSOFT FSE,263,3
doi:10.1145/3564982.3564995,2022,doi:10.1109/access.2019.2911732,"Container Security: Issues, Challenges, and the Road Ahead",2019,IEEE Access,245,4
doi:10.1145/3564982.3564995,2022,doi:10.1145/3501297,Anomaly Detection and Failure Root Cause Analysis in (Micro) Service-Based Cloud Applications: A Survey,2021,ACM Computing Surveys,233,5
doi:10.1145/3564982.3564995,2022,doi:10.1109/icsaw.2017.11,"Microservice Architectures for Scalability, Agility and Reliability in E-Commerce",2017,IEEE International Conference on Software Architecture Workshops,216,6
doi:10.1145/3564982.3564995,2022,doi:10.1016/j.jss.2019.01.001,Architecting with microservices: A systematic mapping study,2019,Journal of Systems and Software,207,7
doi:10.1145/3564982.3564995,2022,doi:10.1007/s10723-017-9419-x,Genetic Algorithm for Multi-Objective Optimization of Container Allocation in Cloud Architecture,2017,Journal of Grid Computing,183,8
doi:10.1145/3564982.3564995,2022,doi:10.1109/iwqos52092.2021.9521340,Practical Root Cause Localization for Microservice Systems via Trace Analysis,2021,International Workshop on Quality of Service,161,9
doi:10.1145/3564982.3564995,2022,doi:10.1109/mascots.2018.00030,"TeaStore: A Micro-Service Reference Application for Benchmarking, Modeling and Resource Management Research",2018,"IEEE/ACM International Symposium on Modeling, Analysis, and Simulation On Computer and Telecommunication Systems",146,10
doi:10.1145/3564982.3564995,2022,doi:10.52202/068431-2259,Root Cause Analysis of Failures in Microservices through Causal Discovery,2022,Neural Information Processing Systems,140,11
doi:10.1145/3564982.3564995,2022,doi:10.1109/icdcs.2016.11,Gremlin: Systematic Resilience Testing of Microservices,2016,IEEE International Conference on Distributed Computing Systems,136,12
doi:10.1145/3564982.3564995,2022,doi:10.1109/tpds.2021.3128037,Adaptive Resource Efficient Microservice Deployment in Cloud-Edge Continuum,2022,IEEE Transactions on Parallel and Distributed Systems,127,13
doi:10.1145/3564982.3564995,2022,doi:10.1109/ms.2017.24,"Microservices in Practice, Part 1: Reality Check and Service Design",2017,IEEE Software,123,14
doi:10.1145/3564982.3564995,2022,doi:10.1002/cpe.4436,A survey on security issues in services communication of Microservices‐enabled fog applications,2019,Concurrency and Computation,120,15
doi:10.1145/3564982.3564995,2022,doi:10.1109/ms.2018.2141035,Using Microservices for Legacy Software Modernization,2018,IEEE Software,114,17
doi:10.1145/3564982.3564995,2022,doi:10.1016/j.infsof.2021.106600,From Monolithic Systems to Microservices: An Assessment Framework,2019,Information and Software Technology,111,18
doi:10.1145/3564982.3564995,2022,doi:10.1109/cloud.2018.00148,Deploying Microservice Based Applications with Kubernetes: Experiments and Lessons Learned,2018,IEEE International Conference on Cloud Computing,102,19
doi:10.1145/3564982.3564995,2022,doi:10.1109/ase51524.2021.9678708,Groot: An Event-graph-based Approach for Root Cause Analysis in Industrial Settings,2021,International Conference on Automated Software Engineering,100,20
doi:10.1145/3564982.3564995,2022,ss:00025f8caf92b2e737027790b36c82208d9c1ac7,"Circuit Breakers, Discovery, and API Gateways in Microservices",2016,arXiv.org,99,21
doi:10.1145/3564982.3564995,2022,doi:10.1007/s11227-018-2345-2,Resource optimization of container orchestration: a case study in multi-cloud microservices-based applications,2018,Journal of Supercomputing,97,22
doi:10.1145/3564982.3564995,2022,doi:10.1109/icsa-c.2019.00041,"Microservices in Industry: Insights into Technologies, Characteristics, and Software Quality",2019,2019 IEEE International Conference on Software Architecture Companion (ICSA-C),94,23
doi:10.1145/3564982.3564995,2022,doi:10.1109/icsaw.2017.48,Towards Recovering the Software Architecture of Microservice-Based Systems,2017,IEEE International Conference on Software Architecture Workshops,93,24
doi:10.1145/3564982.3564995,2022,doi:10.1109/ms.2015.11,Microservices,2015,IEEE Software,92,25
doi:10.1145/3564982.3564995,2022,doi:10.1002/spe.2704,SmartHerd management: A microservices‐based fog computing–assisted IoT platform towards data‐driven smart dairy farming,2019,"Software, Practice & Experience",92,26
doi:10.1145/3564982.3564995,2022,doi:10.1109/jiot.2018.2792940,Microservices Scheduling Model Over Heterogeneous Cloud-Edge Environments As Support for IoT Applications,2018,IEEE Internet of Things Journal,88,27
doi:10.1145/3564982.3564995,2022,doi:10.1109/isc2.2018.8656968,A Microservice-enabled Architecture for Smart Surveillance using Blockchain Technology,2018,2018 IEEE International Smart Cities Conference (ISC2),86,28
doi:10.1145/3564982.3564995,2022,doi:10.1109/infocom.2018.8486300,Load Balancing Across Microservices,2018,IEEE Conference on Computer Communications,85,29
doi:10.1145/3564982.3564995,2022,doi:10.1145/3485983.3494866,GRAF: a graph neural network based proactive resource allocation framework for SLO-oriented microservices,2021,Conference on Emerging Network Experiment and Technology,83,30
doi:10.1016/j.infsof.2024.107590,2024,ss:0174c967eeea5a0c1e8d389c790242cb07424b80,Building Microservices,2015,,793,1
doi:10.1016/j.infsof.2024.107590,2024,ss:09aaa85c6fe92ec2e894700dc2bab4d481c5b27d,FIRM: An Intelligent Fine-Grained Resource Management Framework for SLO-Oriented Microservices,2020,USENIX Symposium on Operating Systems Design and Implementation,350,2
doi:10.1016/j.infsof.2024.107590,2024,doi:10.1145/3338906.3338961,Latent error prediction and fault localization for microservice applications by learning from system trace logs,2019,ESEC/SIGSOFT FSE,263,3
doi:10.1016/j.infsof.2024.107590,2024,doi:10.1109/access.2019.2911732,"Container Security: Issues, Challenges, and the Road Ahead",2019,IEEE Access,245,4
doi:10.1016/j.infsof.2024.107590,2024,doi:10.1145/3501297,Anomaly Detection and Failure Root Cause Analysis in (Micro) Service-Based Cloud Applications: A Survey,2021,ACM Computing Surveys,233,5
doi:10.1016/j.infsof.2024.107590,2024,doi:10.1109/icsaw.2017.11,"Microservice Architectures for Scalability, Agility and Reliability in E-Commerce",2017,IEEE International Conference on Software Architecture Workshops,216,6
doi:10.1016/j.infsof.2024.107590,2024,doi:10.1007/s10723-017-9419-x,Genetic Algorithm for Multi-Objective Optimization of Container Allocation in Cloud Architecture,2017,Journal of Grid Computing,183,8
doi:10.1016/j.infsof.2024.107590,2024,doi:10.1109/iwqos52092.2021.9521340,Practical Root Cause Localization for Microservice Systems via Trace Analysis,2021,International Workshop on Quality of Service,161,9
doi:10.1016/j.infsof.2024.107590,2024,doi:10.1109/mascots.2018.00030,"TeaStore: A Micro-Service Reference Application for Benchmarking, Modeling and Resource Management Research",2018,"IEEE/ACM International Symposium on Modeling, Analysis, and Simulation On Computer and Telecommunication Systems",146,10
doi:10.1016/j.infsof.2024.107590,2024,doi:10.52202/068431-2259,Root Cause Analysis of Failures in Microservices through Causal Discovery,2022,Neural Information Processing Systems,140,11
doi:10.1016/j.infsof.2024.107590,2024,doi:10.1109/icdcs.2016.11,Gremlin: Systematic Resilience Testing of Microservices,2016,IEEE International Conference on Distributed Computing Systems,136,12
doi:10.1016/j.infsof.2024.107590,2024,doi:10.1109/tpds.2021.3128037,Adaptive Resource Efficient Microservice Deployment in Cloud-Edge Continuum,2022,IEEE Transactions on Parallel and Distributed Systems,127,13
doi:10.1016/j.infsof.2024.107590,2024,doi:10.1109/ms.2017.24,"Microservices in Practice, Part 1: Reality Check and Service Design",2017,IEEE Software,123,14
doi:10.1016/j.infsof.2024.107590,2024,doi:10.1002/cpe.4436,A survey on security issues in services communication of Microservices‐enabled fog applications,2019,Concurrency and Computation,120,15
doi:10.1016/j.infsof.2024.107590,2024,doi:10.1016/j.iot.2023.100784,FedSDM: Federated learning based smart decision making module for ECG data in IoT integrated Edge-Fog-Cloud computing environments,2023,Internet of Things,117,16
doi:10.1016/j.infsof.2024.107590,2024,doi:10.1109/cloud.2018.00148,Deploying Microservice Based Applications with Kubernetes: Experiments and Lessons Learned,2018,IEEE International Conference on Cloud Computing,102,19
doi:10.1016/j.infsof.2024.107590,2024,doi:10.1109/ase51524.2021.9678708,Groot: An Event-graph-based Approach for Root Cause Analysis in Industrial Settings,2021,International Conference on Automated Software Engineering,100,20
doi:10.1016/j.infsof.2024.107590,2024,ss:00025f8caf92b2e737027790b36c82208d9c1ac7,"Circuit Breakers, Discovery, and API Gateways in Microservices",2016,arXiv.org,99,21
doi:10.1016/j.infsof.2024.107590,2024,doi:10.1007/s11227-018-2345-2,Resource optimization of container orchestration: a case study in multi-cloud microservices-based applications,2018,Journal of Supercomputing,97,22
doi:10.1016/j.infsof.2024.107590,2024,doi:10.1109/icsa-c.2019.00041,"Microservices in Industry: Insights into Technologies, Characteristics, and Software Quality",2019,2019 IEEE International Conference on Software Architecture Companion (ICSA-C),94,23
doi:10.1016/j.infsof.2024.107590,2024,doi:10.1109/icsaw.2017.48,Towards Recovering the Software Architecture of Microservice-Based Systems,2017,IEEE International Conference on Software Architecture Workshops,93,24
doi:10.1016/j.infsof.2024.107590,2024,doi:10.1002/spe.2704,SmartHerd management: A microservices‐based fog computing–assisted IoT platform towards data‐driven smart dairy farming,2019,"Software, Practice & Experience",92,26
doi:10.1016/j.infsof.2024.107590,2024,doi:10.1109/jiot.2018.2792940,Microservices Scheduling Model Over Heterogeneous Cloud-Edge Environments As Support for IoT Applications,2018,IEEE Internet of Things Journal,88,27
doi:10.1016/j.infsof.2024.107590,2024,doi:10.1109/isc2.2018.8656968,A Microservice-enabled Architecture for Smart Surveillance using Blockchain Technology,2018,2018 IEEE International Smart Cities Conference (ISC2),86,28
doi:10.1016/j.infsof.2024.107590,2024,doi:10.1109/infocom.2018.8486300,Load Balancing Across Microservices,2018,IEEE Conference on Computer Communications,85,29
doi:10.1016/j.infsof.2024.107590,2024,doi:10.1145/3485983.3494866,GRAF: a graph neural network based proactive resource allocation framework for SLO-oriented microservices,2021,Conference on Emerging Network Experiment and Technology,83,30
doi:10.1109/conisoft58849.2023.00014,2023,ss:0174c967eeea5a0c1e8d389c790242cb07424b80,Building Microservices,2015,,793,1
doi:10.1109/conisoft58849.2023.00014,2023,ss:09aaa85c6fe92ec2e894700dc2bab4d481c5b27d,FIRM: An Intelligent Fine-Grained Resource Management Framework for SLO-Oriented Microservices,2020,USENIX Symposium on Operating Systems Design and Implementation,350,2
doi:10.1109/conisoft58849.2023.00014,2023,doi:10.1145/3338906.3338961,Latent error prediction and fault localization for microservice applications by learning from system trace logs,2019,ESEC/SIGSOFT FSE,263,3
doi:10.1109/conisoft58849.2023.00014,2023,doi:10.1109/access.2019.2911732,"Container Security: Issues, Challenges, and the Road Ahead",2019,IEEE Access,245,4
doi:10.1109/conisoft58849.2023.00014,2023,doi:10.1145/3501297,Anomaly Detection and Failure Root Cause Analysis in (Micro) Service-Based Cloud Applications: A Survey,2021,ACM Computing Surveys,233,5
doi:10.1109/conisoft58849.2023.00014,2023,doi:10.1109/icsaw.2017.11,"Microservice Architectures for Scalability, Agility and Reliability in E-Commerce",2017,IEEE International Conference on Software Architecture Workshops,216,6
doi:10.1109/conisoft58849.2023.00014,2023,doi:10.1016/j.jss.2019.01.001,Architecting with microservices: A systematic mapping study,2019,Journal of Systems and Software,207,7
doi:10.1109/conisoft58849.2023.00014,2023,doi:10.1007/s10723-017-9419-x,Genetic Algorithm for Multi-Objective Optimization of Container Allocation in Cloud Architecture,2017,Journal of Grid Computing,183,8
doi:10.1109/conisoft58849.2023.00014,2023,doi:10.1109/iwqos52092.2021.9521340,Practical Root Cause Localization for Microservice Systems via Trace Analysis,2021,International Workshop on Quality of Service,161,9
doi:10.1109/conisoft58849.2023.00014,2023,doi:10.1109/mascots.2018.00030,"TeaStore: A Micro-Service Reference Application for Benchmarking, Modeling and Resource Management Research",2018,"IEEE/ACM International Symposium on Modeling, Analysis, and Simulation On Computer and Telecommunication Systems",146,10
doi:10.1109/conisoft58849.2023.00014,2023,doi:10.52202/068431-2259,Root Cause Analysis of Failures in Microservices through Causal Discovery,2022,Neural Information Processing Systems,140,11
doi:10.1109/conisoft58849.2023.00014,2023,doi:10.1109/icdcs.2016.11,Gremlin: Systematic Resilience Testing of Microservices,2016,IEEE International Conference on Distributed Computing Systems,136,12
doi:10.1109/conisoft58849.2023.00014,2023,doi:10.1109/tpds.2021.3128037,Adaptive Resource Efficient Microservice Deployment in Cloud-Edge Continuum,2022,IEEE Transactions on Parallel and Distributed Systems,127,13
doi:10.1109/conisoft58849.2023.00014,2023,doi:10.1109/ms.2017.24,"Microservices in Practice, Part 1: Reality Check and Service Design",2017,IEEE Software,123,14
doi:10.1109/conisoft58849.2023.00014,2023,doi:10.1002/cpe.4436,A survey on security issues in services communication of Microservices‐enabled fog applications,2019,Concurrency and Computation,120,15
doi:10.1109/conisoft58849.2023.00014,2023,doi:10.1016/j.iot.2023.100784,FedSDM: Federated learning based smart decision making module for ECG data in IoT integrated Edge-Fog-Cloud computing environments,2023,Internet of Things,117,16
doi:10.1109/conisoft58849.2023.00014,2023,doi:10.1109/ms.2018.2141035,Using Microservices for Legacy Software Modernization,2018,IEEE Software,114,17
doi:10.1109/conisoft58849.2023.00014,2023,doi:10.1016/j.infsof.2021.106600,From Monolithic Systems to Microservices: An Assessment Framework,2019,Information and Software Technology,111,18
doi:10.1109/conisoft58849.2023.00014,2023,doi:10.1109/cloud.2018.00148,Deploying Microservice Based Applications with Kubernetes: Experiments and Lessons Learned,2018,IEEE International Conference on Cloud Computing,102,19
doi:10.1109/conisoft58849.2023.00014,2023,doi:10.1109/ase51524.2021.9678708,Groot: An Event-graph-based Approach for Root Cause Analysis in Industrial Settings,2021,International Conference on Automated Software Engineering,100,20
doi:10.1109/conisoft58849.2023.00014,2023,ss:00025f8caf92b2e737027790b36c82208d9c1ac7,"Circuit Breakers, Discovery, and API Gateways in Microservices",2016,arXiv.org,99,21
doi:10.1109/conisoft58849.2023.00014,2023,doi:10.1007/s11227-018-2345-2,Resource optimization of container orchestration: a case study in multi-cloud microservices-based applications,2018,Journal of Supercomputing,97,22
doi:10.1109/conisoft58849.2023.00014,2023,doi:10.1109/icsa-c.2019.00041,"Microservices in Industry: Insights into Technologies, Characteristics, and Software Quality",2019,2019 IEEE International Conference on Software Architecture Companion (ICSA-C),94,23
doi:10.1109/conisoft58849.2023.00014,2023,doi:10.1109/icsaw.2017.48,Towards Recovering the Software Architecture of Microservice-Based Systems,2017,IEEE International Conference on Software Architecture Workshops,93,24
doi:10.1109/conisoft58849.2023.00014,2023,doi:10.1109/ms.2015.11,Microservices,2015,IEEE Software,92,25
doi:10.1109/conisoft58849.2023.00014,2023,doi:10.1002/spe.2704,SmartHerd management: A microservices‐based fog computing–assisted IoT platform towards data‐driven smart dairy farming,2019,"Software, Practice & Experience",92,26
doi:10.1109/conisoft58849.2023.00014,2023,doi:10.1109/jiot.2018.2792940,Microservices Scheduling Model Over Heterogeneous Cloud-Edge Environments As Support for IoT Applications,2018,IEEE Internet of Things Journal,88,27
doi:10.1109/conisoft58849.2023.00014,2023,doi:10.1109/isc2.2018.8656968,A Microservice-enabled Architecture for Smart Surveillance using Blockchain Technology,2018,2018 IEEE International Smart Cities Conference (ISC2),86,28
doi:10.1109/conisoft58849.2023.00014,2023,doi:10.1109/infocom.2018.8486300,Load Balancing Across Microservices,2018,IEEE Conference on Computer Communications,85,29
doi:10.1109/conisoft58849.2023.00014,2023,doi:10.1145/3485983.3494866,GRAF: a graph neural network based proactive resource allocation framework for SLO-oriented microservices,2021,Conference on Emerging Network Experiment and Technology,83,30
doi:10.1109/soca.2016.15,2016,doi:10.1109/icdcs.2016.11,Gremlin: Systematic Resilience Testing of Microservices,2016,IEEE International Conference on Distributed Computing Systems,136,12
doi:10.1109/soca.2016.15,2016,ss:00025f8caf92b2e737027790b36c82208d9c1ac7,"Circuit Breakers, Discovery, and API Gateways in Microservices",2016,arXiv.org,99,21
doi:10.1109/soca.2016.15,2016,doi:10.1109/ms.2015.11,Microservices,2015,IEEE Software,92,25
doi:10.1109/conisoft55708.2022.00032,2022,ss:0174c967eeea5a0c1e8d389c790242cb07424b80,Building Microservices,2015,,793,1
doi:10.1109/conisoft55708.2022.00032,2022,ss:09aaa85c6fe92ec2e894700dc2bab4d481c5b27d,FIRM: An Intelligent Fine-Grained Resource Management Framework for SLO-Oriented Microservices,2020,USENIX Symposium on Operating Systems Design and Implementation,350,2
doi:10.1109/conisoft55708.2022.00032,2022,doi:10.1145/3338906.3338961,Latent error prediction and fault localization for microservice applications by learning from system trace logs,2019,ESEC/SIGSOFT FSE,263,3
doi:10.1109/conisoft55708.2022.00032,2022,doi:10.1109/access.2019.2911732,"Container Security: Issues, Challenges, and the Road Ahead",2019,IEEE Access,245,4
doi:10.1109/conisoft55708.2022.00032,2022,doi:10.1145/3501297,Anomaly Detection and Failure Root Cause Analysis in (Micro) Service-Based Cloud Applications: A Survey,2021,ACM Computing Surveys,233,5
doi:10.1109/conisoft55708.2022.00032,2022,doi:10.1109/icsaw.2017.11,"Microservice Architectures for Scalability, Agility and Reliability in E-Commerce",2017,IEEE International Conference on Software Architecture Workshops,216,6
doi:10.1109/conisoft55708.2022.00032,2022,doi:10.1016/j.jss.2019.01.001,Architecting with microservices: A systematic mapping study,2019,Journal of Systems and Software,207,7
doi:10.1109/conisoft55708.2022.00032,2022,doi:10.1007/s10723-017-9419-x,Genetic Algorithm for Multi-Objective Optimization of Container Allocation in Cloud Architecture,2017,Journal of Grid Computing,183,8
doi:10.1109/conisoft55708.2022.00032,2022,doi:10.1109/iwqos52092.2021.9521340,Practical Root Cause Localization for Microservice Systems via Trace Analysis,2021,International Workshop on Quality of Service,161,9
doi:10.1109/conisoft55708.2022.00032,2022,doi:10.1109/mascots.2018.00030,"TeaStore: A Micro-Service Reference Application for Benchmarking, Modeling and Resource Management Research",2018,"IEEE/ACM International Symposium on Modeling, Analysis, and Simulation On Computer and Telecommunication Systems",146,10
doi:10.1109/conisoft55708.2022.00032,2022,doi:10.52202/068431-2259,Root Cause Analysis of Failures in Microservices through Causal Discovery,2022,Neural Information Processing Systems,140,11
doi:10.1109/conisoft55708.2022.00032,2022,doi:10.1109/icdcs.2016.11,Gremlin: Systematic Resilience Testing of Microservices,2016,IEEE International Conference on Distributed Computing Systems,136,12
doi:10.1109/conisoft55708.2022.00032,2022,doi:10.1109/tpds.2021.3128037,Adaptive Resource Efficient Microservice Deployment in Cloud-Edge Continuum,2022,IEEE Transactions on Parallel and Distributed Systems,127,13
doi:10.1109/conisoft55708.2022.00032,2022,doi:10.1109/ms.2017.24,"Microservices in Practice, Part 1: Reality Check and Service Design",2017,IEEE Software,123,14
doi:10.1109/conisoft55708.2022.00032,2022,doi:10.1002/cpe.4436,A survey on security issues in services communication of Microservices‐enabled fog applications,2019,Concurrency and Computation,120,15
doi:10.1109/conisoft55708.2022.00032,2022,doi:10.1109/ms.2018.2141035,Using Microservices for Legacy Software Modernization,2018,IEEE Software,114,17
doi:10.1109/conisoft55708.2022.00032,2022,doi:10.1016/j.infsof.2021.106600,From Monolithic Systems to Microservices: An Assessment Framework,2019,Information and Software Technology,111,18
doi:10.1109/conisoft55708.2022.00032,2022,doi:10.1109/cloud.2018.00148,Deploying Microservice Based Applications with Kubernetes: Experiments and Lessons Learned,2018,IEEE International Conference on Cloud Computing,102,19
doi:10.1109/conisoft55708.2022.00032,2022,doi:10.1109/ase51524.2021.9678708,Groot: An Event-graph-based Approach for Root Cause Analysis in Industrial Settings,2021,International Conference on Automated Software Engineering,100,20
doi:10.1109/conisoft55708.2022.00032,2022,ss:00025f8caf92b2e737027790b36c82208d9c1ac7,"Circuit Breakers, Discovery, and API Gateways in Microservices",2016,arXiv.org,99,21
doi:10.1109/conisoft55708.2022.00032,2022,doi:10.1007/s11227-018-2345-2,Resource optimization of container orchestration: a case study in multi-cloud microservices-based applications,2018,Journal of Supercomputing,97,22
doi:10.1109/conisoft55708.2022.00032,2022,doi:10.1109/icsa-c.2019.00041,"Microservices in Industry: Insights into Technologies, Characteristics, and Software Quality",2019,2019 IEEE International Conference on Software Architecture Companion (ICSA-C),94,23
doi:10.1109/conisoft55708.2022.00032,2022,doi:10.1109/icsaw.2017.48,Towards Recovering the Software Architecture of Microservice-Based Systems,2017,IEEE International Conference on Software Architecture Workshops,93,24
doi:10.1109/conisoft55708.2022.00032,2022,doi:10.1109/ms.2015.11,Microservices,2015,IEEE Software,92,25
doi:10.1109/conisoft55708.2022.00032,2022,doi:10.1002/spe.2704,SmartHerd management: A microservices‐based fog computing–assisted IoT platform towards data‐driven smart dairy farming,2019,"Software, Practice & Experience",92,26
doi:10.1109/conisoft55708.2022.00032,2022,doi:10.1109/jiot.2018.2792940,Microservices Scheduling Model Over Heterogeneous Cloud-Edge Environments As Support for IoT Applications,2018,IEEE Internet of Things Journal,88,27
doi:10.1109/conisoft55708.2022.00032,2022,doi:10.1109/isc2.2018.8656968,A Microservice-enabled Architecture for Smart Surveillance using Blockchain Technology,2018,2018 IEEE International Smart Cities Conference (ISC2),86,28
doi:10.1109/conisoft55708.2022.00032,2022,doi:10.1109/infocom.2018.8486300,Load Balancing Across Microservices,2018,IEEE Conference on Computer Communications,85,29
doi:10.1109/conisoft55708.2022.00032,2022,doi:10.1145/3485983.3494866,GRAF: a graph neural network based proactive resource allocation framework for SLO-oriented microservices,2021,Conference on Emerging Network Experiment and Technology,83,30
doi:10.1145/3644032.3644445,2024,ss:0174c967eeea5a0c1e8d389c790242cb07424b80,Building Microservices,2015,,793,1
doi:10.1145/3644032.3644445,2024,ss:09aaa85c6fe92ec2e894700dc2bab4d481c5b27d,FIRM: An Intelligent Fine-Grained Resource Management Framework for SLO-Oriented Microservices,2020,USENIX Symposium on Operating Systems Design and Implementation,350,2
doi:10.1145/3644032.3644445,2024,doi:10.1145/3338906.3338961,Latent error prediction and fault localization for microservice applications by learning from system trace logs,2019,ESEC/SIGSOFT FSE,263,3
doi:10.1145/3644032.3644445,2024,doi:10.1109/access.2019.2911732,"Container Security: Issues, Challenges, and the Road Ahead",2019,IEEE Access,245,4
doi:10.1145/3644032.3644445,2024,doi:10.1145/3501297,Anomaly Detection and Failure Root Cause Analysis in (Micro) Service-Based Cloud Applications: A Survey,2021,ACM Computing Surveys,233,5
doi:10.1145/3644032.3644445,2024,doi:10.1109/icsaw.2017.11,"Microservice Architectures for Scalability, Agility and Reliability in E-Commerce",2017,IEEE International Conference on Software Architecture Workshops,216,6
doi:10.1145/3644032.3644445,2024,doi:10.1016/j.jss.2019.01.001,Architecting with microservices: A systematic mapping study,2019,Journal of Systems and Software,207,7
doi:10.1145/3644032.3644445,2024,doi:10.1007/s10723-017-9419-x,Genetic Algorithm for Multi-Objective Optimization of Container Allocation in Cloud Architecture,2017,Journal of Grid Computing,183,8
doi:10.1145/3644032.3644445,2024,doi:10.1109/iwqos52092.2021.9521340,Practical Root Cause Localization for Microservice Systems via Trace Analysis,2021,International Workshop on Quality of Service,161,9
doi:10.1145/3644032.3644445,2024,doi:10.52202/068431-2259,Root Cause Analysis of Failures in Microservices through Causal Discovery,2022,Neural Information Processing Systems,140,11
doi:10.1145/3644032.3644445,2024,doi:10.1109/icdcs.2016.11,Gremlin: Systematic Resilience Testing of Microservices,2016,IEEE International Conference on Distributed Computing Systems,136,12
doi:10.1145/3644032.3644445,2024,doi:10.1109/tpds.2021.3128037,Adaptive Resource Efficient Microservice Deployment in Cloud-Edge Continuum,2022,IEEE Transactions on Parallel and Distributed Systems,127,13
doi:10.1145/3644032.3644445,2024,doi:10.1109/ms.2017.24,"Microservices in Practice, Part 1: Reality Check and Service Design",2017,IEEE Software,123,14
doi:10.1145/3644032.3644445,2024,doi:10.1002/cpe.4436,A survey on security issues in services communication of Microservices‐enabled fog applications,2019,Concurrency and Computation,120,15
doi:10.1145/3644032.3644445,2024,doi:10.1016/j.iot.2023.100784,FedSDM: Federated learning based smart decision making module for ECG data in IoT integrated Edge-Fog-Cloud computing environments,2023,Internet of Things,117,16
doi:10.1145/3644032.3644445,2024,doi:10.1109/ms.2018.2141035,Using Microservices for Legacy Software Modernization,2018,IEEE Software,114,17
doi:10.1145/3644032.3644445,2024,doi:10.1016/j.infsof.2021.106600,From Monolithic Systems to Microservices: An Assessment Framework,2019,Information and Software Technology,111,18
doi:10.1145/3644032.3644445,2024,doi:10.1109/cloud.2018.00148,Deploying Microservice Based Applications with Kubernetes: Experiments and Lessons Learned,2018,IEEE International Conference on Cloud Computing,102,19
doi:10.1145/3644032.3644445,2024,doi:10.1109/ase51524.2021.9678708,Groot: An Event-graph-based Approach for Root Cause Analysis in Industrial Settings,2021,International Conference on Automated Software Engineering,100,20
doi:10.1145/3644032.3644445,2024,ss:00025f8caf92b2e737027790b36c82208d9c1ac7,"Circuit Breakers, Discovery, and API Gateways in Microservices",2016,arXiv.org,99,21
doi:10.1145/3644032.3644445,2024,doi:10.1007/s11227-018-2345-2,Resource optimization of container orchestration: a case study in multi-cloud microservices-based applications,2018,Journal of Supercomputing,97,22
doi:10.1145/3644032.3644445,2024,doi:10.1109/icsa-c.2019.00041,"Microservices in Industry: Insights into Technologies, Characteristics, and Software Quality",2019,2019 IEEE International Conference on Software Architecture Companion (ICSA-C),94,23
doi:10.1145/3644032.3644445,2024,doi:10.1109/icsaw.2017.48,Towards Recovering the Software Architecture of Microservice-Based Systems,2017,IEEE International Conference on Software Architecture Workshops,93,24
doi:10.1145/3644032.3644445,2024,doi:10.1109/ms.2015.11,Microservices,2015,IEEE Software,92,25
doi:10.1145/3644032.3644445,2024,doi:10.1002/spe.2704,SmartHerd management: A microservices‐based fog computing–assisted IoT platform towards data‐driven smart dairy farming,2019,"Software, Practice & Experience",92,26
doi:10.1145/3644032.3644445,2024,doi:10.1109/jiot.2018.2792940,Microservices Scheduling Model Over Heterogeneous Cloud-Edge Environments As Support for IoT Applications,2018,IEEE Internet of Things Journal,88,27
doi:10.1145/3644032.3644445,2024,doi:10.1109/isc2.2018.8656968,A Microservice-enabled Architecture for Smart Surveillance using Blockchain Technology,2018,2018 IEEE International Smart Cities Conference (ISC2),86,28
doi:10.1145/3644032.3644445,2024,doi:10.1109/infocom.2018.8486300,Load Balancing Across Microservices,2018,IEEE Conference on Computer Communications,85,29
doi:10.1145/3644032.3644445,2024,doi:10.1145/3485983.3494866,GRAF: a graph neural network based proactive resource allocation framework for SLO-oriented microservices,2021,Conference on Emerging Network Experiment and Technology,83,30
doi:10.1109/access.2023.3236165,2023,ss:0174c967eeea5a0c1e8d389c790242cb07424b80,Building Microservices,2015,,793,1
doi:10.1109/access.2023.3236165,2023,ss:09aaa85c6fe92ec2e894700dc2bab4d481c5b27d,FIRM: An Intelligent Fine-Grained Resource Management Framework for SLO-Oriented Microservices,2020,USENIX Symposium on Operating Systems Design and Implementation,350,2
doi:10.1109/access.2023.3236165,2023,doi:10.1145/3338906.3338961,Latent error prediction and fault localization for microservice applications by learning from system trace logs,2019,ESEC/SIGSOFT FSE,263,3
doi:10.1109/access.2023.3236165,2023,doi:10.1109/access.2019.2911732,"Container Security: Issues, Challenges, and the Road Ahead",2019,IEEE Access,245,4
doi:10.1109/access.2023.3236165,2023,doi:10.1145/3501297,Anomaly Detection and Failure Root Cause Analysis in (Micro) Service-Based Cloud Applications: A Survey,2021,ACM Computing Surveys,233,5
doi:10.1109/access.2023.3236165,2023,doi:10.1109/icsaw.2017.11,"Microservice Architectures for Scalability, Agility and Reliability in E-Commerce",2017,IEEE International Conference on Software Architecture Workshops,216,6
doi:10.1109/access.2023.3236165,2023,doi:10.1016/j.jss.2019.01.001,Architecting with microservices: A systematic mapping study,2019,Journal of Systems and Software,207,7
doi:10.1109/access.2023.3236165,2023,doi:10.1007/s10723-017-9419-x,Genetic Algorithm for Multi-Objective Optimization of Container Allocation in Cloud Architecture,2017,Journal of Grid Computing,183,8
doi:10.1109/access.2023.3236165,2023,doi:10.1109/iwqos52092.2021.9521340,Practical Root Cause Localization for Microservice Systems via Trace Analysis,2021,International Workshop on Quality of Service,161,9
doi:10.1109/access.2023.3236165,2023,doi:10.1109/mascots.2018.00030,"TeaStore: A Micro-Service Reference Application for Benchmarking, Modeling and Resource Management Research",2018,"IEEE/ACM International Symposium on Modeling, Analysis, and Simulation On Computer and Telecommunication Systems",146,10
doi:10.1109/access.2023.3236165,2023,doi:10.52202/068431-2259,Root Cause Analysis of Failures in Microservices through Causal Discovery,2022,Neural Information Processing Systems,140,11
doi:10.1109/access.2023.3236165,2023,doi:10.1109/icdcs.2016.11,Gremlin: Systematic Resilience Testing of Microservices,2016,IEEE International Conference on Distributed Computing Systems,136,12
doi:10.1109/access.2023.3236165,2023,doi:10.1109/tpds.2021.3128037,Adaptive Resource Efficient Microservice Deployment in Cloud-Edge Continuum,2022,IEEE Transactions on Parallel and Distributed Systems,127,13
doi:10.1109/access.2023.3236165,2023,doi:10.1109/ms.2017.24,"Microservices in Practice, Part 1: Reality Check and Service Design",2017,IEEE Software,123,14
doi:10.1109/access.2023.3236165,2023,doi:10.1002/cpe.4436,A survey on security issues in services communication of Microservices‐enabled fog applications,2019,Concurrency and Computation,120,15
doi:10.1109/access.2023.3236165,2023,doi:10.1016/j.iot.2023.100784,FedSDM: Federated learning based smart decision making module for ECG data in IoT integrated Edge-Fog-Cloud computing environments,2023,Internet of Things,117,16
doi:10.1109/access.2023.3236165,2023,doi:10.1109/ms.2018.2141035,Using Microservices for Legacy Software Modernization,2018,IEEE Software,114,17
doi:10.1109/access.2023.3236165,2023,doi:10.1016/j.infsof.2021.106600,From Monolithic Systems to Microservices: An Assessment Framework,2019,Information and Software Technology,111,18
doi:10.1109/access.2023.3236165,2023,doi:10.1109/cloud.2018.00148,Deploying Microservice Based Applications with Kubernetes: Experiments and Lessons Learned,2018,IEEE International Conference on Cloud Computing,102,19
doi:10.1109/access.2023.3236165,2023,doi:10.1109/ase51524.2021.9678708,Groot: An Event-graph-based Approach for Root Cause Analysis in Industrial Settings,2021,International Conference on Automated Software Engineering,100,20
doi:10.1109/access.2023.3236165,2023,ss:00025f8caf92b2e737027790b36c82208d9c1ac7,"Circuit Breakers, Discovery, and API Gateways in Microservices",2016,arXiv.org,99,21
doi:10.1109/access.2023.3236165,2023,doi:10.1007/s11227-018-2345-2,Resource optimization of container orchestration: a case study in multi-cloud microservices-based applications,2018,Journal of Supercomputing,97,22
doi:10.1109/access.2023.3236165,2023,doi:10.1109/icsa-c.2019.00041,"Microservices in Industry: Insights into Technologies, Characteristics, and Software Quality",2019,2019 IEEE International Conference on Software Architecture Companion (ICSA-C),94,23
doi:10.1109/access.2023.3236165,2023,doi:10.1109/ms.2015.11,Microservices,2015,IEEE Software,92,25
doi:10.1109/access.2023.3236165,2023,doi:10.1002/spe.2704,SmartHerd management: A microservices‐based fog computing–assisted IoT platform towards data‐driven smart dairy farming,2019,"Software, Practice & Experience",92,26
doi:10.1109/access.2023.3236165,2023,doi:10.1109/jiot.2018.2792940,Microservices Scheduling Model Over Heterogeneous Cloud-Edge Environments As Support for IoT Applications,2018,IEEE Internet of Things Journal,88,27
doi:10.1109/access.2023.3236165,2023,doi:10.1109/isc2.2018.8656968,A Microservice-enabled Architecture for Smart Surveillance using Blockchain Technology,2018,2018 IEEE International Smart Cities Conference (ISC2),86,28
doi:10.1109/access.2023.3236165,2023,doi:10.1109/infocom.2018.8486300,Load Balancing Across Microservices,2018,IEEE Conference on Computer Communications,85,29
doi:10.1109/access.2023.3236165,2023,doi:10.1145/3485983.3494866,GRAF: a graph neural network based proactive resource allocation framework for SLO-oriented microservices,2021,Conference on Emerging Network Experiment and Technology,83,30
doi:10.1145/3538641.3561486,2022,ss:0174c967eeea5a0c1e8d389c790242cb07424b80,Building Microservices,2015,,793,1
doi:10.1145/3538641.3561486,2022,ss:09aaa85c6fe92ec2e894700dc2bab4d481c5b27d,FIRM: An Intelligent Fine-Grained Resource Management Framework for SLO-Oriented Microservices,2020,USENIX Symposium on Operating Systems Design and Implementation,350,2
doi:10.1145/3538641.3561486,2022,doi:10.1145/3338906.3338961,Latent error prediction and fault localization for microservice applications by learning from system trace logs,2019,ESEC/SIGSOFT FSE,263,3
doi:10.1145/3538641.3561486,2022,doi:10.1109/access.2019.2911732,"Container Security: Issues, Challenges, and the Road Ahead",2019,IEEE Access,245,4
doi:10.1145/3538641.3561486,2022,doi:10.1145/3501297,Anomaly Detection and Failure Root Cause Analysis in (Micro) Service-Based Cloud Applications: A Survey,2021,ACM Computing Surveys,233,5
doi:10.1145/3538641.3561486,2022,doi:10.1109/icsaw.2017.11,"Microservice Architectures for Scalability, Agility and Reliability in E-Commerce",2017,IEEE International Conference on Software Architecture Workshops,216,6
doi:10.1145/3538641.3561486,2022,doi:10.1007/s10723-017-9419-x,Genetic Algorithm for Multi-Objective Optimization of Container Allocation in Cloud Architecture,2017,Journal of Grid Computing,183,8
doi:10.1145/3538641.3561486,2022,doi:10.1109/iwqos52092.2021.9521340,Practical Root Cause Localization for Microservice Systems via Trace Analysis,2021,International Workshop on Quality of Service,161,9
doi:10.1145/3538641.3561486,2022,doi:10.1109/mascots.2018.00030,"TeaStore: A Micro-Service Reference Application for Benchmarking, Modeling and Resource Management Research",2018,"IEEE/ACM International Symposium on Modeling, Analysis, and Simulation On Computer and Telecommunication Systems",146,10
doi:10.1145/3538641.3561486,2022,doi:10.52202/068431-2259,Root Cause Analysis of Failures in Microservices through Causal Discovery,2022,Neural Information Processing Systems,140,11
doi:10.1145/3538641.3561486,2022,doi:10.1109/icdcs.2016.11,Gremlin: Systematic Resilience Testing of Microservices,2016,IEEE International Conference on Distributed Computing Systems,136,12
doi:10.1145/3538641.3561486,2022,doi:10.1109/tpds.2021.3128037,Adaptive Resource Efficient Microservice Deployment in Cloud-Edge Continuum,2022,IEEE Transactions on Parallel and Distributed Systems,127,13
doi:10.1145/3538641.3561486,2022,doi:10.1109/ms.2017.24,"Microservices in Practice, Part 1: Reality Check and Service Design",2017,IEEE Software,123,14
doi:10.1145/3538641.3561486,2022,doi:10.1002/cpe.4436,A survey on security issues in services communication of Microservices‐enabled fog applications,2019,Concurrency and Computation,120,15
doi:10.1145/3538641.3561486,2022,doi:10.1109/ms.2018.2141035,Using Microservices for Legacy Software Modernization,2018,IEEE Software,114,17
doi:10.1145/3538641.3561486,2022,doi:10.1016/j.infsof.2021.106600,From Monolithic Systems to Microservices: An Assessment Framework,2019,Information and Software Technology,111,18
doi:10.1145/3538641.3561486,2022,doi:10.1109/cloud.2018.00148,Deploying Microservice Based Applications with Kubernetes: Experiments and Lessons Learned,2018,IEEE International Conference on Cloud Computing,102,19
doi:10.1145/3538641.3561486,2022,doi:10.1109/ase51524.2021.9678708,Groot: An Event-graph-based Approach for Root Cause Analysis in Industrial Settings,2021,International Conference on Automated Software Engineering,100,20
doi:10.1145/3538641.3561486,2022,ss:00025f8caf92b2e737027790b36c82208d9c1ac7,"Circuit Breakers, Discovery, and API Gateways in Microservices",2016,arXiv.org,99,21
doi:10.1145/3538641.3561486,2022,doi:10.1007/s11227-018-2345-2,Resource optimization of container orchestration: a case study in multi-cloud microservices-based applications,2018,Journal of Supercomputing,97,22
doi:10.1145/3538641.3561486,2022,doi:10.1109/icsa-c.2019.00041,"Microservices in Industry: Insights into Technologies, Characteristics, and Software Quality",2019,2019 IEEE International Conference on Software Architecture Companion (ICSA-C),94,23
doi:10.1145/3538641.3561486,2022,doi:10.1109/ms.2015.11,Microservices,2015,IEEE Software,92,25
doi:10.1145/3538641.3561486,2022,doi:10.1002/spe.2704,SmartHerd management: A microservices‐based fog computing–assisted IoT platform towards data‐driven smart dairy farming,2019,"Software, Practice & Experience",92,26
doi:10.1145/3538641.3561486,2022,doi:10.1109/jiot.2018.2792940,Microservices Scheduling Model Over Heterogeneous Cloud-Edge Environments As Support for IoT Applications,2018,IEEE Internet of Things Journal,88,27
doi:10.1145/3538641.3561486,2022,doi:10.1109/isc2.2018.8656968,A Microservice-enabled Architecture for Smart Surveillance using Blockchain Technology,2018,2018 IEEE International Smart Cities Conference (ISC2),86,28
doi:10.1145/3538641.3561486,2022,doi:10.1109/infocom.2018.8486300,Load Balancing Across Microservices,2018,IEEE Conference on Computer Communications,85,29
doi:10.1145/3538641.3561486,2022,doi:10.1145/3485983.3494866,GRAF: a graph neural network based proactive resource allocation framework for SLO-oriented microservices,2021,Conference on Emerging Network Experiment and Technology,83,30
doi:10.1007/978-3-319-99007-1_100,2018,ss:0174c967eeea5a0c1e8d389c790242cb07424b80,Building Microservices,2015,,793,1
doi:10.1007/978-3-319-99007-1_100,2018,doi:10.1109/icsaw.2017.11,"Microservice Architectures for Scalability, Agility and Reliability in E-Commerce",2017,IEEE International Conference on Software Architecture Workshops,216,6
doi:10.1007/978-3-319-99007-1_100,2018,doi:10.1007/s10723-017-9419-x,Genetic Algorithm for Multi-Objective Optimization of Container Allocation in Cloud Architecture,2017,Journal of Grid Computing,183,8
doi:10.1007/978-3-319-99007-1_100,2018,doi:10.1109/mascots.2018.00030,"TeaStore: A Micro-Service Reference Application for Benchmarking, Modeling and Resource Management Research",2018,"IEEE/ACM International Symposium on Modeling, Analysis, and Simulation On Computer and Telecommunication Systems",146,10
doi:10.1007/978-3-319-99007-1_100,2018,doi:10.1109/icdcs.2016.11,Gremlin: Systematic Resilience Testing of Microservices,2016,IEEE International Conference on Distributed Computing Systems,136,12
doi:10.1007/978-3-319-99007-1_100,2018,doi:10.1109/ms.2017.24,"Microservices in Practice, Part 1: Reality Check and Service Design",2017,IEEE Software,123,14
doi:10.1007/978-3-319-99007-1_100,2018,doi:10.1109/ms.2018.2141035,Using Microservices for Legacy Software Modernization,2018,IEEE Software,114,17
doi:10.1007/978-3-319-99007-1_100,2018,doi:10.1109/cloud.2018.00148,Deploying Microservice Based Applications with Kubernetes: Experiments and Lessons Learned,2018,IEEE International Conference on Cloud Computing,102,19
doi:10.1007/978-3-319-99007-1_100,2018,ss:00025f8caf92b2e737027790b36c82208d9c1ac7,"Circuit Breakers, Discovery, and API Gateways in Microservices",2016,arXiv.org,99,21
doi:10.1007/978-3-319-99007-1_100,2018,doi:10.1007/s11227-018-2345-2,Resource optimization of container orchestration: a case study in multi-cloud microservices-based applications,2018,Journal of Supercomputing,97,22
doi:10.1007/978-3-319-99007-1_100,2018,doi:10.1109/icsaw.2017.48,Towards Recovering the Software Architecture of Microservice-Based Systems,2017,IEEE International Conference on Software Architecture Workshops,93,24
doi:10.1007/978-3-319-99007-1_100,2018,doi:10.1109/ms.2015.11,Microservices,2015,IEEE Software,92,25
doi:10.1007/978-3-319-99007-1_100,2018,doi:10.1109/jiot.2018.2792940,Microservices Scheduling Model Over Heterogeneous Cloud-Edge Environments As Support for IoT Applications,2018,IEEE Internet of Things Journal,88,27
doi:10.1007/978-3-319-99007-1_100,2018,doi:10.1109/isc2.2018.8656968,A Microservice-enabled Architecture for Smart Surveillance using Blockchain Technology,2018,2018 IEEE International Smart Cities Conference (ISC2),86,28
doi:10.1007/978-3-319-99007-1_100,2018,doi:10.1109/infocom.2018.8486300,Load Balancing Across Microservices,2018,IEEE Conference on Computer Communications,85,29
doi:10.1109/conisoft52520.2021.00016,2021,ss:0174c967eeea5a0c1e8d389c790242cb07424b80,Building Microservices,2015,,793,1
doi:10.1109/conisoft52520.2021.00016,2021,ss:09aaa85c6fe92ec2e894700dc2bab4d481c5b27d,FIRM: An Intelligent Fine-Grained Resource Management Framework for SLO-Oriented Microservices,2020,USENIX Symposium on Operating Systems Design and Implementation,350,2
doi:10.1109/conisoft52520.2021.00016,2021,doi:10.1145/3338906.3338961,Latent error prediction and fault localization for microservice applications by learning from system trace logs,2019,ESEC/SIGSOFT FSE,263,3
doi:10.1109/conisoft52520.2021.00016,2021,doi:10.1109/access.2019.2911732,"Container Security: Issues, Challenges, and the Road Ahead",2019,IEEE Access,245,4
doi:10.1109/conisoft52520.2021.00016,2021,doi:10.1145/3501297,Anomaly Detection and Failure Root Cause Analysis in (Micro) Service-Based Cloud Applications: A Survey,2021,ACM Computing Surveys,233,5
doi:10.1109/conisoft52520.2021.00016,2021,doi:10.1016/j.jss.2019.01.001,Architecting with microservices: A systematic mapping study,2019,Journal of Systems and Software,207,7
doi:10.1109/conisoft52520.2021.00016,2021,doi:10.1007/s10723-017-9419-x,Genetic Algorithm for Multi-Objective Optimization of Container Allocation in Cloud Architecture,2017,Journal of Grid Computing,183,8
doi:10.1109/conisoft52520.2021.00016,2021,doi:10.1109/iwqos52092.2021.9521340,Practical Root Cause Localization for Microservice Systems via Trace Analysis,2021,International Workshop on Quality of Service,161,9
doi:10.1109/conisoft52520.2021.00016,2021,doi:10.1109/mascots.2018.00030,"TeaStore: A Micro-Service Reference Application for Benchmarking, Modeling and Resource Management Research",2018,"IEEE/ACM International Symposium on Modeling, Analysis, and Simulation On Computer and Telecommunication Systems",146,10
doi:10.1109/conisoft52520.2021.00016,2021,doi:10.1109/icdcs.2016.11,Gremlin: Systematic Resilience Testing of Microservices,2016,IEEE International Conference on Distributed Computing Systems,136,12
doi:10.1109/conisoft52520.2021.00016,2021,doi:10.1109/ms.2017.24,"Microservices in Practice, Part 1: Reality Check and Service Design",2017,IEEE Software,123,14
doi:10.1109/conisoft52520.2021.00016,2021,doi:10.1002/cpe.4436,A survey on security issues in services communication of Microservices‐enabled fog applications,2019,Concurrency and Computation,120,15
doi:10.1109/conisoft52520.2021.00016,2021,doi:10.1109/ms.2018.2141035,Using Microservices for Legacy Software Modernization,2018,IEEE Software,114,17
doi:10.1109/conisoft52520.2021.00016,2021,doi:10.1016/j.infsof.2021.106600,From Monolithic Systems to Microservices: An Assessment Framework,2019,Information and Software Technology,111,18
doi:10.1109/conisoft52520.2021.00016,2021,doi:10.1109/cloud.2018.00148,Deploying Microservice Based Applications with Kubernetes: Experiments and Lessons Learned,2018,IEEE International Conference on Cloud Computing,102,19
doi:10.1109/conisoft52520.2021.00016,2021,doi:10.1109/ase51524.2021.9678708,Groot: An Event-graph-based Approach for Root Cause Analysis in Industrial Settings,2021,International Conference on Automated Software Engineering,100,20
doi:10.1109/conisoft52520.2021.00016,2021,ss:00025f8caf92b2e737027790b36c82208d9c1ac7,"Circuit Breakers, Discovery, and API Gateways in Microservices",2016,arXiv.org,99,21
doi:10.1109/conisoft52520.2021.00016,2021,doi:10.1007/s11227-018-2345-2,Resource optimization of container orchestration: a case study in multi-cloud microservices-based applications,2018,Journal of Supercomputing,97,22
doi:10.1109/conisoft52520.2021.00016,2021,doi:10.1109/icsa-c.2019.00041,"Microservices in Industry: Insights into Technologies, Characteristics, and Software Quality",2019,2019 IEEE International Conference on Software Architecture Companion (ICSA-C),94,23
doi:10.1109/conisoft52520.2021.00016,2021,doi:10.1109/icsaw.2017.48,Towards Recovering the Software Architecture of Microservice-Based Systems,2017,IEEE International Conference on Software Architecture Workshops,93,24
doi:10.1109/conisoft52520.2021.00016,2021,doi:10.1109/ms.2015.11,Microservices,2015,IEEE Software,92,25
doi:10.1109/conisoft52520.2021.00016,2021,doi:10.1002/spe.2704,SmartHerd management: A microservices‐based fog computing–assisted IoT platform towards data‐driven smart dairy farming,2019,"Software, Practice & Experience",92,26
doi:10.1109/conisoft52520.2021.00016,2021,doi:10.1109/jiot.2018.2792940,Microservices Scheduling Model Over Heterogeneous Cloud-Edge Environments As Support for IoT Applications,2018,IEEE Internet of Things Journal,88,27
doi:10.1109/conisoft52520.2021.00016,2021,doi:10.1109/isc2.2018.8656968,A Microservice-enabled Architecture for Smart Surveillance using Blockchain Technology,2018,2018 IEEE International Smart Cities Conference (ISC2),86,28
doi:10.1109/conisoft52520.2021.00016,2021,doi:10.1109/infocom.2018.8486300,Load Balancing Across Microservices,2018,IEEE Conference on Computer Communications,85,29
doi:10.1109/conisoft52520.2021.00016,2021,doi:10.1145/3485983.3494866,GRAF: a graph neural network based proactive resource allocation framework for SLO-oriented microservices,2021,Conference on Emerging Network Experiment and Technology,83,30
doi:10.23919/cisti58278.2023.10211834,2023,ss:0174c967eeea5a0c1e8d389c790242cb07424b80,Building Microservices,2015,,793,1
doi:10.23919/cisti58278.2023.10211834,2023,ss:09aaa85c6fe92ec2e894700dc2bab4d481c5b27d,FIRM: An Intelligent Fine-Grained Resource Management Framework for SLO-Oriented Microservices,2020,USENIX Symposium on Operating Systems Design and Implementation,350,2
doi:10.23919/cisti58278.2023.10211834,2023,doi:10.1145/3338906.3338961,Latent error prediction and fault localization for microservice applications by learning from system trace logs,2019,ESEC/SIGSOFT FSE,263,3
doi:10.23919/cisti58278.2023.10211834,2023,doi:10.1109/access.2019.2911732,"Container Security: Issues, Challenges, and the Road Ahead",2019,IEEE Access,245,4
doi:10.23919/cisti58278.2023.10211834,2023,doi:10.1145/3501297,Anomaly Detection and Failure Root Cause Analysis in (Micro) Service-Based Cloud Applications: A Survey,2021,ACM Computing Surveys,233,5
doi:10.23919/cisti58278.2023.10211834,2023,doi:10.1109/icsaw.2017.11,"Microservice Architectures for Scalability, Agility and Reliability in E-Commerce",2017,IEEE International Conference on Software Architecture Workshops,216,6
doi:10.23919/cisti58278.2023.10211834,2023,doi:10.1016/j.jss.2019.01.001,Architecting with microservices: A systematic mapping study,2019,Journal of Systems and Software,207,7
doi:10.23919/cisti58278.2023.10211834,2023,doi:10.1007/s10723-017-9419-x,Genetic Algorithm for Multi-Objective Optimization of Container Allocation in Cloud Architecture,2017,Journal of Grid Computing,183,8
doi:10.23919/cisti58278.2023.10211834,2023,doi:10.1109/iwqos52092.2021.9521340,Practical Root Cause Localization for Microservice Systems via Trace Analysis,2021,International Workshop on Quality of Service,161,9
doi:10.23919/cisti58278.2023.10211834,2023,doi:10.1109/mascots.2018.00030,"TeaStore: A Micro-Service Reference Application for Benchmarking, Modeling and Resource Management Research",2018,"IEEE/ACM International Symposium on Modeling, Analysis, and Simulation On Computer and Telecommunication Systems",146,10
doi:10.23919/cisti58278.2023.10211834,2023,doi:10.52202/068431-2259,Root Cause Analysis of Failures in Microservices through Causal Discovery,2022,Neural Information Processing Systems,140,11
doi:10.23919/cisti58278.2023.10211834,2023,doi:10.1109/icdcs.2016.11,Gremlin: Systematic Resilience Testing of Microservices,2016,IEEE International Conference on Distributed Computing Systems,136,12
doi:10.23919/cisti58278.2023.10211834,2023,doi:10.1109/tpds.2021.3128037,Adaptive Resource Efficient Microservice Deployment in Cloud-Edge Continuum,2022,IEEE Transactions on Parallel and Distributed Systems,127,13
doi:10.23919/cisti58278.2023.10211834,2023,doi:10.1109/ms.2017.24,"Microservices in Practice, Part 1: Reality Check and Service Design",2017,IEEE Software,123,14
doi:10.23919/cisti58278.2023.10211834,2023,doi:10.1002/cpe.4436,A survey on security issues in services communication of Microservices‐enabled fog applications,2019,Concurrency and Computation,120,15
doi:10.23919/cisti58278.2023.10211834,2023,doi:10.1016/j.iot.2023.100784,FedSDM: Federated learning based smart decision making module for ECG data in IoT integrated Edge-Fog-Cloud computing environments,2023,Internet of Things,117,16
doi:10.23919/cisti58278.2023.10211834,2023,doi:10.1109/ms.2018.2141035,Using Microservices for Legacy Software Modernization,2018,IEEE Software,114,17
doi:10.23919/cisti58278.2023.10211834,2023,doi:10.1016/j.infsof.2021.106600,From Monolithic Systems to Microservices: An Assessment Framework,2019,Information and Software Technology,111,18
doi:10.23919/cisti58278.2023.10211834,2023,doi:10.1109/cloud.2018.00148,Deploying Microservice Based Applications with Kubernetes: Experiments and Lessons Learned,2018,IEEE International Conference on Cloud Computing,102,19
doi:10.23919/cisti58278.2023.10211834,2023,doi:10.1109/ase51524.2021.9678708,Groot: An Event-graph-based Approach for Root Cause Analysis in Industrial Settings,2021,International Conference on Automated Software Engineering,100,20
doi:10.23919/cisti58278.2023.10211834,2023,ss:00025f8caf92b2e737027790b36c82208d9c1ac7,"Circuit Breakers, Discovery, and API Gateways in Microservices",2016,arXiv.org,99,21
doi:10.23919/cisti58278.2023.10211834,2023,doi:10.1007/s11227-018-2345-2,Resource optimization of container orchestration: a case study in multi-cloud microservices-based applications,2018,Journal of Supercomputing,97,22
doi:10.23919/cisti58278.2023.10211834,2023,doi:10.1109/icsa-c.2019.00041,"Microservices in Industry: Insights into Technologies, Characteristics, and Software Quality",2019,2019 IEEE International Conference on Software Architecture Companion (ICSA-C),94,23
doi:10.23919/cisti58278.2023.10211834,2023,doi:10.1109/icsaw.2017.48,Towards Recovering the Software Architecture of Microservice-Based Systems,2017,IEEE International Conference on Software Architecture Workshops,93,24
doi:10.23919/cisti58278.2023.10211834,2023,doi:10.1109/ms.2015.11,Microservices,2015,IEEE Software,92,25
doi:10.23919/cisti58278.2023.10211834,2023,doi:10.1002/spe.2704,SmartHerd management: A microservices‐based fog computing–assisted IoT platform towards data‐driven smart dairy farming,2019,"Software, Practice & Experience",92,26
doi:10.23919/cisti58278.2023.10211834,2023,doi:10.1109/jiot.2018.2792940,Microservices Scheduling Model Over Heterogeneous Cloud-Edge Environments As Support for IoT Applications,2018,IEEE Internet of Things Journal,88,27
doi:10.23919/cisti58278.2023.10211834,2023,doi:10.1109/isc2.2018.8656968,A Microservice-enabled Architecture for Smart Surveillance using Blockchain Technology,2018,2018 IEEE International Smart Cities Conference (ISC2),86,28
doi:10.23919/cisti58278.2023.10211834,2023,doi:10.1109/infocom.2018.8486300,Load Balancing Across Microservices,2018,IEEE Conference on Computer Communications,85,29
doi:10.23919/cisti58278.2023.10211834,2023,doi:10.1145/3485983.3494866,GRAF: a graph neural network based proactive resource allocation framework for SLO-oriented microservices,2021,Conference on Emerging Network Experiment and Technology,83,30
doi:10.1002/cae.22586,2022,ss:0174c967eeea5a0c1e8d389c790242cb07424b80,Building Microservices,2015,,793,1
doi:10.1002/cae.22586,2022,ss:09aaa85c6fe92ec2e894700dc2bab4d481c5b27d,FIRM: An Intelligent Fine-Grained Resource Management Framework for SLO-Oriented Microservices,2020,USENIX Symposium on Operating Systems Design and Implementation,350,2
doi:10.1002/cae.22586,2022,doi:10.1145/3338906.3338961,Latent error prediction and fault localization for microservice applications by learning from system trace logs,2019,ESEC/SIGSOFT FSE,263,3
doi:10.1002/cae.22586,2022,doi:10.1109/access.2019.2911732,"Container Security: Issues, Challenges, and the Road Ahead",2019,IEEE Access,245,4
doi:10.1002/cae.22586,2022,doi:10.1145/3501297,Anomaly Detection and Failure Root Cause Analysis in (Micro) Service-Based Cloud Applications: A Survey,2021,ACM Computing Surveys,233,5
doi:10.1002/cae.22586,2022,doi:10.1016/j.jss.2019.01.001,Architecting with microservices: A systematic mapping study,2019,Journal of Systems and Software,207,7
doi:10.1002/cae.22586,2022,doi:10.1007/s10723-017-9419-x,Genetic Algorithm for Multi-Objective Optimization of Container Allocation in Cloud Architecture,2017,Journal of Grid Computing,183,8
doi:10.1002/cae.22586,2022,doi:10.1109/iwqos52092.2021.9521340,Practical Root Cause Localization for Microservice Systems via Trace Analysis,2021,International Workshop on Quality of Service,161,9
doi:10.1002/cae.22586,2022,doi:10.1109/mascots.2018.00030,"TeaStore: A Micro-Service Reference Application for Benchmarking, Modeling and Resource Management Research",2018,"IEEE/ACM International Symposium on Modeling, Analysis, and Simulation On Computer and Telecommunication Systems",146,10
doi:10.1002/cae.22586,2022,doi:10.52202/068431-2259,Root Cause Analysis of Failures in Microservices through Causal Discovery,2022,Neural Information Processing Systems,140,11
doi:10.1002/cae.22586,2022,doi:10.1109/icdcs.2016.11,Gremlin: Systematic Resilience Testing of Microservices,2016,IEEE International Conference on Distributed Computing Systems,136,12
doi:10.1002/cae.22586,2022,doi:10.1109/tpds.2021.3128037,Adaptive Resource Efficient Microservice Deployment in Cloud-Edge Continuum,2022,IEEE Transactions on Parallel and Distributed Systems,127,13
doi:10.1002/cae.22586,2022,doi:10.1109/ms.2017.24,"Microservices in Practice, Part 1: Reality Check and Service Design",2017,IEEE Software,123,14
doi:10.1002/cae.22586,2022,doi:10.1002/cpe.4436,A survey on security issues in services communication of Microservices‐enabled fog applications,2019,Concurrency and Computation,120,15
doi:10.1002/cae.22586,2022,doi:10.1109/ms.2018.2141035,Using Microservices for Legacy Software Modernization,2018,IEEE Software,114,17
doi:10.1002/cae.22586,2022,doi:10.1016/j.infsof.2021.106600,From Monolithic Systems to Microservices: An Assessment Framework,2019,Information and Software Technology,111,18
doi:10.1002/cae.22586,2022,doi:10.1109/cloud.2018.00148,Deploying Microservice Based Applications with Kubernetes: Experiments and Lessons Learned,2018,IEEE International Conference on Cloud Computing,102,19
doi:10.1002/cae.22586,2022,doi:10.1109/ase51524.2021.9678708,Groot: An Event-graph-based Approach for Root Cause Analysis in Industrial Settings,2021,International Conference on Automated Software Engineering,100,20
doi:10.1002/cae.22586,2022,ss:00025f8caf92b2e737027790b36c82208d9c1ac7,"Circuit Breakers, Discovery, and API Gateways in Microservices",2016,arXiv.org,99,21
doi:10.1002/cae.22586,2022,doi:10.1007/s11227-018-2345-2,Resource optimization of container orchestration: a case study in multi-cloud microservices-based applications,2018,Journal of Supercomputing,97,22
doi:10.1002/cae.22586,2022,doi:10.1109/icsa-c.2019.00041,"Microservices in Industry: Insights into Technologies, Characteristics, and Software Quality",2019,2019 IEEE International Conference on Software Architecture Companion (ICSA-C),94,23
doi:10.1002/cae.22586,2022,doi:10.1109/ms.2015.11,Microservices,2015,IEEE Software,92,25
doi:10.1002/cae.22586,2022,doi:10.1002/spe.2704,SmartHerd management: A microservices‐based fog computing–assisted IoT platform towards data‐driven smart dairy farming,2019,"Software, Practice & Experience",92,26
doi:10.1002/cae.22586,2022,doi:10.1109/jiot.2018.2792940,Microservices Scheduling Model Over Heterogeneous Cloud-Edge Environments As Support for IoT Applications,2018,IEEE Internet of Things Journal,88,27
doi:10.1002/cae.22586,2022,doi:10.1109/isc2.2018.8656968,A Microservice-enabled Architecture for Smart Surveillance using Blockchain Technology,2018,2018 IEEE International Smart Cities Conference (ISC2),86,28
doi:10.1002/cae.22586,2022,doi:10.1109/infocom.2018.8486300,Load Balancing Across Microservices,2018,IEEE Conference on Computer Communications,85,29
doi:10.1002/cae.22586,2022,doi:10.1145/3485983.3494866,GRAF: a graph neural network based proactive resource allocation framework for SLO-oriented microservices,2021,Conference on Emerging Network Experiment and Technology,83,30
doi:10.3390/asi8040086,2025,ss:0174c967eeea5a0c1e8d389c790242cb07424b80,Building Microservices,2015,,793,1
doi:10.3390/asi8040086,2025,ss:09aaa85c6fe92ec2e894700dc2bab4d481c5b27d,FIRM: An Intelligent Fine-Grained Resource Management Framework for SLO-Oriented Microservices,2020,USENIX Symposium on Operating Systems Design and Implementation,350,2
doi:10.3390/asi8040086,2025,doi:10.1145/3338906.3338961,Latent error prediction and fault localization for microservice applications by learning from system trace logs,2019,ESEC/SIGSOFT FSE,263,3
doi:10.3390/asi8040086,2025,doi:10.1109/access.2019.2911732,"Container Security: Issues, Challenges, and the Road Ahead",2019,IEEE Access,245,4
doi:10.3390/asi8040086,2025,doi:10.1145/3501297,Anomaly Detection and Failure Root Cause Analysis in (Micro) Service-Based Cloud Applications: A Survey,2021,ACM Computing Surveys,233,5
doi:10.3390/asi8040086,2025,doi:10.1109/icsaw.2017.11,"Microservice Architectures for Scalability, Agility and Reliability in E-Commerce",2017,IEEE International Conference on Software Architecture Workshops,216,6
doi:10.3390/asi8040086,2025,doi:10.1016/j.jss.2019.01.001,Architecting with microservices: A systematic mapping study,2019,Journal of Systems and Software,207,7
doi:10.3390/asi8040086,2025,doi:10.1007/s10723-017-9419-x,Genetic Algorithm for Multi-Objective Optimization of Container Allocation in Cloud Architecture,2017,Journal of Grid Computing,183,8
doi:10.3390/asi8040086,2025,doi:10.1109/iwqos52092.2021.9521340,Practical Root Cause Localization for Microservice Systems via Trace Analysis,2021,International Workshop on Quality of Service,161,9
doi:10.3390/asi8040086,2025,doi:10.1109/mascots.2018.00030,"TeaStore: A Micro-Service Reference Application for Benchmarking, Modeling and Resource Management Research",2018,"IEEE/ACM International Symposium on Modeling, Analysis, and Simulation On Computer and Telecommunication Systems",146,10
doi:10.3390/asi8040086,2025,doi:10.52202/068431-2259,Root Cause Analysis of Failures in Microservices through Causal Discovery,2022,Neural Information Processing Systems,140,11
doi:10.3390/asi8040086,2025,doi:10.1109/icdcs.2016.11,Gremlin: Systematic Resilience Testing of Microservices,2016,IEEE International Conference on Distributed Computing Systems,136,12
doi:10.3390/asi8040086,2025,doi:10.1109/tpds.2021.3128037,Adaptive Resource Efficient Microservice Deployment in Cloud-Edge Continuum,2022,IEEE Transactions on Parallel and Distributed Systems,127,13
doi:10.3390/asi8040086,2025,doi:10.1109/ms.2017.24,"Microservices in Practice, Part 1: Reality Check and Service Design",2017,IEEE Software,123,14
doi:10.3390/asi8040086,2025,doi:10.1002/cpe.4436,A survey on security issues in services communication of Microservices‐enabled fog applications,2019,Concurrency and Computation,120,15
doi:10.3390/asi8040086,2025,doi:10.1016/j.iot.2023.100784,FedSDM: Federated learning based smart decision making module for ECG data in IoT integrated Edge-Fog-Cloud computing environments,2023,Internet of Things,117,16
doi:10.3390/asi8040086,2025,doi:10.1109/ms.2018.2141035,Using Microservices for Legacy Software Modernization,2018,IEEE Software,114,17
doi:10.3390/asi8040086,2025,doi:10.1109/cloud.2018.00148,Deploying Microservice Based Applications with Kubernetes: Experiments and Lessons Learned,2018,IEEE International Conference on Cloud Computing,102,19
doi:10.3390/asi8040086,2025,doi:10.1109/ase51524.2021.9678708,Groot: An Event-graph-based Approach for Root Cause Analysis in Industrial Settings,2021,International Conference on Automated Software Engineering,100,20
doi:10.3390/asi8040086,2025,ss:00025f8caf92b2e737027790b36c82208d9c1ac7,"Circuit Breakers, Discovery, and API Gateways in Microservices",2016,arXiv.org,99,21
doi:10.3390/asi8040086,2025,doi:10.1007/s11227-018-2345-2,Resource optimization of container orchestration: a case study in multi-cloud microservices-based applications,2018,Journal of Supercomputing,97,22
doi:10.3390/asi8040086,2025,doi:10.1109/icsa-c.2019.00041,"Microservices in Industry: Insights into Technologies, Characteristics, and Software Quality",2019,2019 IEEE International Conference on Software Architecture Companion (ICSA-C),94,23
doi:10.3390/asi8040086,2025,doi:10.1109/icsaw.2017.48,Towards Recovering the Software Architecture of Microservice-Based Systems,2017,IEEE International Conference on Software Architecture Workshops,93,24
doi:10.3390/asi8040086,2025,doi:10.1109/ms.2015.11,Microservices,2015,IEEE Software,92,25
doi:10.3390/asi8040086,2025,doi:10.1002/spe.2704,SmartHerd management: A microservices‐based fog computing–assisted IoT platform towards data‐driven smart dairy farming,2019,"Software, Practice & Experience",92,26
doi:10.3390/asi8040086,2025,doi:10.1109/jiot.2018.2792940,Microservices Scheduling Model Over Heterogeneous Cloud-Edge Environments As Support for IoT Applications,2018,IEEE Internet of Things Journal,88,27
doi:10.3390/asi8040086,2025,doi:10.1109/isc2.2018.8656968,A Microservice-enabled Architecture for Smart Surveillance using Blockchain Technology,2018,2018 IEEE International Smart Cities Conference (ISC2),86,28
doi:10.3390/asi8040086,2025,doi:10.1109/infocom.2018.8486300,Load Balancing Across Microservices,2018,IEEE Conference on Computer Communications,85,29
doi:10.3390/asi8040086,2025,doi:10.1145/3485983.3494866,GRAF: a graph neural network based proactive resource allocation framework for SLO-oriented microservices,2021,Conference on Emerging Network Experiment and Technology,83,30
doi:10.1109/clei47609.2019.235060,2019,ss:0174c967eeea5a0c1e8d389c790242cb07424b80,Building Microservices,2015,,793,1
doi:10.1109/clei47609.2019.235060,2019,doi:10.1145/3338906.3338961,Latent error prediction and fault localization for microservice applications by learning from system trace logs,2019,ESEC/SIGSOFT FSE,263,3
doi:10.1109/clei47609.2019.235060,2019,doi:10.1109/access.2019.2911732,"Container Security: Issues, Challenges, and the Road Ahead",2019,IEEE Access,245,4
doi:10.1109/clei47609.2019.235060,2019,doi:10.1109/icsaw.2017.11,"Microservice Architectures for Scalability, Agility and Reliability in E-Commerce",2017,IEEE International Conference on Software Architecture Workshops,216,6
doi:10.1109/clei47609.2019.235060,2019,doi:10.1016/j.jss.2019.01.001,Architecting with microservices: A systematic mapping study,2019,Journal of Systems and Software,207,7
doi:10.1109/clei47609.2019.235060,2019,doi:10.1007/s10723-017-9419-x,Genetic Algorithm for Multi-Objective Optimization of Container Allocation in Cloud Architecture,2017,Journal of Grid Computing,183,8
doi:10.1109/clei47609.2019.235060,2019,doi:10.1109/mascots.2018.00030,"TeaStore: A Micro-Service Reference Application for Benchmarking, Modeling and Resource Management Research",2018,"IEEE/ACM International Symposium on Modeling, Analysis, and Simulation On Computer and Telecommunication Systems",146,10
doi:10.1109/clei47609.2019.235060,2019,doi:10.1109/icdcs.2016.11,Gremlin: Systematic Resilience Testing of Microservices,2016,IEEE International Conference on Distributed Computing Systems,136,12
doi:10.1109/clei47609.2019.235060,2019,doi:10.1109/ms.2017.24,"Microservices in Practice, Part 1: Reality Check and Service Design",2017,IEEE Software,123,14
doi:10.1109/clei47609.2019.235060,2019,doi:10.1109/ms.2018.2141035,Using Microservices for Legacy Software Modernization,2018,IEEE Software,114,17
doi:10.1109/clei47609.2019.235060,2019,doi:10.1016/j.infsof.2021.106600,From Monolithic Systems to Microservices: An Assessment Framework,2019,Information and Software Technology,111,18
doi:10.1109/clei47609.2019.235060,2019,doi:10.1109/cloud.2018.00148,Deploying Microservice Based Applications with Kubernetes: Experiments and Lessons Learned,2018,IEEE International Conference on Cloud Computing,102,19
doi:10.1109/clei47609.2019.235060,2019,ss:00025f8caf92b2e737027790b36c82208d9c1ac7,"Circuit Breakers, Discovery, and API Gateways in Microservices",2016,arXiv.org,99,21
doi:10.1109/clei47609.2019.235060,2019,doi:10.1007/s11227-018-2345-2,Resource optimization of container orchestration: a case study in multi-cloud microservices-based applications,2018,Journal of Supercomputing,97,22
doi:10.1109/clei47609.2019.235060,2019,doi:10.1109/icsa-c.2019.00041,"Microservices in Industry: Insights into Technologies, Characteristics, and Software Quality",2019,2019 IEEE International Conference on Software Architecture Companion (ICSA-C),94,23
doi:10.1109/clei47609.2019.235060,2019,doi:10.1109/icsaw.2017.48,Towards Recovering the Software Architecture of Microservice-Based Systems,2017,IEEE International Conference on Software Architecture Workshops,93,24
doi:10.1109/clei47609.2019.235060,2019,doi:10.1109/ms.2015.11,Microservices,2015,IEEE Software,92,25
doi:10.1109/clei47609.2019.235060,2019,doi:10.1002/spe.2704,SmartHerd management: A microservices‐based fog computing–assisted IoT platform towards data‐driven smart dairy farming,2019,"Software, Practice & Experience",92,26
doi:10.1109/clei47609.2019.235060,2019,doi:10.1109/jiot.2018.2792940,Microservices Scheduling Model Over Heterogeneous Cloud-Edge Environments As Support for IoT Applications,2018,IEEE Internet of Things Journal,88,27
doi:10.1109/clei47609.2019.235060,2019,doi:10.1109/isc2.2018.8656968,A Microservice-enabled Architecture for Smart Surveillance using Blockchain Technology,2018,2018 IEEE International Smart Cities Conference (ISC2),86,28
doi:10.1109/clei47609.2019.235060,2019,doi:10.1109/infocom.2018.8486300,Load Balancing Across Microservices,2018,IEEE Conference on Computer Communications,85,29
doi:10.5220/0005785501370146,2016,doi:10.1109/icdcs.2016.11,Gremlin: Systematic Resilience Testing of Microservices,2016,IEEE International Conference on Distributed Computing Systems,136,12
doi:10.5220/0005785501370146,2016,ss:00025f8caf92b2e737027790b36c82208d9c1ac7,"Circuit Breakers, Discovery, and API Gateways in Microservices",2016,arXiv.org,99,21
doi:10.5220/0005785501370146,2016,doi:10.1109/ms.2015.11,Microservices,2015,IEEE Software,92,25
doi:10.5220/0006798302210232,2018,ss:0174c967eeea5a0c1e8d389c790242cb07424b80,Building Microservices,2015,,793,1
doi:10.5220/0006798302210232,2018,doi:10.1109/icsaw.2017.11,"Microservice Architectures for Scalability, Agility and Reliability in E-Commerce",2017,IEEE International Conference on Software Architecture Workshops,216,6
doi:10.5220/0006798302210232,2018,doi:10.1007/s10723-017-9419-x,Genetic Algorithm for Multi-Objective Optimization of Container Allocation in Cloud Architecture,2017,Journal of Grid Computing,183,8
doi:10.5220/0006798302210232,2018,doi:10.1109/mascots.2018.00030,"TeaStore: A Micro-Service Reference Application for Benchmarking, Modeling and Resource Management Research",2018,"IEEE/ACM International Symposium on Modeling, Analysis, and Simulation On Computer and Telecommunication Systems",146,10
doi:10.5220/0006798302210232,2018,doi:10.1109/ms.2017.24,"Microservices in Practice, Part 1: Reality Check and Service Design",2017,IEEE Software,123,14
doi:10.5220/0006798302210232,2018,doi:10.1109/ms.2018.2141035,Using Microservices for Legacy Software Modernization,2018,IEEE Software,114,17
doi:10.5220/0006798302210232,2018,doi:10.1109/cloud.2018.00148,Deploying Microservice Based Applications with Kubernetes: Experiments and Lessons Learned,2018,IEEE International Conference on Cloud Computing,102,19
doi:10.5220/0006798302210232,2018,ss:00025f8caf92b2e737027790b36c82208d9c1ac7,"Circuit Breakers, Discovery, and API Gateways in Microservices",2016,arXiv.org,99,21
doi:10.5220/0006798302210232,2018,doi:10.1007/s11227-018-2345-2,Resource optimization of container orchestration: a case study in multi-cloud microservices-based applications,2018,Journal of Supercomputing,97,22
doi:10.5220/0006798302210232,2018,doi:10.1109/icsaw.2017.48,Towards Recovering the Software Architecture of Microservice-Based Systems,2017,IEEE International Conference on Software Architecture Workshops,93,24
doi:10.5220/0006798302210232,2018,doi:10.1109/ms.2015.11,Microservices,2015,IEEE Software,92,25
doi:10.5220/0006798302210232,2018,doi:10.1109/jiot.2018.2792940,Microservices Scheduling Model Over Heterogeneous Cloud-Edge Environments As Support for IoT Applications,2018,IEEE Internet of Things Journal,88,27
doi:10.5220/0006798302210232,2018,doi:10.1109/isc2.2018.8656968,A Microservice-enabled Architecture for Smart Surveillance using Blockchain Technology,2018,2018 IEEE International Smart Cities Conference (ISC2),86,28
doi:10.5220/0006798302210232,2018,doi:10.1109/infocom.2018.8486300,Load Balancing Across Microservices,2018,IEEE Conference on Computer Communications,85,29
doi:10.1109/conisoft55708.2022.00033,2022,ss:0174c967eeea5a0c1e8d389c790242cb07424b80,Building Microservices,2015,,793,1
doi:10.1109/conisoft55708.2022.00033,2022,ss:09aaa85c6fe92ec2e894700dc2bab4d481c5b27d,FIRM: An Intelligent Fine-Grained Resource Management Framework for SLO-Oriented Microservices,2020,USENIX Symposium on Operating Systems Design and Implementation,350,2
doi:10.1109/conisoft55708.2022.00033,2022,doi:10.1145/3338906.3338961,Latent error prediction and fault localization for microservice applications by learning from system trace logs,2019,ESEC/SIGSOFT FSE,263,3
doi:10.1109/conisoft55708.2022.00033,2022,doi:10.1109/access.2019.2911732,"Container Security: Issues, Challenges, and the Road Ahead",2019,IEEE Access,245,4
doi:10.1109/conisoft55708.2022.00033,2022,doi:10.1145/3501297,Anomaly Detection and Failure Root Cause Analysis in (Micro) Service-Based Cloud Applications: A Survey,2021,ACM Computing Surveys,233,5
doi:10.1109/conisoft55708.2022.00033,2022,doi:10.1109/icsaw.2017.11,"Microservice Architectures for Scalability, Agility and Reliability in E-Commerce",2017,IEEE International Conference on Software Architecture Workshops,216,6
doi:10.1109/conisoft55708.2022.00033,2022,doi:10.1007/s10723-017-9419-x,Genetic Algorithm for Multi-Objective Optimization of Container Allocation in Cloud Architecture,2017,Journal of Grid Computing,183,8
doi:10.1109/conisoft55708.2022.00033,2022,doi:10.1109/iwqos52092.2021.9521340,Practical Root Cause Localization for Microservice Systems via Trace Analysis,2021,International Workshop on Quality of Service,161,9
doi:10.1109/conisoft55708.2022.00033,2022,doi:10.1109/mascots.2018.00030,"TeaStore: A Micro-Service Reference Application for Benchmarking, Modeling and Resource Management Research",2018,"IEEE/ACM International Symposium on Modeling, Analysis, and Simulation On Computer and Telecommunication Systems",146,10
doi:10.1109/conisoft55708.2022.00033,2022,doi:10.52202/068431-2259,Root Cause Analysis of Failures in Microservices through Causal Discovery,2022,Neural Information Processing Systems,140,11
doi:10.1109/conisoft55708.2022.00033,2022,doi:10.1109/icdcs.2016.11,Gremlin: Systematic Resilience Testing of Microservices,2016,IEEE International Conference on Distributed Computing Systems,136,12
doi:10.1109/conisoft55708.2022.00033,2022,doi:10.1109/tpds.2021.3128037,Adaptive Resource Efficient Microservice Deployment in Cloud-Edge Continuum,2022,IEEE Transactions on Parallel and Distributed Systems,127,13
doi:10.1109/conisoft55708.2022.00033,2022,doi:10.1109/ms.2017.24,"Microservices in Practice, Part 1: Reality Check and Service Design",2017,IEEE Software,123,14
doi:10.1109/conisoft55708.2022.00033,2022,doi:10.1002/cpe.4436,A survey on security issues in services communication of Microservices‐enabled fog applications,2019,Concurrency and Computation,120,15
doi:10.1109/conisoft55708.2022.00033,2022,doi:10.1109/ms.2018.2141035,Using Microservices for Legacy Software Modernization,2018,IEEE Software,114,17
doi:10.1109/conisoft55708.2022.00033,2022,doi:10.1016/j.infsof.2021.106600,From Monolithic Systems to Microservices: An Assessment Framework,2019,Information and Software Technology,111,18
doi:10.1109/conisoft55708.2022.00033,2022,doi:10.1109/cloud.2018.00148,Deploying Microservice Based Applications with Kubernetes: Experiments and Lessons Learned,2018,IEEE International Conference on Cloud Computing,102,19
doi:10.1109/conisoft55708.2022.00033,2022,doi:10.1109/ase51524.2021.9678708,Groot: An Event-graph-based Approach for Root Cause Analysis in Industrial Settings,2021,International Conference on Automated Software Engineering,100,20
doi:10.1109/conisoft55708.2022.00033,2022,ss:00025f8caf92b2e737027790b36c82208d9c1ac7,"Circuit Breakers, Discovery, and API Gateways in Microservices",2016,arXiv.org,99,21
doi:10.1109/conisoft55708.2022.00033,2022,doi:10.1007/s11227-018-2345-2,Resource optimization of container orchestration: a case study in multi-cloud microservices-based applications,2018,Journal of Supercomputing,97,22
doi:10.1109/conisoft55708.2022.00033,2022,doi:10.1109/icsa-c.2019.00041,"Microservices in Industry: Insights into Technologies, Characteristics, and Software Quality",2019,2019 IEEE International Conference on Software Architecture Companion (ICSA-C),94,23
doi:10.1109/conisoft55708.2022.00033,2022,doi:10.1109/icsaw.2017.48,Towards Recovering the Software Architecture of Microservice-Based Systems,2017,IEEE International Conference on Software Architecture Workshops,93,24
doi:10.1109/conisoft55708.2022.00033,2022,doi:10.1109/ms.2015.11,Microservices,2015,IEEE Software,92,25
doi:10.1109/conisoft55708.2022.00033,2022,doi:10.1002/spe.2704,SmartHerd management: A microservices‐based fog computing–assisted IoT platform towards data‐driven smart dairy farming,2019,"Software, Practice & Experience",92,26
doi:10.1109/conisoft55708.2022.00033,2022,doi:10.1109/jiot.2018.2792940,Microservices Scheduling Model Over Heterogeneous Cloud-Edge Environments As Support for IoT Applications,2018,IEEE Internet of Things Journal,88,27
doi:10.1109/conisoft55708.2022.00033,2022,doi:10.1109/isc2.2018.8656968,A Microservice-enabled Architecture for Smart Surveillance using Blockchain Technology,2018,2018 IEEE International Smart Cities Conference (ISC2),86,28
doi:10.1109/conisoft55708.2022.00033,2022,doi:10.1109/infocom.2018.8486300,Load Balancing Across Microservices,2018,IEEE Conference on Computer Communications,85,29
doi:10.1109/conisoft55708.2022.00033,2022,doi:10.1145/3485983.3494866,GRAF: a graph neural network based proactive resource allocation framework for SLO-oriented microservices,2021,Conference on Emerging Network Experiment and Technology,83,30
doi:10.1145/3528226.3528371,2022,ss:0174c967eeea5a0c1e8d389c790242cb07424b80,Building Microservices,2015,,793,1
doi:10.1145/3528226.3528371,2022,ss:09aaa85c6fe92ec2e894700dc2bab4d481c5b27d,FIRM: An Intelligent Fine-Grained Resource Management Framework for SLO-Oriented Microservices,2020,USENIX Symposium on Operating Systems Design and Implementation,350,2
doi:10.1145/3528226.3528371,2022,doi:10.1145/3338906.3338961,Latent error prediction and fault localization for microservice applications by learning from system trace logs,2019,ESEC/SIGSOFT FSE,263,3
doi:10.1145/3528226.3528371,2022,doi:10.1109/access.2019.2911732,"Container Security: Issues, Challenges, and the Road Ahead",2019,IEEE Access,245,4
doi:10.1145/3528226.3528371,2022,doi:10.1145/3501297,Anomaly Detection and Failure Root Cause Analysis in (Micro) Service-Based Cloud Applications: A Survey,2021,ACM Computing Surveys,233,5
doi:10.1145/3528226.3528371,2022,doi:10.1109/icsaw.2017.11,"Microservice Architectures for Scalability, Agility and Reliability in E-Commerce",2017,IEEE International Conference on Software Architecture Workshops,216,6
doi:10.1145/3528226.3528371,2022,doi:10.1016/j.jss.2019.01.001,Architecting with microservices: A systematic mapping study,2019,Journal of Systems and Software,207,7
doi:10.1145/3528226.3528371,2022,doi:10.1007/s10723-017-9419-x,Genetic Algorithm for Multi-Objective Optimization of Container Allocation in Cloud Architecture,2017,Journal of Grid Computing,183,8
doi:10.1145/3528226.3528371,2022,doi:10.1109/iwqos52092.2021.9521340,Practical Root Cause Localization for Microservice Systems via Trace Analysis,2021,International Workshop on Quality of Service,161,9
doi:10.1145/3528226.3528371,2022,doi:10.1109/mascots.2018.00030,"TeaStore: A Micro-Service Reference Application for Benchmarking, Modeling and Resource Management Research",2018,"IEEE/ACM International Symposium on Modeling, Analysis, and Simulation On Computer and Telecommunication Systems",146,10
doi:10.1145/3528226.3528371,2022,doi:10.52202/068431-2259,Root Cause Analysis of Failures in Microservices through Causal Discovery,2022,Neural Information Processing Systems,140,11
doi:10.1145/3528226.3528371,2022,doi:10.1109/icdcs.2016.11,Gremlin: Systematic Resilience Testing of Microservices,2016,IEEE International Conference on Distributed Computing Systems,136,12
doi:10.1145/3528226.3528371,2022,doi:10.1109/tpds.2021.3128037,Adaptive Resource Efficient Microservice Deployment in Cloud-Edge Continuum,2022,IEEE Transactions on Parallel and Distributed Systems,127,13
doi:10.1145/3528226.3528371,2022,doi:10.1109/ms.2017.24,"Microservices in Practice, Part 1: Reality Check and Service Design",2017,IEEE Software,123,14
doi:10.1145/3528226.3528371,2022,doi:10.1002/cpe.4436,A survey on security issues in services communication of Microservices‐enabled fog applications,2019,Concurrency and Computation,120,15
doi:10.1145/3528226.3528371,2022,doi:10.1109/ms.2018.2141035,Using Microservices for Legacy Software Modernization,2018,IEEE Software,114,17
doi:10.1145/3528226.3528371,2022,doi:10.1016/j.infsof.2021.106600,From Monolithic Systems to Microservices: An Assessment Framework,2019,Information and Software Technology,111,18
doi:10.1145/3528226.3528371,2022,doi:10.1109/cloud.2018.00148,Deploying Microservice Based Applications with Kubernetes: Experiments and Lessons Learned,2018,IEEE International Conference on Cloud Computing,102,19
doi:10.1145/3528226.3528371,2022,doi:10.1109/ase51524.2021.9678708,Groot: An Event-graph-based Approach for Root Cause Analysis in Industrial Settings,2021,International Conference on Automated Software Engineering,100,20
doi:10.1145/3528226.3528371,2022,ss:00025f8caf92b2e737027790b36c82208d9c1ac7,"Circuit Breakers, Discovery, and API Gateways in Microservices",2016,arXiv.org,99,21
doi:10.1145/3528226.3528371,2022,doi:10.1007/s11227-018-2345-2,Resource optimization of container orchestration: a case study in multi-cloud microservices-based applications,2018,Journal of Supercomputing,97,22
doi:10.1145/3528226.3528371,2022,doi:10.1109/icsa-c.2019.00041,"Microservices in Industry: Insights into Technologies, Characteristics, and Software Quality",2019,2019 IEEE International Conference on Software Architecture Companion (ICSA-C),94,23
doi:10.1145/3528226.3528371,2022,doi:10.1109/icsaw.2017.48,Towards Recovering the Software Architecture of Microservice-Based Systems,2017,IEEE International Conference on Software Architecture Workshops,93,24
doi:10.1145/3528226.3528371,2022,doi:10.1109/ms.2015.11,Microservices,2015,IEEE Software,92,25
doi:10.1145/3528226.3528371,2022,doi:10.1002/spe.2704,SmartHerd management: A microservices‐based fog computing–assisted IoT platform towards data‐driven smart dairy farming,2019,"Software, Practice & Experience",92,26
doi:10.1145/3528226.3528371,2022,doi:10.1109/jiot.2018.2792940,Microservices Scheduling Model Over Heterogeneous Cloud-Edge Environments As Support for IoT Applications,2018,IEEE Internet of Things Journal,88,27
doi:10.1145/3528226.3528371,2022,doi:10.1109/isc2.2018.8656968,A Microservice-enabled Architecture for Smart Surveillance using Blockchain Technology,2018,2018 IEEE International Smart Cities Conference (ISC2),86,28
doi:10.1145/3528226.3528371,2022,doi:10.1109/infocom.2018.8486300,Load Balancing Across Microservices,2018,IEEE Conference on Computer Communications,85,29
doi:10.1145/3528226.3528371,2022,doi:10.1145/3485983.3494866,GRAF: a graph neural network based proactive resource allocation framework for SLO-oriented microservices,2021,Conference on Emerging Network Experiment and Technology,83,30
doi:10.4236/ojapps.2024.149167,2024,ss:0174c967eeea5a0c1e8d389c790242cb07424b80,Building Microservices,2015,,793,1
doi:10.4236/ojapps.2024.149167,2024,ss:09aaa85c6fe92ec2e894700dc2bab4d481c5b27d,FIRM: An Intelligent Fine-Grained Resource Management Framework for SLO-Oriented Microservices,2020,USENIX Symposium on Operating Systems Design and Implementation,350,2
doi:10.4236/ojapps.2024.149167,2024,doi:10.1145/3338906.3338961,Latent error prediction and fault localization for microservice applications by learning from system trace logs,2019,ESEC/SIGSOFT FSE,263,3
doi:10.4236/ojapps.2024.149167,2024,doi:10.1109/access.2019.2911732,"Container Security: Issues, Challenges, and the Road Ahead",2019,IEEE Access,245,4
doi:10.4236/ojapps.2024.149167,2024,doi:10.1145/3501297,Anomaly Detection and Failure Root Cause Analysis in (Micro) Service-Based Cloud Applications: A Survey,2021,ACM Computing Surveys,233,5
doi:10.4236/ojapps.2024.149167,2024,doi:10.1109/icsaw.2017.11,"Microservice Architectures for Scalability, Agility and Reliability in E-Commerce",2017,IEEE International Conference on Software Architecture Workshops,216,6
doi:10.4236/ojapps.2024.149167,2024,doi:10.1016/j.jss.2019.01.001,Architecting with microservices: A systematic mapping study,2019,Journal of Systems and Software,207,7
doi:10.4236/ojapps.2024.149167,2024,doi:10.1007/s10723-017-9419-x,Genetic Algorithm for Multi-Objective Optimization of Container Allocation in Cloud Architecture,2017,Journal of Grid Computing,183,8
doi:10.4236/ojapps.2024.149167,2024,doi:10.1109/iwqos52092.2021.9521340,Practical Root Cause Localization for Microservice Systems via Trace Analysis,2021,International Workshop on Quality of Service,161,9
doi:10.4236/ojapps.2024.149167,2024,doi:10.1109/mascots.2018.00030,"TeaStore: A Micro-Service Reference Application for Benchmarking, Modeling and Resource Management Research",2018,"IEEE/ACM International Symposium on Modeling, Analysis, and Simulation On Computer and Telecommunication Systems",146,10
doi:10.4236/ojapps.2024.149167,2024,doi:10.52202/068431-2259,Root Cause Analysis of Failures in Microservices through Causal Discovery,2022,Neural Information Processing Systems,140,11
doi:10.4236/ojapps.2024.149167,2024,doi:10.1109/icdcs.2016.11,Gremlin: Systematic Resilience Testing of Microservices,2016,IEEE International Conference on Distributed Computing Systems,136,12
doi:10.4236/ojapps.2024.149167,2024,doi:10.1109/tpds.2021.3128037,Adaptive Resource Efficient Microservice Deployment in Cloud-Edge Continuum,2022,IEEE Transactions on Parallel and Distributed Systems,127,13
doi:10.4236/ojapps.2024.149167,2024,doi:10.1109/ms.2017.24,"Microservices in Practice, Part 1: Reality Check and Service Design",2017,IEEE Software,123,14
doi:10.4236/ojapps.2024.149167,2024,doi:10.1002/cpe.4436,A survey on security issues in services communication of Microservices‐enabled fog applications,2019,Concurrency and Computation,120,15
doi:10.4236/ojapps.2024.149167,2024,doi:10.1016/j.iot.2023.100784,FedSDM: Federated learning based smart decision making module for ECG data in IoT integrated Edge-Fog-Cloud computing environments,2023,Internet of Things,117,16
doi:10.4236/ojapps.2024.149167,2024,doi:10.1109/ms.2018.2141035,Using Microservices for Legacy Software Modernization,2018,IEEE Software,114,17
doi:10.4236/ojapps.2024.149167,2024,doi:10.1016/j.infsof.2021.106600,From Monolithic Systems to Microservices: An Assessment Framework,2019,Information and Software Technology,111,18
doi:10.4236/ojapps.2024.149167,2024,doi:10.1109/cloud.2018.00148,Deploying Microservice Based Applications with Kubernetes: Experiments and Lessons Learned,2018,IEEE International Conference on Cloud Computing,102,19
doi:10.4236/ojapps.2024.149167,2024,doi:10.1109/ase51524.2021.9678708,Groot: An Event-graph-based Approach for Root Cause Analysis in Industrial Settings,2021,International Conference on Automated Software Engineering,100,20
doi:10.4236/ojapps.2024.149167,2024,ss:00025f8caf92b2e737027790b36c82208d9c1ac7,"Circuit Breakers, Discovery, and API Gateways in Microservices",2016,arXiv.org,99,21
doi:10.4236/ojapps.2024.149167,2024,doi:10.1007/s11227-018-2345-2,Resource optimization of container orchestration: a case study in multi-cloud microservices-based applications,2018,Journal of Supercomputing,97,22
doi:10.4236/ojapps.2024.149167,2024,doi:10.1109/icsa-c.2019.00041,"Microservices in Industry: Insights into Technologies, Characteristics, and Software Quality",2019,2019 IEEE International Conference on Software Architecture Companion (ICSA-C),94,23
doi:10.4236/ojapps.2024.149167,2024,doi:10.1109/icsaw.2017.48,Towards Recovering the Software Architecture of Microservice-Based Systems,2017,IEEE International Conference on Software Architecture Workshops,93,24
doi:10.4236/ojapps.2024.149167,2024,doi:10.1109/ms.2015.11,Microservices,2015,IEEE Software,92,25
doi:10.4236/ojapps.2024.149167,2024,doi:10.1002/spe.2704,SmartHerd management: A microservices‐based fog computing–assisted IoT platform towards data‐driven smart dairy farming,2019,"Software, Practice & Experience",92,26
doi:10.4236/ojapps.2024.149167,2024,doi:10.1109/jiot.2018.2792940,Microservices Scheduling Model Over Heterogeneous Cloud-Edge Environments As Support for IoT Applications,2018,IEEE Internet of Things Journal,88,27
doi:10.4236/ojapps.2024.149167,2024,doi:10.1109/isc2.2018.8656968,A Microservice-enabled Architecture for Smart Surveillance using Blockchain Technology,2018,2018 IEEE International Smart Cities Conference (ISC2),86,28
doi:10.4236/ojapps.2024.149167,2024,doi:10.1109/infocom.2018.8486300,Load Balancing Across Microservices,2018,IEEE Conference on Computer Communications,85,29
doi:10.4236/ojapps.2024.149167,2024,doi:10.1145/3485983.3494866,GRAF: a graph neural network based proactive resource allocation framework for SLO-oriented microservices,2021,Conference on Emerging Network Experiment and Technology,83,30
doi:10.17081/invinno.9.3.5314,2021,ss:0174c967eeea5a0c1e8d389c790242cb07424b80,Building Microservices,2015,,793,1
doi:10.17081/invinno.9.3.5314,2021,ss:09aaa85c6fe92ec2e894700dc2bab4d481c5b27d,FIRM: An Intelligent Fine-Grained Resource Management Framework for SLO-Oriented Microservices,2020,USENIX Symposium on Operating Systems Design and Implementation,350,2
doi:10.17081/invinno.9.3.5314,2021,doi:10.1145/3338906.3338961,Latent error prediction and fault localization for microservice applications by learning from system trace logs,2019,ESEC/SIGSOFT FSE,263,3
doi:10.17081/invinno.9.3.5314,2021,doi:10.1109/access.2019.2911732,"Container Security: Issues, Challenges, and the Road Ahead",2019,IEEE Access,245,4
doi:10.17081/invinno.9.3.5314,2021,doi:10.1145/3501297,Anomaly Detection and Failure Root Cause Analysis in (Micro) Service-Based Cloud Applications: A Survey,2021,ACM Computing Surveys,233,5
doi:10.17081/invinno.9.3.5314,2021,doi:10.1109/icsaw.2017.11,"Microservice Architectures for Scalability, Agility and Reliability in E-Commerce",2017,IEEE International Conference on Software Architecture Workshops,216,6
doi:10.17081/invinno.9.3.5314,2021,doi:10.1007/s10723-017-9419-x,Genetic Algorithm for Multi-Objective Optimization of Container Allocation in Cloud Architecture,2017,Journal of Grid Computing,183,8
doi:10.17081/invinno.9.3.5314,2021,doi:10.1109/iwqos52092.2021.9521340,Practical Root Cause Localization for Microservice Systems via Trace Analysis,2021,International Workshop on Quality of Service,161,9
doi:10.17081/invinno.9.3.5314,2021,doi:10.1109/mascots.2018.00030,"TeaStore: A Micro-Service Reference Application for Benchmarking, Modeling and Resource Management Research",2018,"IEEE/ACM International Symposium on Modeling, Analysis, and Simulation On Computer and Telecommunication Systems",146,10
doi:10.17081/invinno.9.3.5314,2021,doi:10.1109/icdcs.2016.11,Gremlin: Systematic Resilience Testing of Microservices,2016,IEEE International Conference on Distributed Computing Systems,136,12
doi:10.17081/invinno.9.3.5314,2021,doi:10.1109/ms.2017.24,"Microservices in Practice, Part 1: Reality Check and Service Design",2017,IEEE Software,123,14
doi:10.17081/invinno.9.3.5314,2021,doi:10.1002/cpe.4436,A survey on security issues in services communication of Microservices‐enabled fog applications,2019,Concurrency and Computation,120,15
doi:10.17081/invinno.9.3.5314,2021,doi:10.1109/ms.2018.2141035,Using Microservices for Legacy Software Modernization,2018,IEEE Software,114,17
doi:10.17081/invinno.9.3.5314,2021,doi:10.1109/cloud.2018.00148,Deploying Microservice Based Applications with Kubernetes: Experiments and Lessons Learned,2018,IEEE International Conference on Cloud Computing,102,19
doi:10.17081/invinno.9.3.5314,2021,doi:10.1109/ase51524.2021.9678708,Groot: An Event-graph-based Approach for Root Cause Analysis in Industrial Settings,2021,International Conference on Automated Software Engineering,100,20
doi:10.17081/invinno.9.3.5314,2021,ss:00025f8caf92b2e737027790b36c82208d9c1ac7,"Circuit Breakers, Discovery, and API Gateways in Microservices",2016,arXiv.org,99,21
doi:10.17081/invinno.9.3.5314,2021,doi:10.1007/s11227-018-2345-2,Resource optimization of container orchestration: a case study in multi-cloud microservices-based applications,2018,Journal of Supercomputing,97,22
doi:10.17081/invinno.9.3.5314,2021,doi:10.1109/icsa-c.2019.00041,"Microservices in Industry: Insights into Technologies, Characteristics, and Software Quality",2019,2019 IEEE International Conference on Software Architecture Companion (ICSA-C),94,23
doi:10.17081/invinno.9.3.5314,2021,doi:10.1109/icsaw.2017.48,Towards Recovering the Software Architecture of Microservice-Based Systems,2017,IEEE International Conference on Software Architecture Workshops,93,24
doi:10.17081/invinno.9.3.5314,2021,doi:10.1109/ms.2015.11,Microservices,2015,IEEE Software,92,25
doi:10.17081/invinno.9.3.5314,2021,doi:10.1002/spe.2704,SmartHerd management: A microservices‐based fog computing–assisted IoT platform towards data‐driven smart dairy farming,2019,"Software, Practice & Experience",92,26
doi:10.17081/invinno.9.3.5314,2021,doi:10.1109/jiot.2018.2792940,Microservices Scheduling Model Over Heterogeneous Cloud-Edge Environments As Support for IoT Applications,2018,IEEE Internet of Things Journal,88,27
doi:10.17081/invinno.9.3.5314,2021,doi:10.1109/isc2.2018.8656968,A Microservice-enabled Architecture for Smart Surveillance using Blockchain Technology,2018,2018 IEEE International Smart Cities Conference (ISC2),86,28
doi:10.17081/invinno.9.3.5314,2021,doi:10.1109/infocom.2018.8486300,Load Balancing Across Microservices,2018,IEEE Conference on Computer Communications,85,29
doi:10.17081/invinno.9.3.5314,2021,doi:10.1145/3485983.3494866,GRAF: a graph neural network based proactive resource allocation framework for SLO-oriented microservices,2021,Conference on Emerging Network Experiment and Technology,83,30
