paper_key,bucket,year,citationCount,title,venue,abstract_excerpt,KEEP_OR_DROP
doi:10.1016/j.chb.2014.10.046,A,2015,511,A systematic literature review on agile requirements engineering practices and challenges,Computers in Human Behavior,,
doi:10.1016/j.infsof.2014.02.001,A,2014,411,A systematic literature review of software requirements prioritization research,Information and Software Technology,,
doi:10.1109/re.2006.17,A,2006,363,Effectiveness of Requirements Elicitation Techniques: Empirical Results Derived from a Systematic Review,IEEE International Requirements Engineering Conference,,
doi:10.1016/j.csi.2016.08.011,A,2017,325,Agile Requirements Engineering: A systematic literature review,Comput. Stand. Interfaces,"Abstract Nowadays, Agile Software Development (ASD) is used to cope with increasing complexity in system development. Hybrid development models, with the integration of User-Centered Design (UCD), are applied with the aim to deliver competitive products with a suitable User Experience (UX). Therefore, stakeholder and u…",
doi:10.1016/j.csi.2010.01.006,A,2010,220,A systematic review of security requirements engineering,Comput. Stand. Interfaces,,
doi:10.1007/s00766-015-0222-6,A,2015,208,Applications of ontologies in requirements engineering: a systematic review of the literature,Requirements Engineering,,
ss:543abfa0999008690c095810ceba065ee074e810,A,2020,205,Natural Language Processing for Requirements Engineering: A Systematic Mapping Study,,,
doi:10.1007/s00766-017-0280-z,A,2017,196,Goal-oriented requirements engineering: an extended systematic mapping study,Requirements Engineering,"Over the last two decades, much attention has been paid to the area of goal-oriented requirements engineering (GORE), where goals are used as a useful conceptualization to elicit, model, and analyze requirements, capturing alternatives and conflicts. Goal modeling has been adapted and applied to many sub-topics within …",
doi:10.1016/j.eswa.2019.02.031,A,2019,192,A review of machine learning algorithms for identification and classification of non-functional requirements,Expert Systems with Applications: X,Abstract Context Recent developments in requirements engineering (RE) methods have seen a surge in using machine-learning (ML) algorithms to solve some difficult RE problems. One such problem is identification and classification of non-functional requirements (NFRs) in requirements documents. ML-based approaches to thi…,
doi:10.1145/3444689,A,2021,185,Natural Language Processing for Requirements Engineering,ACM Computing Surveys,"Natural Language Processing for Requirements Engineering (NLP4RE) is an area of research and development that seeks to apply natural language processing (NLP) techniques, tools, and resources to the requirements engineering (RE) process, to support human analysts to carry out various linguistic analysis tasks on textua…",
doi:10.1016/j.jss.2012.04.075,A,2012,156,A systematic literature review of stakeholder identification methods in requirements elicitation,Journal of Systems and Software,,
doi:10.1007/s00766-013-0192-5,A,2013,146,Requirements engineering education: a systematic mapping study,Requirements Engineering,,
doi:10.1049/iet-sen.2017.0144,A,2018,126,Requirements elicitation techniques: a systematic literature review based on the maturity of the techniques,IET Software,"Requirements elicitation is a critical activity that forms part of the requirements engineering process because it has to discover what the software must do through a solid understanding of the wishes and needs of the various stakeholders and to transform them into software requirements. However, in spite of its releva…",
doi:10.1007/978-3-642-16129-2_16,A,2010,114,A systematic review of the use of requirements engineering techniques in model-driven development,ACM/IEEE International Conference on Model Driven Engineering Languages and Systems,,
doi:10.1007/s00766-009-0080-1,A,2009,101,Technology transfer decision support in requirements engineering research: a systematic review of REj,Requirements Engineering,,
doi:10.48550/arxiv.2212.10693,A,2022,98,Requirements Engineering for Artificial Intelligence Systems: A Systematic Mapping Study,Information and Software Technology,"[Context] In traditional software systems, Requirements Engineering (RE) activities are well-established and researched. However, building Artificial Intelligence (AI) based software with limited or no insight into the system's inner workings poses significant new challenges to RE. Existing literature has focused on us…",
doi:10.1016/j.infsof.2016.04.002,A,2016,93,Requirements engineering for safety-critical systems: A systematic literature review,Information and Software Technology,,
doi:10.1007/s42979-020-00416-4,A,2021,91,Data-Driven Requirements Elicitation: A Systematic Literature Review,SN Computer Science,"Requirements engineering has traditionally been stakeholder-driven. In addition to domain knowledge, widespread digitalization has led to the generation of vast amounts of data (Big Data) from heterogeneous digital sources such as the Internet of Things (IoT), mobile devices, and social networks. The digital transforma…",
doi:10.1142/s021819401250009x,A,2012,88,Requirements Traceability: a Systematic Review and Industry Case Study,International journal of software engineering and knowledge engineering,,
doi:10.1016/j.csi.2019.103409,A,2020,82,Perspectives on risks and standards that affect the requirements engineering of blockchain technology,Comput. Stand. Interfaces,"Abstract Blockchain aims to transform businesses and other forms of transactions from a centralized, human-based to a shared, algorithm-based trust model, which enables a new risk management paradigm. Misaligned incentives in different principal – agent scenarios are important risk factors from governance point of view…",
doi:10.1016/j.jss.2016.11.031,A,2017,78,Integration between requirements engineering and safety analysis: A systematic literature review,Journal of Systems and Software,,
doi:10.1007/s00766-015-0220-8,A,2015,74,Reusable knowledge in security requirements engineering: a systematic mapping study,Requirements Engineering,"Security is a concern that must be taken into consideration starting from the early stages of system development. Over the last two decades, researchers and engineers have developed a considerable number of methods for security requirements engineering. Some of them rely on the (re)use of security knowledge. Despite so…",
ss:2daf52cd7155b44ff36ef3be8bacb12ec0419f43,A,2009,71,The effectiveness of requirements prioritization techniques for a medium to large number of requirements: a systematic literature review,,,
doi:10.1007/s00766-022-00381-9,A,2022,70,A systematic literature review of requirements engineering education,Requirements Engineering,Requirements engineering (RE) has established itself as a core software engineering discipline. It is well acknowledged that good RE leads to higher quality software and considerably reduces the risk of failure or budget-overspending of software development projects. It is of vital importance to train future software e…,
doi:10.1016/j.jss.2019.110396,A,2019,64,Leveraging creativity in requirements elicitation within agile software development: a systematic literature review,Journal of Systems and Software,"Agile approaches tend to focus solely on scoping and simplicity rather than on problem solving and discovery. This hampers the development of innovative solutions. Additionally, little has been said about how to capture and represent the real user needs. To fill this gap, some authors argue in favor of the application …",
doi:10.17632/zs9vkk7sb7.1,A,2020,63,Natural Language Processing (NLP) for Requirements Engineering: A Systematic Mapping Study,arXiv.org,"Natural language processing supported requirements engineering is an area of research and development that seeks to apply NLP techniques, tools and resources to a variety of requirements documents or artifacts to support a range of linguistic analysis tasks performed at various RE phases. Such tasks include detecting l…",
doi:10.1109/tse.2021.3051898,A,2021,57,The Effects of Human Aspects on the Requirements Engineering Process: A Systematic Literature Review,IEEE Transactions on Software Engineering,"Requirements Engineering (RE) requires the collaboration of various roles in SE, such as requirements engineers, stakeholders and other developers, and it is thus a very highly human dependent process in software engineering (SE). Identifying how “human aspects” – such as personality, motivation, emotions, communicatio…",
doi:10.1145/2245276.2231945,A,2012,57,A systematic mapping study on creativity in requirements engineering,ACM Symposium on Applied Computing,,
doi:10.1007/978-3-319-16101-3_22,A,2015,55,A Systematic Literature Review of Requirements Prioritization Criteria,Requirements Engineering: Foundation for Software Quality,,
doi:10.1016/j.jss.2018.09.001,A,2018,52,Requirements traceability technologies and technology transfer decision support: A systematic review,Journal of Systems and Software,"Abstract Requirements traceability (RT) is a core activity in Requirements Engineering. Various types of RT technologies have been extensively studied for decades. In this paper, we present a systematic literature review from 114 papers between 2006 and 2016 on RT techniques. We summarized 10 major challenges in curren…",
doi:10.1109/re51729.2021.00008,A,2021,52,What’s up with Requirements Engineering for Artificial Intelligence Systems?,IEEE International Requirements Engineering Conference,"In traditional approaches to building software systems (that do not include an Artificial Intelligent (AI) or Machine Learning (ML) component), Requirements Engineering (RE) activities are well-established and researched. However, building software systems with one or more AI components may depend heavily on data with …",
ss:a32d839006bf717f722d9888112b4d26aec55532,A,2017,52,A SYSTEMATIC LITERATURE REVIEW ABOUT SOFTWARE REQUIREMENTS ELICITATION,,,
doi:10.1109/access.2018.2874981,A,2018,51,A Systematic Study on Software Requirements Elicitation Techniques and its Challenges in Mobile Application Development,IEEE Access,"Software Requirements Engineering has paved its roots in both industry and academia, as today’s complex systems are programmed to provide efficient user-centric functionalities. This also refers to the emergence of challenges in Requirements Elicitation techniques, approaches, and tools while performing them. Particula…",
doi:10.3390/electronics13112055,A,2024,50,A Systematic Literature Review on Using Natural Language Processing in Software Requirements Engineering,Electronics,"This systematic literature review examines the integration of natural language processing (NLP) in software requirements engineering (SRE) from 1991 to 2023. Focusing on the enhancement of software requirement processes through technological innovation, this study spans an extensive array of scholarly articles, confere…",
doi:10.1109/seaa53835.2021.00013,A,2021,49,Requirements Engineering for Machine Learning: A Systematic Mapping Study,EUROMICRO Conference on Software Engineering and Advanced Applications,"Machine learning (ML) has become a core feature for today’s real-world applications, making it a trending topic for the software engineering community. Requirements Engineering (RE) is no stranger to this and its main conferences have included workshops aiming at discussing RE in the context of ML. However, current res…",
doi:10.1109/re.2016.61,A,2016,46,Requirements Engineering Visualization: A Systematic Literature Review,IEEE International Requirements Engineering Conference,,
doi:10.4018/jitr.2018010104,A,2017,43,A Systematic Mapping Study on Requirements Engineering in Software Ecosystems,Journal of Information Technology Research,Software ecosystems (SECOs) and open innovation processes have been claimed as a way forward for the software industry. A proper understanding of requirements is as important for SECOs as for more traditional ones. This article presents a mapping study on the issues of RE and quality aspects in SECOs. Our findings indi…,
doi:10.1007/s00766-023-00411-0,A,2024,42,Advances in automated support for requirements engineering: a systematic literature review,Requirements Engineering,"Requirements Engineering (RE) has undergone several transitions over the years, from traditional methods to agile approaches emphasising increased automation. In many software development projects, requirements are expressed in natural language and embedded within large volumes of text documents. At the same time, RE a…",
doi:10.1007/s00766-019-00326-9,A,2019,41,Cultural influence on requirements engineering activities: a systematic literature review and analysis,Requirements Engineering,,
doi:10.1109/empire.2013.6615215,A,2013,41,Requirements prioritization in software engineering: A systematic mapping study,2013 3rd International Workshop on Empirical Requirements Engineering (EmpiRE),,
doi:10.1016/j.infsof.2023.107264,A,2023,40,Use of personas in Requirements Engineering: A systematic mapping study,Information and Software Technology,,
doi:10.1002/spe.70029,A,2024,39,Generative AI for Requirements Engineering: A Systematic Literature Review,"Software, Practice & Experience","Requirements engineering (RE) faces challenges due to the handling of increasingly complex software systems. These challenges can be addressed using generative artificial intelligence (GenAI). Given that GenAI‐based RE has not been systematically analyzed in detail, this review examines the related research, focusing o…",
ss:35d6a991d7972e05161b047c14f4225351fb2a20,A,2006,39,A Systematic Review of Software Requirements Prioritization,,,
doi:10.1109/seaa.2018.00080,A,2018,39,A Systematic Mapping Study on Security in Agile Requirements Engineering,EUROMICRO Conference on Software Engineering and Advanced Applications,"[Background] The rapidly changing business environments in which many companies operate is challenging traditional Requirements Engineering (RE) approaches. This gave rise to agile approaches for RE. Security, at the same time, is an essential non-functional requirement that still tends to be difficult to address in ag…",
doi:10.1109/svr.2013.52,A,2013,37,The Relationship between Requirements Engineering and Virtual Reality Systems: A Systematic Literature Review,2013 XV Symposium on Virtual and Augmented Reality,,
doi:10.3390/app10176125,A,2020,36,Requirements Engineering in Software Startups: A Systematic Mapping Study,Applied Sciences,"Startups have high failure rates due to their inability to attain a sufficient product/market fit, i.e., delivering a solution that best matches the user needs in the market. Requirement engineering is the activity that could help startup teams identify the value proposition that provides high value to the users and co…",
doi:10.1002/smr.2199,A,2019,36,A systematic mapping study on crowdsourced requirements engineering using user feedback,J. Softw. Evol. Process.,"Crowdsourcing is an appealing concept for achieving good enough requirements and just‐in‐time requirements engineering (RE). A promising form of crowdsourcing in RE is the use of feedback on software systems, generated through a large network of anonymous users of these systems over a period of time. Prior research ind…",
doi:10.1109/access.2018.2840322,A,2018,36,A Readiness Model for Security Requirements Engineering,IEEE Access,The focus on secure software development has been growing steadily in all phases of the software development life cycle. Security awareness in the requirements engineering stage of software development is important in building secure software. One of the major issues faced by the software industry is that many organiza…,
doi:10.1109/access.2021.3064424,A,2021,34,A Qualitative Study on Non-Functional Requirements in Agile Software Development,IEEE Access,"Context: Widespread use of agile software development (ASD) methods can be observed nowadays. Non-functional requirements (NFRs) are often reported to be a problematic issue for agile projects, since ASD methods tend to neglect NFRs while focusing on incremental delivery of functional features. Despite that, only very …",
doi:10.1007/s00766-023-00402-1,A,2023,34,Requirements engineering for sustainable software systems: a systematic mapping study,Requirements Engineering,"Various approaches toward the development of sustainable software systems have been proposed by the requirements engineering community over the last decade. We conducted a systematic mapping study, analyzed 55 publications, and identified 29 approaches that have been published since the year 2000. We analyzed how the a…",
doi:10.1109/empire.2014.6890110,A,2014,33,Systematic reviews in requirements engineering: A tertiary study,2014 IEEE 4th International Workshop on Empirical Requirements Engineering (EmpiRE),,
doi:10.1007/s00766-022-00382-8,A,2022,33,Privacy requirements elicitation: a systematic literature review and perception analysis of IT practitioners,Requirements Engineering,,
doi:10.1109/quatic.2018.00025,A,2018,32,Gamification in Requirements Engineering: A Systematic Review,Quality of Information and Communications Technology,"Gamification has been applied to a large diversity of settings in recent years, with encouraging and promising results. In the Software Engineering context, there are some research works that focused on the application of gamification in Requirements Engineering that need to be better analyzed and understood. Does gami…",
doi:10.1016/j.cose.2020.101852,A,2020,32,A maturity model for secure requirements engineering,Computers & security,Abstract Security is considered to be a critical software quality attribute. Tackling security at the requirements phase helps to avoid the need to rework secure software development issues. The aim of this paper is to develop a Requirements Engineering (RE) Security Maturity Model (RESMM) to assist software developmen…,
doi:10.3390/info14060322,A,2023,32,Agile Software Requirements Engineering Challenges-Solutions - A Conceptual Framework from Systematic Literature Review,Inf.,"Agile software requirements engineering processes enable quick responses to reflect changes in the client’s software requirements. However, there are challenges associated with agile requirements engineering processes, which hinder fast, sustainable software development. Research addressing the challenges with availabl…",
doi:10.1109/iciev.2012.6317443,A,2012,31,A systematic review on creativity techniques for requirements engineering,"International Conference on Informatics, Electronics and Vision",,
doi:10.1109/access.2018.2874096,A,2018,30,On the Risks and Safeguards for Requirements Engineering in Global Software Development: Systematic Literature Review and Quantitative Assessment,IEEE Access,"Requirements engineering (RE) is a critical process in software development which faces important risks when performed in a global software development (GSD) setting. Some of these risks are specific to GSD, while others also appear in co-localized environments but are aggravated in GSD. A systematic literature review …",
doi:10.1109/mysec.2014.6985985,A,2014,30,Requirements prioritization techniques and different aspects for prioritization a systematic literature review protocol,2014 8th. Malaysian Software Engineering Conference (MySEC),,
doi:10.1007/s00766-024-00432-3,A,2024,29,"How mature is requirements engineering for AI-based systems? A systematic mapping study on practices, challenges, and future research directions",Requirements Engineering,"Artificial intelligence (AI) permeates all fields of life, which resulted in new challenges in requirements engineering for artificial intelligence (RE4AI), e.g., the difficulty in specifying and validating requirements for AI or considering new quality requirements due to emerging ethical implications. It is currently…",
doi:10.1145/2601248.2601257,A,2014,27,"Software paradigms, assessment types and non-functional requirements in model-based integration testing: a systematic literature review",International Conference on Evaluation & Assessment in Software Engineering,,
doi:10.1109/sbes.2014.13,A,2014,26,A Systematic Review on the Use of Ontologies in Requirements Engineering,Brazilian Symposium on Software Engineering,,
doi:10.1007/s00766-022-00391-7,A,2022,25,Guidelines adopted by agile teams in privacy requirements elicitation after the Brazilian general data protection law (LGPD) implementation,Requirements Engineering,"The Brazilian General Data Protection Law (LGPD) implementation has impacted activities carried out by the software development teams. Due to it, developers had to become aware of the existing techniques and tools to carry out privacy requirements elicitation. Extending our previous work, we have investigated the actio…",
doi:10.1109/re51729.2021.00030,A,2021,24,A Survey of Instructional Approaches in the Requirements Engineering Education Literature,IEEE International Requirements Engineering Conference,"Requirements engineering (RE) has established itself as a core software engineering discipline. It is well acknowledged that good RE leads to higher quality software and considerably reduces the risk of failure or exceeding budgets of software development projects. Therefore, it is of vital importance to train future s…",
ss:1cfef5e49996f3063124c1a8b5804a56c43dc84e,A,2015,24,Requirements Engineering in Agile Projects: A Systematic Mapping based in Evidences of Industry,Conferencia Iberoamericana de Software Engineering,,
doi:10.1007/s00766-024-00423-4,A,2024,24,Understanding the GDPR from a requirements engineering perspective—a systematic mapping study on regulatory data protection requirements,Requirements Engineering,"Data protection compliance is critical from a requirements engineering (RE) perspective, both from a software development lifecycle (SDLC) perspective and regulatory compliance. Not including these requirements from the early phases of the SDLC can prove costly and challenging afterward. The general data protection reg…",
doi:10.1109/icse-companion52605.2021.00137,A,2021,24,"NLP for Requirements Engineering: Tasks, Techniques, Tools, and Technologies",2021 IEEE/ACM 43rd International Conference on Software Engineering: Companion Proceedings (ICSE-Companion),"Requirements engineering (RE) is one of the most natural language-intensive fields within the software engineering area. Therefore, several works have been developed across the years to automate the analysis of natural language artifacts that are relevant for RE, including requirements documents, but also app reviews, …",
doi:10.1109/re51729.2021.00013,A,2021,24,Agile Teams’ Perception in Privacy Requirements Elicitation: LGPD’s compliance in Brazil,IEEE International Requirements Engineering Conference,"Context: The implementation of the Brazilian General Data Protection Law (LGPD) may impact activities carried out by the software development teams. It is necessary for developers to know the existing techniques and tools to carry out privacy requirements elicitation. Objectives: In this research, we investigated the p…",
ss:c30257a70e120e62005b45258a367dbd47f2ac23,A,2008,24,Updating a Systematic Review about Selection of Software Requirements Elicitation Techniques,Workshop em Engenharia de Requisitos,Quality of software producis is closely related to the elicitation requirement process. Several studies point out that elicitation techniques achieve different results when applied in different contexts. This paper presents some recommendations about the situations in which elicitation techniques are useful. Recommenda…,
doi:10.5220/0001995403630366,A,2009,23,A Systematic Literature Review of Requirements Engineering in Distributed Software Development Environments,International Conference on Enterprise Information Systems,"On analyzing the main characteristics of Distributed Software Development (DSD) phenomenon, we can notice that they particularly affect Requirements Engineering (RE). With the evolution of this phenomenon, the result is an increasing in the existent literature. For this reason, in this paper we report from a systematic…",
doi:10.1109/access.2021.3076921,A,2021,23,Exploring Automated GDPR-Compliance in Requirements Engineering: A Systematic Mapping Study,IEEE Access,"The General Data Protection Regulation (GDPR), adopted in 2018, profoundly impacts information processing organizations as they must comply with this regulation. In this research, we consider GDPR-compliance as a high-level goal in software development that should be addressed at the outset of software development, mea…",
doi:10.1109/icssp.2012.6225965,A,2012,23,Systematic mapping of recommendation systems for requirements engineering,International Conference on Software and Systems Process,,
doi:10.1007/978-3-030-67084-9_6,A,2021,23,A Systematic Literature Review on Implementing Non-functional Requirements in Agile Software Development: Issues and Facilitating Practices,International Conference on Lean and Agile Software Development,,
doi:10.1016/j.infsof.2024.107622,A,2024,22,Systematic Mapping Study on Requirements Engineering for Regulatory Compliance of Software Systems,Information and Software Technology,"Context: As the diversity and complexity of regulations affecting Software-Intensive Products and Services (SIPS) is increasing, software engineers need to address the growing regulatory scrutiny. As with any other non-negotiable requirements, SIPS compliance should be addressed early in SIPS engineering - i.e., during…",
doi:10.1109/access.2020.2979468,A,2020,22,A Systematic Study to Improve the Requirements Engineering Process in the Domain of Global Software Development,IEEE Access,"The software organizations are outsourcing their development activities across the geographical border due to huge business gains. However, the adoption of the global software development (GSD) paradigm is not straightforward; various challenges are associated with it, particularly related to the requirements engineeri…",
doi:10.1007/978-3-642-04394-9_62,A,2009,22,Requirements Engineering in the Development of Multi-Agent Systems: A Systematic Review,Ideal,,
doi:10.1109/access.2023.3343252,A,2023,22,A Systematic Literature Review of AI-Based Software Requirements Prioritization Techniques,IEEE Access,"Software requirements show what the customer desires his software to do. They are the first stepping stone towards a successful software development project. With the increasing complexity of the software due to its size and feature base, it is vital to prioritize the requirements for efficient utilization of developme…",
doi:10.1016/j.csi.2017.12.001,A,2017,21,Software patterns and requirements engineering activities in real-world settings: A systematic mapping study,Comput. Stand. Interfaces,,
doi:10.1007/s13369-019-04067-3,A,2019,20,A Systematic Review and Analytical Evaluation of Security Requirements Engineering Approaches,The Arabian journal for science and engineering,,
doi:10.3390/app12157582,A,2022,19,Requirements Engineering for Internet of Things (loT) Software Systems Development: A Systematic Mapping Study,Applied Sciences,"The Internet of Things (IoT) paradigm is growing, affecting human life and aiming to solve problems in the real world, i.e., in education, healthcare, smart homes, intelligent transportation, and other areas. However, it is a fact that the development of IoT systems is complicated compared to that of traditional softwa…",
doi:10.3390/su13126748,A,2021,19,Reliable Requirements Engineering Practices for COVID-19 Using Blockchain,Sustainability,"Improvement in the requirements for engineering practices is needed in areas such as requirement elicitation, validation, prioritization, and negotiations between stakeholders to create successful projects for COVID-19 (coronavirus disease 2019) software. Many algorithms and techniques are used to create quality softwa…",
doi:10.48550/arxiv.2509.11446,A,2025,19,Large Language Models (LLMs) for Requirements Engineering (RE): A Systematic Literature Review,arXiv.org,"Large Language Models (LLMs) are finding applications in numerous domains, and Requirements Engineering (RE) is increasingly benefiting from their capabilities to assist with complex, language-intensive tasks. This paper presents a systematic literature review of 74 primary studies published between 2023 and 2024, exam…",
ss:89cd1afffc4d13fdbd3a0e9f70a4040abe23c13b,A,2016,19,Ontologies for Privacy Requirements Engineering: A Systematic Literature Review,arXiv.org,"Privacy has been frequently identified as a main concern for system developers while dealing with/managing personal information. Despite this, most existing work on privacy requirements deals with them as a special case of security requirements. Therefore, key aspects of privacy are, usually, overlooked. In this contex…",
doi:10.1145/3507903,A,2022,19,Dynamic Testing Techniques of Non-functional Requirements in Mobile Apps: A Systematic Mapping Study,ACM Computing Surveys,"Context: The mobile app market is continually growing offering solutions to almost all aspects of people’s lives, e.g., healthcare, business, entertainment, as well as the stakeholders’ demand for apps that are more secure, portable, easy to use, among other non-functional requirements (NFRs). Therefore, manufacturers …",
doi:10.1109/fit.2018.00014,A,2018,18,A Systematic Literature Review: Software Requirements Prioritization Techniques,International Conference on Frontiers of Information Technology,Background: Requirement prioritization plays key role in software development process. It is essential to prioritize the requirements for making the correct decision for either a single or multiple release of a product. In this paper we performed a systematic analysis on some of the significant factors like importance …,
ss:d2bf80275cd1757877e1a3de57b36e098ccbab6a,A,2019,18,Requirements Prioritization Techniques Focusing on Agile Software Development: A Systematic Literature Review,,,
ss:08b53b8154ab037e88b92b36ce8d195ac79d045d,A,2017,17,Systematic Mapping Protocol: The impact of using software patterns during requirements engineering activities in real-world settings,arXiv.org,"This document details the planning phase of a Systematic Mapping Study (SMS). Our goal is to identify the software patterns used during the RE phase, in real-world setting (i.e., in real projects), not in academia (toy projects) and, to understand the impact of their application, in terms of different characteristics, …",
doi:10.3390/electronics13152989,A,2024,17,Systematic Review on Requirements Engineering in Quantum Computing: Insights and Future Directions,Electronics,"Context: Quantum software development is a complex and intricate process that diverges significantly from traditional software development. Quantum computing and quantum software are deeply entangled with quantum mechanics, which introduces a different level of abstraction and a deep dependence on quantum physical prop…",
doi:10.1109/conisoft50191.2020.00013,A,2020,15,Requirements Prioritization Techniques in the last decade: A Systematic Literature Review,2020 8th International Conference in Software Engineering Research and Innovation (CONISOFT),"Requirements Prioritization is an activity, part of Requirements Engineering, whose purpose is to determine the relevance that each requirement has within a software system to be developed. In order to conduct this activity, several requirements prioritization techniques have been proposed. However, companies and softw…",
doi:10.1007/s10845-021-01753-8,A,2021,15,A systematic mapping of semi-formal and formal methods in requirements engineering of industrial Cyber-Physical systems,Journal of Intelligent Manufacturing,,
doi:10.1049/iet-sen.2019.0190,A,2020,14,Factors influencing the requirements engineering process in offshore software development outsourcing environments,IET Software,Offshore software development outsourcing (OSDO) is one of the popular development paradigms in the software industry. There are a number of challenges associated with OSDO including the challenges related to requirements engineering (RE) process. The objective of this study is to identify success factors (SFs) associa…,
doi:10.1109/mysec.2014.6985987,A,2014,14,Systematic reviews in requirements engineering: A systematic review,2014 8th. Malaysian Software Engineering Conference (MySEC),,
doi:10.1145/3350768.3352584,A,2019,14,Requirements Engineering and Software Testing in Agile Methodologies: a Systematic Mapping,Brazilian Symposium on Software Engineering,"The insertion of agile practices in software development has increased exponentially. Both industry and academic staff constantly face challenges related to requirements specification and testing in this context. In this study, we conducted a systematic mapping of the literature to investigate the practices, strategies…",
doi:10.1145/3477314.3507004,A,2022,13,Requirements engineering for autonomous vehicles: a systematic literature review,ACM Symposium on Applied Computing,"Context: Autonomous Vehicles (AVs) will transform the way we live and work. Several benefits are envisaged, including: reduction in traffic deaths, drop in harmful emissions, improvement in fuel economy, reduction in travel time, and consumer savings. Indeed, the trend in the automobile industry is the development of A…",
doi:10.1109/tla.2020.9099757,A,2020,13,Seizing Requirements Engineering Issues through Supervised Learning Techniques,IEEE Latin America Transactions,"In recent years, the popularity of machine learning techniques has grown due to the availability of larges volumes of data and the increased processing capacity of computers. Despite the inherent value of these techniques, few studies have attempted to summarize how machine learning algorithms, especially supervised le…",
doi:10.1145/3439961.3439975,A,2020,13,Functional Requirements Elicitation in IoT Systems: a follow-up study,Brazilian Symposium on Software Quality,"As the Internet of Things (IoT) advances, specific views have been proposed for the entire software development cycle and also for Requirements Engineering (RE). The analysis of the use of RE techniques, tools, and models can contribute to obtain better results in this field. This paper presents a Systematic Mapping St…",
doi:10.15676/ijeei.2021.13.4.11,A,2021,13,Gamification and Gaming Elements for Software Requirements Elicitation: A Systematic Literature Review,International Journal on Electrical Engineering and Informatics,": Requirements elicitation holds a significant place in developing successful software, thus stands crucial for the success of any software project. There are numerous elicitation techniques present for eliciting requirements from the stakeholders, but these techniques are more textual in nature which give rise not onl…",
doi:10.1016/j.infsof.2025.107678,A,2025,13,Classification and challenges of non-functional requirements in ML-enabled systems: A systematic literature review,Information and Software Technology,,
doi:10.26555/ijain.v9i2.1082,A,2023,13,Understanding requirements dependency in requirements prioritization: a systematic literature review,International Journal of Advances in Intelligent Informatics,"Requirement prioritization (RP) is a crucial task in managing requirements as it determines the order of implementation and, thus, the delivery of a software system. Improper RP may cause software project failures due to over budget and schedule as well as a low-quality product. Several factors influence RP. One of whi…",
doi:10.1109/apsecw53869.2021.00011,A,2021,12,Landscape of Requirements Engineering for Machine Learning-based AI Systems,2021 28th Asia-Pacific Software Engineering Conference Workshops (APSEC Workshops),"Techniques and practices in RE are not well researched, although problems and the research challenges on requirements engineering (RE) for machine learning-based systems (MLS) are evaluated via empirical case studies. A systematic literature review of RE for MLS was conducted to guide practitioners and researchers to d…",
doi:10.1109/access.2022.3152073,A,2022,12,A Comparative Systematic Analysis of Stakeholder’s Identification Methods in Requirements Elicitation,IEEE Access,"[Context and Motivation] Before eliciting and gathering requirements for a software project, it is considered pivotal to know about concerned stakeholders. It becomes hard to elicit the actual system requirements without identifying relevant stakeholders, leading the software project to failure. Despite the paramount i…",
doi:10.2196/41344,A,2022,12,Functional Requirements for Medical Data Integration into Knowledge Management Environments: Requirements Elicitation Approach Based on Systematic Literature Analysis,Journal of Medical Internet Research,"Background In patient care, data are historically generated and stored in heterogeneous databases that are domain specific and often noninteroperable or isolated. As the amount of health data increases, the number of isolated data silos is also expected to grow, limiting the accessibility of the collected data. Medical…",
doi:10.3390/su16010433,A,2024,12,Evaluating the Role of Requirements Engineering Practices in the Sustainability of Electronic Government Solutions,Sustainability,The efficacy of electronic government (E-Government) initiatives relies significantly on requirements engineering (RE). Every government wants sustainable solutions in the implementation of E-Government projects. The current research has adopted a mix of research methods. After conducting a comprehensive systematic lit…,
doi:10.3390/software4030014,A,2025,12,Machine Learning Techniques for Requirements Engineering: A Comprehensive Literature Review,Software,Software requirements engineering is one of the most critical and time-consuming phases of the software-development process. The lack of communication with stakeholders and the use of natural language for communicating leads to misunderstanding and misidentification of requirements or the creation of ambiguous requirem…,
ss:6edc2eb13934262629eb8443c99f38368fd45508,A,2010,12,Systematic Mapping of Value-based Software Engineering : A Systematic Review of Value-based Requirements Engineering,,,
doi:10.1109/chase58964.2023.00020,A,2023,12,Emotions in Requirements Engineering: A Systematic Mapping Study,"IEEE/ACM International Conference on Connected Health: Applications, Systems and Engineering Technologies",The purpose of requirements engineering (RE) is to make sure that the expectations and needs of the stakeholders of a software system are met. Emotional needs can be captured as emotional requirements that represent how the end user should feel when using the system. Differently from functional and quality (non-functio…,
doi:10.1007/978-3-030-05345-1_37,A,2018,11,A Systematic Mapping Study on Security Requirements Engineering Frameworks for Cyber-Physical Systems,"International Conference on Security, Privacy, and Anonymity in Computation, Communication, and Storage",,
doi:10.1016/j.infsof.2024.107477,A,2024,11,Machine learning for requirements engineering (ML4RE): A systematic literature review complemented by practitioners' voices from Stack Overflow,Information and Software Technology,,
doi:10.1016/j.scico.2018.08.001,A,2018,11,Non-functional requirements in model-driven development of service-oriented architectures,Science of Computer Programming,Abstract Any software development process needs to consider non-functional requirements (NFR) in order to deliver a system that complies with its stakeholders' expectations. In a previous mapping study about model-driven development (MDD) for service-oriented architectures (SOA) we found a limited number of approaches …,
doi:10.1109/rew66121.2025.00081,A,2025,11,Prompt Engineering for Requirements Engineering: A Literature Review and Roadmap,2025 IEEE 33rd International Requirements Engineering Conference Workshops (REW),"Advancements in large language models (LLMs) have led to a surge of prompt engineering (PE) techniques that can enhance various requirements engineering (RE) tasks. However, current LLMs are often characterized by significant uncertainty and a lack of controllability. This absence of clear guidance on how to effectivel…",
ss:8289e97691e586385fe40ba67b7ae0cb908aa331,A,2013,11,25 years of Requirements Engineering in Brazil: a systematic mapping,Workshop em Engenharia de Requisitos,,
doi:10.1109/eit48999.2020.9208288,A,2020,11,Systematic Mapping Study of Non-Functional Requirements in Big Data System,IEEE International Conference on Electro/Information Technology,"Big data has become the most popular and influential to exist in this competitive digital world. In this regard, the selection of suitable quality attributes in big data software architecture can play a million-dollar solution. In this paper, we work on gathering and understanding key non-functional requirements in the…",
doi:10.1145/3696673.3723053,A,2025,10,The Role of Generative AI Models in Requirements Engineering: A Systematic Literature Review,ACM Southeast Regional Conference,"The software engineering field is experiencing rapid growth, driven by recent advancements in Artificial Intelligence (AI), particularly in Generative AI (GenAI) and Large Language Models (LLMs). Requirements Engineering (RE), a critical phase in software development, involves gathering and defining software requiremen…",
doi:10.23956/ijarcsse/v6i9/01917,A,2017,10,Requirements Engineering Techniques: A Systematic Literature Review,,,
doi:10.3390/app10217749,A,2020,10,The Impact of Controlled Vocabularies on Requirements Engineering Activities: A Systematic Mapping Study,Applied Sciences,"Context: The use of controlled vocabularies (CVs) aims to increase the quality of the specifications of the software requirements, by producing well-written documentation to reduce both ambiguities and complexity. Many studies suggest that defects introduced at the requirements engineering (RE) phase have a negative im…",
doi:10.1109/rcis.2015.7128917,A,2015,10,Requirements elicitation approaches: A systematic review,Research Challenges in Information Science,,
doi:10.1109/seaa.2019.00064,A,2019,9,Non-functional Requirements Prioritization: A Systematic Literature Review,EUROMICRO Conference on Software Engineering and Advanced Applications,"Continuous delivery and rapidly changing requirements in agile environments force the developers to put non-functional requirements (NFRs) on halt till maintenance phase. However, neglecting NFRs during prioritization phase may lead to inaccurate estimations for software projects resulting in high maintenance cost and …",
ss:2d8c4619387f0e44ffc8a3d2953dfa01b280e049,A,2017,9,Retrospective and Trends in Requirements Engineering for Embedded Systems: A Systematic Literature Review,Workshop em Engenharia de Requisitos,,
ss:86e23743d4d87d42c2b99e840def2eb18dbe32ff,A,2013,9,Knowledge Creation in Requirements Engineering - A Systematic Literature Review,Wirtschaftsinformatik,,
ss:9009e5ecac38f9f590b6c81533daaf2e948b8d2a,A,2018,9,A Core Ontology for Privacy Requirements Engineering,arXiv.org,"Nowadays, most companies need to collect, store, and manage personal information in order to deliver their services. Accordingly, privacy has emerged as a key concern for these companies since they need to comply with privacy laws and regulations. To deal with them properly, such privacy concerns should be considered s…",
doi:10.1186/s44147-024-00363-4,A,2024,9,Recommendation systems-based software requirements elicitation process—a systematic literature review,Journal of engineering and applied sciences,"Requirements elicitation is one of the fundamental sub-processes of requirements engineering which is used to find the needs of stakeholders. There are several activities in this sub-process, i.e., identification of stakeholders and their requirements, software requirements prioritization, and analysis. Recommendation …",
ss:b10529df508a9f1e524997add94e820be8183d51,A,2015,9,A Systematic Literature Review of Requirements Engineering for Self-Adaptive Systems,,,
doi:10.30595/juita.v9i1.9827,A,2021,9,Goal-Oriented Requirements Engineering: State of the Art and Research Trend,Jurnal Informatika,"The Goal-Oriented Requirements Engineering (GORE) is one approach that is widely used for the early stages of software development. This method continues to develop in the last three decades. In this paper, a literature study is conducted to determine the GORE state of the art. The study begins with a Systematic Litera…",
doi:10.1002/smr.2332,A,2020,9,Social network sites and requirements engineering: A systematic literature review,J. Softw. Evol. Process.,"A large volume of highly diverse and real‐time data provided by social network sites has revolutionized several data analytical sciences such as stock exchange fluctuation prediction, sentiment analysis, and political affiliations prediction. From a software engineering viewpoint, social network sites have produced an …",
doi:10.4067/s0718-33052016000200009,A,2016,9,"What do researchers mean by ""the right requirements elicitation techniques""? ¿Qué significa para los investigadores la ""técnica de educción correcta""?",,"Researchers often claim that the most appropriate elicitation techniques should be chosen to capture software requirements, but: what does it mean for them? This work carried out a systematic mapping on comparisons among elicitation techniques for knowing the constructs utilized to represent their appropriateness. This…",
doi:10.1109/access.2022.3177659,A,2022,8,Integration of Software Architecture in Requirements Elicitation for Rapid Software Development,IEEE Access,Software Architecture describes system components and their connections. Requirement elicitation catering the perspective of software architecture is quite challenging and relatively less explored research area for the rapid software development. It has gain growing interest due to reusability of existing modules with …,
doi:10.1049/sfw2.12035,A,2021,8,What have we learnt from the challenges of (semi-) automated requirements traceability? A discussion on blockchain applicability,IET Software,"Over the last 3 decades, researchers have attempted to shed light into the requirements traceability problem by introducing tracing tools, techniques, and methods with the vision of achieving ubiquitous traceability. Despite the technological advances, requirements traceability remains problematic for researchers and p…",
doi:10.48550/arxiv.2507.03405,A,2025,8,Prompt Engineering Guidelines for Using Large Language Models in Requirements Engineering,EUROMICRO Conference on Software Engineering and Advanced Applications,"The rapid emergence of generative AI models like Large Language Models (LLMs) has demonstrated its utility across various activities, including within Requirements Engineering (RE). Ensuring the quality and accuracy of LLM-generated output is critical, with prompt engineering serving as a key technique to guide model r…",
doi:10.1145/2652524.2652555,A,2014,8,Where do we stand in requirements engineering improvement today?: first results from a mapping study,International Symposium on Empirical Software Engineering and Measurement,"Context: Requirements engineering process improvement (REPI) approaches have gained much attention in research and practice. Goal: So far, there is no comprehensive view on the research in REPI in terms of solutions and current state of reported evidence. We aims to provide an overview on the existing solutions, their …",
doi:10.1016/j.infsof.2017.08.003,A,2017,8,Contextual attributes impacting the effectiveness of requirements elicitation Techniques: Mapping theoretical and empirical research,Information and Software Technology,"Background: Software engineers can utilise a myriad of elicitation techniques to capture relevant information in order to specify requirements. The effectiveness of these techniques varies depending on the context in which the elicitation takes place. So, it is important to identify the attributes that represent this c…",
ss:006c738f047abffe079a2ec8d1d4b9261ba5ee48,A,2010,8,Requirements traceability state-of-the-art: A systematic review and industry case study,,,
doi:10.1109/icitacee.2018.8576908,A,2018,8,Review on Cost-Value Approach for Requirements Prioritization Techniques,"International Conference on Information Technology, Computer, and Electrical Engineering",The use of appropriate requirements prioritization techniques is crucial to the success of a software development project. There are many techniques offered with all the advantages and disadvantages of each. The question that come up frequently when doing requirements prioritization is “whether the priority list is gen…,
doi:10.47836/pjst.31.1.11,A,2022,8,A Review: Requirements Prioritization Criteria Within Collaboration Perspective,Pertanika journal of science & technology,"The attributes or criteria used in the requirements prioritization process become an essential reference in calculating priorities. Most of the techniques are used to increase the value impacting business success. On the contrary, there are limitations on cost, time, and resources for developing software. Therefore, th…",
doi:10.1109/icssa.2016.13,A,2016,7,Security Requirements Engineering: A Systematic Mapping (2010-2015),International Conference on Software Security and Assurance,,
doi:10.1109/access.2024.3380888,A,2024,7,Toward a Holistic Privacy Requirements Engineering Process: Insights From a Systematic Literature Review,IEEE Access,"Privacy requirements engineering is a crucial aspect of privacy engineering. It aims to integrate privacy principles into organizational and technical processes throughout the software development lifecycle. This specialized field involves various strategies, including compliance with regulatory frameworks, asset analy…",
doi:10.1109/access.2024.3475293,A,2024,7,A Systematic Review of AI-Enabled Frameworks in Requirements Elicitation,IEEE Access,"Employing Artificial Intelligence techniques to address challenges in requirements elicitation is gaining traction. Although nine systematic literature reviews have been published on AI-based solutions in the requirements elicitation domain, to our knowledge, these studies do not cover a broad spectrum of elicitation t…",
doi:10.1109/ucet.2019.8881880,A,2019,7,Use of Expert System in Requirements Engineering Process A Systematic Literature Review,UK/China Emerging Technologies,"Requirements Engineering (RE) process deals with elicitation, analysis, negotiation, validation, management, and documentation of requirements. Several artificial intelligence (AI) based approaches have been proposed to automate RE activities. However, the requirements engineering community still lacks a comprehensive …",
doi:10.1007/978-981-10-7796-8_13,A,2017,7,Understanding Uncertainty of Software Requirements Engineering: A Systematic Literature Review Protocol,Asia Pacific Requirements Engineering Symposium,,
doi:10.12700/aph.13.3.2016.3.4,A,2016,7,Requirements Engineering in the Development Process of Web Systems: A Systematic Literature Review,Acta Polytechnica Hungarica,"This work has been partially supported by the Programa de Fomento y Apoyo a Proyectos de Investigacion (PROFAPI) from the Universidad Autonoma de Sinaloa (Mexico), and the MANTRA project (GRE09-17) from the University of Alicante, Spain, and GV/2011/035 from the Valencia Government.",
doi:10.1109/icsecs58457.2023.10256364,A,2023,7,User Stories in Requirements Elicitation: A Systematic Literature Review,International Conference on Software Engineering and Computer Systems,"A user story is commonly applied in requirement elicitation, particularly in agile software development. User story is typically composed in semi-formal natural language, and often follow a predefined template. The user story is used to elicit requirements from the users' perspective, emphasizing who requires the syste…",
doi:10.5220/0006314702620273,A,2017,7,An Analysis of Strategic Goals and Non-Functional Requirements in Business Process Management,International Conference on Enterprise Information Systems,"Business processes’ Non-Functional Requirements (NFR) can foster the strategic alignment in organizations. Our goal was to evaluate to what extent there are approaches that seek to support the modeling of business processes’ NFR based on strategic goal-related information. To achieve this goal, we conducted a literatur…",
doi:10.1002/smr.2613,A,2023,7,Exploratory study of existing research on software requirements prioritization: A systematic literature review,J. Softw. Evol. Process.,"Requirements prioritization is giving priority to software requirements on the basis of its importance. The current research paper addresses the importance and limitations of existing research on requirements prioritization. A lot of requirements prioritization techniques are presented by authors, but these techniques …",
doi:10.5120/ijca2020920630,A,2020,6,A Systematic Literature Review of Recommender Systems for Requirements Engineering,International Journal of Computer Applications,"Requirements Engineering (RE) is the first phase of a software project development. This phase aims to help project stakeholders discover, analyze, and specify the needs for a software project. In complex projects, requirement engineers deal with substantial requirements specifications and a large number of stakeholder…",
doi:10.29207/resti.v7i3.4924,A,2023,6,"Automatic Requirements Engineering: Activities, Methods, Tools, and Domains – A Systematic Literature Review",Jurnal RESTI (Rekayasa Sistem dan Teknologi Informasi),"Requirements engineering (RE) is an initial activity in the software engineering process that involves many users. The involvement of various users in the RE process raises ambiguity and vagueness in requirements modeling. In addition, traditional RE is a time-consuming activity. Therefore various studies have been con…",
doi:10.1109/access.2024.3443271,A,2024,6,A Systematic Literature Review on Requirements Engineering and Maintenance for Embedded Software,IEEE Access,"Embedded software quality is a critical concern in modern engineering, impacting a broad range of applications from spacecraft to complex control systems. Requirements engineering and software maintenance play pivotal roles in ensuring the high reliability and efficiency of embedded systems. This study contributes to t…",
doi:10.1145/3338906.3342511,A,2019,6,Empirical study of customer communication problem in agile requirements engineering,ESEC/SIGSOFT FSE,"As Agile principles and values become an integral part of the soft-ware development culture, development processes experience significant changes. Requirements engineering, an individual phase occurring at the beginning of the traditional development, is distributed between various activities according to agile. Howeve…",
ss:2d4837890034cb5413479f98b5297a3dcb43815d,A,2015,6,Requirements Engineering for General Recommender Systems,arXiv.org,"In requirements engineering for recommender systems, software engineers must identify the data that drives the recommendations. This is a labor-intensive task, which is error-prone and expensive. One possible solution to this problem is the adoption of automatic recommender system development approach based on a genera…",
doi:10.1007/978-94-007-7287-8_47,A,2013,6,The Impact of Knowledge Sharing Platforms in Distributed Requirements Engineering Scenarios: A Systematic Review,International Conference on Knowledge Management in Organizations,,
doi:10.1109/tla.2015.7112018,A,2015,6,Identification of Non-Functional Requirements for Electronic Voting Systems: A Systematic Mapping,IEEE Latin America Transactions,,
doi:10.5220/0004899200830095,A,2014,6,Aspect-Oriented Requirements Engineering - A Systematic Mapping,International Conference on Enterprise Information Systems,"Background: Aspect-Oriented Requirements Engineering (AORE) is a research field that provides the most appropriate strategies for identification, modularization and composition of crosscutting concerns. Several AORE approaches have been developed recently, although with different features, strengths and limitations. Go…",
ss:ee19bfac26fcd76c2af963ee59b0471c4c9dffe8,A,2018,6,A Systematic Stakeholder Selection Model in Requirements Elicitation for Software Projects: A Systematic Mapping Study,,,
doi:10.4067/s0718-33052015000200006,A,2015,6,Atributos contextuales influyentes en el proceso de educción de requisitos: una exhaustiva revisión de literatura Influential contextual attributes in the requirements elicitation process: a comprehensive literature review,,"The requirements elicitation captures relevant information to the shaping of software requirements by using several techniques. However, the effectiveness of the process depends on the context in which it occurs. This article aims to reveal the attributes of the context influencing the elicitation process. For this pur…",
ss:28b0cc89fee9d756a2c7ef0135608a3f022f02db,A,2019,6,Natural Language Processing in Requirements Elicitation and Requirements Analysis: a Systematic Literature Review,,,
doi:10.5220/0010461901110119,A,2021,6,Evaluation of Non-Functional Requirements for IoT Applications,International Conference on Enterprise Information Systems,"Internet of Things (IoT) is a paradigm that enables physical objects to interact and to work together. IoT applications have particular characteristics, such as context-awareness, interconnectivity, and heterogeneity, and particular types of interaction, user interaction with devices (called human-thing interaction), a…",
doi:10.5220/0005872405440551,A,2016,5,Requirements Engineering and Variability Management in DSPLs Domain Engineering: A Systematic Literature Review,International Conference on Enterprise Information Systems,"Recently, Software Product Lines (SPLs) have been used successfully for building products families. However, the currently and complex software products demand more adaptive features. Today, many application domains demand capabilities for flexible adaptation and post-deployment reconfiguration. In this context, Dynami…",
ss:85fb7d43a3b33a8e42855b7cad7521c46ae51aca,A,2015,5,Context Uncertainty in Requirements Engineering Definition of a Search Strategy for a Systematic Review and Preliminary Result,REFSQ Workshops,,
ss:b2d79e07690c1af8f18c614cfca33bc109cea1e8,A,2018,5,Requirements Engineering Approaches to derive Enterprise Information Systems from Business Process Management: a Systematic Literature Review,Modellierung,,
doi:10.17771/pucrio.wer.inf2018-52,A,2018,5,Mechanisms to Support Requirements Prioritization: A Systematic Mapping Review,Workshop em Engenharia de Requisitos,,
doi:10.1109/seaa51224.2020.00071,A,2020,5,"Focus Areas, Themes, and Objectives of Non-Functional Requirements in DevOps: A Systematic Mapping Study",EUROMICRO Conference on Software Engineering and Advanced Applications,"Non-functional requirements of software address a multitude of objectives, expectations, and even liabilities that must be considered during its development and operation. Typi-cally, these non-functional requirements originate from different domains and their concrete scope, notion, and demarcation to functional requi…",
doi:10.14482/indc.33.2.6368,A,2016,5,Models of requirements elicitation process: A systematic mapping,,,
doi:10.1109/rew.2017.31,A,2017,5,How Common are Controlled Experiments with Student Participants in Requirements Engineering?: A Systematic Mapping Study on the Use and Reporting of Graduate and Undergraduate Students in Requirements Engineering Experiments,2017 IEEE 25th International Requirements Engineering Conference Workshops (REW),,
ss:b67a35a51e82bcc8656880fa21d6a7519c535c3d,A,2017,5,Requirements Engineering for Robotic System: A Systematic Mapping Study,Workshop em Engenharia de Requisitos,,
doi:10.1134/s0361768822080084,A,2022,5,Process Improvement in Software Requirements Engineering: A Systematic Mapping Study,Programming and computer software,,
doi:10.1109/access.2022.3153678,A,2022,5,A Tacit-Knowledge-Based Requirements Elicitation Model Supporting COVID-19 Context,IEEE Access,"Effective software requirements elicitation plays a vital role in the success or failure of a project. However, ambiguity in the requirement’s statements indicate the presence of a tacit knowledge, which ultimately act as a root cause of critical complications in later stages of software development as user’s needs mig…",
doi:10.18293/seke2023-135,A,2023,5,Applications of Machine Learning in Requirements Traceability: A Systematic Mapping Study (S),International Conference on Software Engineering and Knowledge Engineering,,
doi:10.1109/cseet58097.2023.00023,A,2023,4,The Field of Requirements Engineering Education,Conference on Software Engineering Education and Training,"Requirements engineering (RE) is an essential part of the software development process. Good RE, among others, is the basis for high quality software, considerably reduces the risk for software projects to fail entirely or with budget-overspending and is crucial for coordinating systems and software engineering. Thus, …",
doi:10.21125/edulearn.2017.1283,A,2017,4,A SYSTEMATIC REVIEW OF THE LITERATURE ON THE TEACHING AND LEARNING OF REQUIREMENTS ENGINEERING,,,
ss:2e96207951288bf91233ed7f746ded1b28679892,A,2013,4,Requirements for a Model-based Requirements Engineering Tool for Embedded Systems : Systematic Literature Review and Survey,,,
doi:10.3390/pr13010020,A,2024,4,What Is the Process? A Metamodel of the Requirements Elicitation Process Derived from a Systematic Literature Review,Processes,"Requirements elicitation is a fundamental process in software engineering, essential for aligning software products with user needs and project objectives. As software projects become more complex, effective elicitation methods are vital for capturing accurate and comprehensive requirements. Despite the variety of avai…",
doi:10.11591/ijece.v13i3.pp3244-3254,A,2023,4,Towards understanding the influence of personality and team behaviors on requirements engineering activities,International Journal of Electrical and Computer Engineering (IJECE),"Requirements engineers play an important role in the development of software products and services. The nature of requirements engineering (RE) is multifaceted and influences the quality, success, or failure of software products. In gathering software requirements, engineers commonly work in a team, particularly when d…",
doi:10.46338/ijetae0124_03,A,2024,4,Challenges of Requirements Engineering in Agile Projects: A Systematic Review,International Journal of Emerging Technology and Advanced Engineering,"The practice of Requirements Engineering (RE) within Agile development contexts markedly differs from that within traditional development process. As the RE discipline in Agile Software Development continues to evolve, this research highlights and assesses various challenges to refine its impact on software product dev…",
doi:10.1109/icit58056.2023.10226000,A,2023,4,Towards Leveraging Explainable Artificial Intelligent (XAI) in Requirements Engineering (RE) to Identify Aspect (Crosscutting Concern): A Systematic Literature Review (SLR) and Bibliometric Analysis,2023 International Conference on Information Technology (ICIT),"The software development life cycle contains many phases, among the most notable ones is requirements engineering (RE), it is considered a very important activity because poorly implemented RE steps can result in poor software quality which might lead to expensive maintenance costs and so many other undesirable issues.…",
doi:10.15446/dyna.v82n193.47907,A,2015,4,Mining unstructured data to support requirements elicitation by using controlled vocabularies: A systematic mapping study,,"This paper presents a work-in-progress that deals with the assessment of the use of controlled vocabularies during the processes of requirements engineering, as a means to mine data from different sources (interviews, contracts, schemas and diagrams). By doing this the requirements description, analysis and comprehensi…",
doi:10.1007/978-3-030-23570-3_25,A,2019,4,Mind Maps in Requirements Engineering: A Systematic Mapping,Interacción,,
doi:10.29327/1298730.23-17,A,2020,4,Empathy and Criativity in Privacy Requirements Elicitation: Systematic Literature Review,Workshop em Engenharia de Requisitos,,
doi:10.23919/cisti.2019.8760720,A,2019,4,Non-Functional Requirements In Health Information Systems:,Iberian Conference on Information Systems and Technologies,"In the development of information systems (IS) often non-functional requirements (NFR) are not considered as important as functional requirements. However, they remain essential to ensure software quality, as they are more critical than individual functional requirements. This research synthesizes the results of a syst…",
doi:10.1108/tg-03-2020-0042,A,2020,4,Exploring contextual factors in citizen-initiated platforms to non-functional requirements elicitation,,"Purpose This paper aims to systematize the contextual factors that influence the intention to use citizens and governments-initiated platforms, presenting them as non-functional requirements (NFRs), to facilitate their understanding to implementers.   Design/methodology/approach A systematic mapping of the literature w…",
doi:10.7763/lnse.2013.v1.24,A,2013,4,A systematic mapping study on requirements elicitation techniques in collaborative application,,,
doi:10.17762/turcomat.v12i3.989,A,2021,3,Critical Success Factors and Challenges in Agile Requirements Engineering,Turkish Journal of Computer and Mathematics Education,"Nowadays, the requirements of the software are changing rapidly in order to meet clients’ needs, which increases the complexity of developing software. Thus, Agile requirements engineering has arisen and it focuses on how to deal with the increasing changes in software requirements by gathering requirements iteratively…",
doi:10.5753/jserd.2021.1978,A,2022,3,Using evidence from systematic studies to guide a PhD research in Requirements Engineering - an experience report,Journal of Software Engineering Research and Development,"Conducting systematic studies during a postgraduate program, such as systematic review, systematic mapping, and tertiary review, can benefit the project’s success. They provide an overview of the literature considering currently available research findings, establish baselines for other research activities, and support…",
doi:10.14569/ijacsa.2021.0120945,A,2021,3,Research Efforts and Challenges in Crowd-based Requirements Engineering: A Review,International Journal of Advanced Computer Science and Applications,Eliciting software system development requirements is a challenging task as the information is from various resources. The most constructive resource is the stakeholders of the system to be developed. It is critical yet timeconsuming to capture essential requirements to realize a reliable and workable software system. …,
ss:203f9ae79547c3a177b1cbdda4282b4fbc6f9154,A,2020,3,The challenge of data-driven requirements elicitation techniques : Systematic Literature Review a Controlled Experiment,,,
doi:10.3844/jcssp.2017.430.439,A,2017,3,Goal Modeling Techniques in Requirements Engineering: A Systematic Literature Review,Journal of Computer Science,Goal modeling techniques plays a crucial role in requirements engineering since they facilitate the reach of requirements to stakeholders in an understandable easy manner and also in a professional well defined pattern to developers. Modeling of goals are encouraged and proposed during requirements elicitation in order…,
doi:10.1109/re51729.2021.00070,A,2021,3,Human-centric Requirements Engineering for Artificial Intelligence Software Systems,IEEE International Requirements Engineering Conference,"The surge in data availability and processing power has made it possible for Artificial Intelligence (AI) to advance at a faster rate. However, the different nature of AI systems has posed significant new challenges to Requirements Engineering (RE). Literature has shown that AI systems do not use current RE methods. It…",
ss:97220c3f435cdb1c92fadda1e95a876995793626,A,2011,3,Evidence in Requirements Engineering: A Systematic Literature Review Protocol,International Conference on Software Engineering Advances,,
doi:10.4018/ijitpm.2021070101,A,2021,3,Requirements Elicitation Techniques in Mobile Applications: A Systematic Literature Review,International Journal of Information Technology Project Management,"The common view of requirements engineering consists of requirement elicitation, specification, validation, and evolution. Requirement elicitation is a significant stage to assure the quality of the requirement documentations and would affect the project success or failure. There are different techniques to elicit the …",
doi:10.48550/arxiv.2311.17483,A,2023,3,"Classification, Challenges, and Automated Approaches to Handle Non-Functional Requirements in ML-Enabled Systems: A Systematic Literature Review",arXiv.org,"Context: Machine learning (ML) is nowadays so pervasive and diffused that virtually no application can avoid its use. Nonetheless, its enormous potential is often tempered by the need to manage non-functional requirements and navigate pressing, contrasting trade-offs. Objective: In this respect, we notice the lack of a…",
doi:10.1109/seaa60479.2023.00050,A,2023,3,A Systematic Literature Review on Requirements Engineering Practices and Challenges in Open-Source Projects,EUROMICRO Conference on Software Engineering and Advanced Applications,"Open-source software (OSS) development has become increasingly influential in the software industry, promoting collaboration and knowledge sharing among developers and users. Along with rapidly evolving OSS projects, this paper explores requirements engineering (RE) practices and challenges through a systematic literat…",
ss:e1db74ca07b47d54e7db08d5d1e43885709cd793,A,2015,3,Agile Requirements Engineering Practices and Challenges: Findings from a Systematic Literature Review,,,
doi:10.23919/cisti49556.2020.9141015,A,2020,3,Requirements Elicitation and Specification for Educational Technology Development: A Systematic Literature Mapping,Iberian Conference on Information Systems and Technologies,"The present work aimed to map the various requirements engineering techniques and methodologies for the construction of educational technologies through a systematic mapping study. The research protocol of this mapping included the planning, execution, and analysis of the results phases. This research added information…",
doi:10.5753/cbsoft_estendido.2019.7655,A,2019,3,Using Assurance Cases in Requirements Engineering for Safety-Critical Systems,Anais Estendidos da Conferência Brasileira de Software: Teoria e Prática,"Context: Certification of safety-critical systems (SCS) demands thorough documentation that demonstrates why a system shall be considered safe. Assurance Case Development (ACD) is an approach for discussing, analyzing and assessing the safety properties of systems. Software requirements of a SCS are an essential inform…",
doi:10.1109/quatic.2018.00023,A,2018,3,A Metamodel to Guide a Requirements Elicitation Process for Embedded Systems,Quality of Information and Communications Technology,"[Context] In the embedded systems (ES) area, more than 50% of problems occur at system delivery and are related to misconceptions in capturing requirements. Therefore, it is necessary to address what should be considered by requirements engineers in the elicitation and specification phases of embedded systems. However,…",
doi:10.5555/3021955.3021989,A,2016,3,Elicitação de Requisitos a partir de Modelos de Processos de Negócio em BPMN: Uma Revisão Sistemática [Requirements Elicitation from Business Process Model in BPMN: A Systematic Review],Brazilian Symposium on Information Systems,,
doi:10.14569/ijacsa.2021.0120163,A,2021,3,Modelling Health Process and System Requirements Engineering for Better e-Health Services in Saudi Arabia,,"This systematic review aimed to examine the published works on e-health modelling system requirements and suggest one applicable to Saudi Arabia. PRISMA method was adopted to search, screen and select the papers to be included in this review. Google Scholar was used as the search engine to collect relevant works. From …",
doi:10.33093/jiwe.2022.1.2.2,A,2022,3,A Systematic Review on Non-Functional Requirements Documentation in Agile Methodology,Journal of Informatics and Web Engineering,"This systematic literature review studies and summarizes findings of requirements documentation of non-functional requirements practiced by agile software development teams. It identifies current practices and existing gaps when agile software teams discuss and implement non-functional requirements, and the current met…",
doi:10.1016/j.ipm.2025.104287,A,2025,3,A systematic mapping study of information retrieval-based requirements traceability methods,Information Processing & Management,,
doi:10.1016/j.infsof.2025.107718,A,2025,2,Requirements engineering for older adult digital health software: A systematic literature review,Information and Software Technology,,
doi:10.1109/wf-iot62078.2024.10811372,A,2024,2,Security Requirements Engineering Approaches for IoT-Based Systems: A Comprehensive Review and Open Research Challenges,World Forum on Internet of Things,"Using Security Requirements Engineering (SRE) approaches is a traditional procedure for incorporating security requirements in traditional systems. Considering environments based on the Internet of Things (IoT), the use of SRE is even more recommended, given the considerable number of distinct domains that exist in IoT…",
doi:10.47992/ijaeml.2581.7000.0110,A,2021,2,Use of Natural Language Processing in Software Requirements Prioritization – A Systematic Literature Review,International journal of applied engineering and management letters,Purpose: Research involves the creation and implementation of new ideas by keeping the existing work as a foundation. The literature review done in this paper is to familiarise and to know about the domain of research to integrate the existing ideas with the new ones. Methodology: The literature that is required for th…,
doi:10.5220/0010432702410248,A,2021,2,Using Combined Techniques for Requirements Elicitation: A Brazilian Case Study,International Conference on Enterprise Information Systems,"Within the requirements engineering domain, requirements elicitation (RE) is one of the most difficult phases. Towards a successful and high-quality software development process, RE often suffers from information challenges such as ambiguity, incompleteness, and inconsistent data. Within this context, this research aim…",
doi:10.3897/jucs.78776,A,2022,2,Building an integrated requirements engineering process based on Intelligent Systems and Semantic Reasoning on the basis of a systematic analysis of existing proposals,Journal of universal computer science (Online),Requirements Engineering is one of the fundamental activities in the software development process and is oriented toward what should be produced. One of the development team’s most common problems is a lack of communication regarding an understanding of the discourse domain and how to integrate and process excessive in…,
doi:10.15379/ijmst.v10i2.1828,A,2023,2,A Systematic Review on Natural Language Processing and Machine Learning Approaches to Improve Requirements Specification in Software Requirements Engineering,International Journal of Membrane Science and Technology,"This systematic literature review (SLR) examines the current practices, challenges, proposed solutions, and limitations of natural language processing (NLP) and machine learning (ML) approaches in improving requirements specification in software requirements engineering. The review focuses on research conducted in the …",
doi:10.1109/conisoft63288.2024.00017,A,2024,2,Analysis of Natural Language Processing Techniques and Tools for Requirements Elicitation: A Systematic Literature Review,2024 12th International Conference in Software Engineering Research and Innovation (CONISOFT),"Requirements Engineering (RE) encompasses ac-tivities such as requirements elicitation, analysis, specification, and validation, which are essential in software development for defining and aligning stakeholder needs and expectations. However, these processes are often laborious and prone to errors and misunderstanding…",
doi:10.5220/0011079000003179,A,2022,2,Challenges in Requirements Engineering and Its Solutions: A Systematic Review,International Conference on Enterprise Information Systems,": Software development projects are susceptible to many adversities throughout their life cycle that can be originated, among several reasons, of a low-quality speciﬁcation and management of requirements. To ensure the Requirements Engineering activities are conducted correctly, researchers study and apply various tech…",
ss:8e6382ba03ac02ad853cf201d8c0cec3084c5d03,A,2017,2,Requirements Engineering for Robotics System: A Systematic Mapping Study,Conferencia Iberoamericana de Software Engineering,,
doi:10.32604/cmc.2021.013263,A,2021,2,Economical Requirements Elicitation Techniques During COVID-19: A Systematic Literature Review,Computers Materials & Continua,"Requirements elicitation is a fundamental phase of software development in which an analyst discovers the needs of different stakeholders and transforms them into requirements This phase is cost- and time-intensive, and a project may fail if there are excessive costs and schedule overruns COVID-19 has affected the soft…",
doi:10.1109/conisoft.2017.00008,A,2017,2,Use of Non-functional Requirements in Software Effort Estimation: Systematic Review and Experimental Results,2017 5th International Conference in Software Engineering Research and Innovation (CONISOFT),,
doi:10.11591/eei.v12i2.4081,A,2023,2,A systematic review of non-functional requirements mapping into architectural styles,Bulletin of Electrical Engineering and Informatics,"Fortunately, the software attracted enough businesses to the market, allowing them to earn money in less time with less work and more accurate results. Software development life cycle (SDLC) is used for software development as it is responsible for system functionality, efficiency, maintainability, and any other non-fu…",
doi:10.1145/3672608.3707952,A,2025,2,Requirements Traceability: A Systematic Literature Review,ACM Symposium on Applied Computing,"Software developers employ requirements traceability to ensure that each requirement is tracked throughout the software development life cycle, providing a clear link between requirements and the final product. Despite its importance in software development, studies show that there are a number of challenges facing req…",
doi:10.48550/arxiv.2504.19658,A,2025,2,Auxiliary Artifacts in Requirements Traceability: A Systematic Mapping Study,arXiv.org,"Background: Traceability between software artifacts enhances the value of the information those artifacts contain, but only when the links themselves are reliable. Link quality is known to depend on explicit factors such as the traced artifacts and the expertise of the practitioner who judges each connection. Other fac…",
doi:10.11648/j.ijsmit.20251101.14,A,2025,2,Time to Value (TtV) as a Missing Requirements Prioritization Criterion for Startup Survival: Insights from Founders vs. Systematic Literature Review,International Journal of Sustainability Management and Information Technologies,"Software startups operate under extreme uncertainty and financial pressure, making Requirements Prioritization (RP) a critical activity for improving survival prospects. This study investigates which prioritization criteria are most relevant to early-stage ventures by conducting a systematic literature review (SLR) of …",
doi:10.5220/0012688100003687,A,2024,1,Machine Learning-Enhanced Requirements Engineering: A Systematic Literature Review,International Conference on Evaluation of Novel Approaches to Software Engineering,": In the software lifecycle, requirements are often subjective and ambiguous, challenging developers to comprehend and implement them accurately and thoroughly. Nevertheless, using techniques and knowledge can help analysts simplify and improve requirements comprehensibility, ensuring that the final product meets the c…",
doi:10.48550/arxiv.2411.03656,A,2024,1,Requirements Engineering for Older Adult Digital Health Software: A Systematic Literature Review,arXiv.org,"Growth of the older adult population has led to an increasing interest in technology-supported aged care. However, the area has some challenges such as a lack of caregivers and limitations in understanding the emotional, social, physical, and mental well-being needs of seniors. Furthermore, there is a gap in the unders…",
doi:10.55905/revconv.16n.12-134,A,2023,1,Practicing requirements elicitation in a serious game: comparison between non-immersive and immersive virtual reality,Contribuciones a las ciencias sociales,"One of the biggest problems in teaching Requirements Engineering at universities is the lack of access to real projects, which could allow students to interact with stakeholders and practice communication skills while conducting requirements elicitation. This article presents a serious game for practicing requirements …",
doi:10.1109/ice/itmc61926.2024.10794233,A,2024,1,Agile Requirements Engineering as a Service: The Co-Creation of the Let's Care Hub,"International Conference on Engineering, Technology and Innovation","The engineering of Information and Knowledge-Management Systems presents challenges due to changing environments and diverse stakeholder needs. Traditional requirement engineering approaches often result in dissatisfaction among stakeholders and users. To address this, agile methodologies have emerged as a solution, em…",
doi:10.1145/3364641.3364678,A,2019,1,Uni-REPM SCS: A Safety Maturity Model for Requirements Engineering Process,Brazilian Symposium on Software Quality,Context: Software is an important part in safety-critical system (SCS) development since it is becoming a major source of hazards. Software has been responsible to implement innovative and complex functions and to send instructions to the hardware. Requirements-related hazards have been associated with many accidents a…,
doi:10.1109/iri62200.2024.00071,A,2024,1,Visual Analytics in Requirements Engineering: A Systematic Literature Review,IEEE International Conference on Information Reuse and Integration,"The research on visual analytics (VA) for requirements engineering (RE) has noticeability advanced in the past few years. For many software projects, RE needs an effective and efficient path from data to decision. VA creates such a path that enables the user/requirements engineer to extract meaningful insights by inter…",
doi:10.7251/zrsng1801106s,A,2019,1,Human factor in software requirements engineering: Preliminary review of qualitative empirical studies,ZBORNIK RADOVA UNIVERZITETA SINERGIJA,"Software requirements engineering is a field insoftware engineering that highly depends on human factor sinceit includes knowledge and skills from domain of softwareengineering and from the domain of problem where software willbe used, but also from both organizational and social sciencesaspects. Therefore, researching…",
doi:10.48550/arxiv.2212.01224,A,2022,1,Software Requirements Engineering Healthcare Implementation Maturity Model (SRE-HIMM) for Global Health-Care Information System,arXiv.org,"A Healthcare information system (HIS) is a complex information system in nature that deal with early disease detection and therapeutic. However, the development of these systems is quite complex in a collocated environment. Therefore, Healthcare organizations are outsourcing their projects to a globally distributed env…",
doi:10.28945/5262,A,2024,1,Barriers of Agile Requirements Engineering in the Public Sector: A Systematic Literature Review,"Interdisciplinary Journal of Information, Knowledge, and Management","Aim/Purpose: The objective of this study is to summarize the challenges of Agile Requirements Engineering (Agile RE) in the public sector in republican and constitutional monarchy nations. Additionally, it offers recommendations to address these challenges.  Background: Failure of IT projects in the public sector resul…",
doi:10.17587/prin.12.339-349,A,2021,1,Requirements Engineering for Software Systems: A Systematic Literature Review,PROGRAMMNAYA INGENERIA,This article contains a systematic literature review of requirements engineering for software systems. The literature published within last 5 years was included into the review. A research question was defined as requirements development process of large scale software system (with thousands of requirements) and an int…,
doi:10.1007/978-3-031-10161-8_3,A,2021,1,A Detailed Analysis of a Systematic Review About Requirements Engineering Processes for Multi-agent Systems,International Conference on Agents and Artificial Intelligence,,
doi:10.19053/01211129.v31.n62.2022.14839,A,2022,1,Agile Functional Requirements Modeling from Goal-Oriented Requirements Engineering: A Systematic Mapping Study,Revista Facultad de Ingeniería,"During the last two decades, the application of Goal-Oriented Requirements Engineering has increased in software projects, mainly because this approach is useful during the requirements analysis process and supports the realization of tasks such as requirements elaboration, validation, and planning, and can be used as …",
doi:10.1142/s0219649220400109,A,2020,1,Requirements Engineering in Cloud and Service-Oriented Systems: A Systematic Mapping Study,Journal of Information & Knowledge Management,"The domain of Cloud and Service-oriented requirements engineering (SORE) focuses on modelling, specifying, and analysing requirements to enable software development in a service-oriented manner. Even though Cloud and SORE has received increasing attention over the past decade, there is no clear view of the current stat…",
doi:10.1049/sfw2/8953863,A,2025,1,Systematic Mapping of AI‐Based Approaches for Requirements Prioritization,IET Software,"Context and Motivation: Requirements prioritization (RP) is a main concern of requirements engineering (RE). Traditional prioritization techniques, while effective, often involve manual effort and are time‐consuming. In recent years, thanks to the advances in AI‐based techniques and algorithms, several promising altern…",
doi:10.48550/arxiv.2304.13693,A,2023,1,"Requirements Engineering, Software Testing and Education: A Systematic Mapping",arXiv.org,"The activities of requirements engineering and software testing are intrinsically related to each other, as these two areas are linked when seeking to specify and also ensure the expectations of a software product, with quality and on time. This systematic mapping study aims to verify how requirements and testing are b…",
ss:c310dcd3bfb9c96a5b07b246b29f2cd390105891,A,2014,1,Requirements Engineering Improvement Today - A Systematic Mapping Study,,,
ss:f48d0a5f8949f69192195d3c602af07418241f04,A,2021,1,Técnicas de elicitação de requisitos no desenvolvimento de software: uma revisão sistemática da literatura Requirements elicitation techniques for software development: a systematic review of literature,,,
doi:10.1007/978-981-19-3359-2_22,A,2022,1,A Systematic Review About Requirements Elicitation for Multi-Agent Systems,Agent and Multi-Agent Systems: Technologies and Applications,,
doi:10.1109/apsec60848.2023.00030,A,2023,1,Sentiment Analysis for Requirements Elicitation from App Reviews: A Systematic Mapping Study,Asia-Pacific Software Engineering Conference,"In software stores, user reviews are the most direct feedback on product experiences and requirements. Sentiment analysis (SA) technology has been proven to be efficient for review mining-based requirements elicitation. Our objective is to identify the trend and actuality in SA for requirements elicitation from app rev…",
doi:10.1145/3594315.3594373,A,2023,1,"Automated Methodology for Classifying Non-functional Requirements: Challenges, Validation Aspects & New Research Directions",International Conference on Computing and Artificial Intelligence,"The development of higher-quality software is thought to be greatly influenced by non-functional requirements or software quality traits. How to classify non-functional requirements automatically and efficiently has become the top priority. This systematic review aims to outline the cutting-edge automated approaches, m…",
doi:10.30574/wjaets.2021.4.1.0080,A,2021,1,Identification and classification of barriers and benefits of requirements traceability in project development,World Journal of Advanced Engineering Technology and Sciences,"Requirements are conditions that a product, service, or process must present and requirements management facilitates this realization. For this, the requirements traceability technique is used for the development of projects and systems and all management of the requirements life cycle. However, the literature recogniz…",
doi:10.12785/ijcds/1571038266,A,2025,1,Requirements Traceability Approaches: A Systematic Literature Review,International Journal of Computing and Digital Systems,,
doi:10.1002/smr.70039,A,2025,1,Scalability and Limitations of Existing Software Requirements Prioritization Techniques: A Systematic Literature Review,J. Softw. Evol. Process.,"Requirements prioritization puts more emphasis on the software requirements based on their importance, making it a crucial activity in managing software requirements throughout the software development process. This work explains the concept of prioritization techniques, their relevance, and related issues. Recent lite…",
doi:10.14483/23448393.19411,A,2023,0,A Model for Documenting Requirements Elicitation,Ingeniería,Context: This work proposes a model to document the elicitation of requirements in the field of Requirements Engineering. Method: A systematic review of the literature was conducted to determine the validity and effectiveness of the existing models for documenting requirements elicitation. Results: By analyzing the res…,
doi:10.1134/s0361768825700604,A,2025,0,Natural Language Processing for Requirements Elicitation and Analysis: A Systematic Literature Review of Techniques and Tools,Programming and computer software,,
doi:10.1109/conisoft63288.2024.00019,A,2024,0,Identification of Practices for Representing Indigenous Groups in Software Requirements Elicitation: A Systematic Literature Review,2024 12th International Conference in Software Engineering Research and Innovation (CONISOFT),"Software engineering is a discipline that impacts everyone throughout society. However, sometimes end users are not considered in the requirements elicitation process, leading to their needs being ignored and resulting in systems that may not be used. Furthermore, when the users are indige-nous groups, their beliefs, t…",
doi:10.2478/picbe-2025-0410,A,2025,0,Designing Internet of Things Systems for Circular Economy and Digital Product Passports – A Requirements Engineering Perspective,Proceedings of the International Conference on Business Excellence,"Abstract The proliferation of Internet of Things technologies presents unprecedented opportunities for enhancing sustainability through the principles of the Circular Economy. This research explores the integration of Digital Product Passports within Internet of Things systems to support Circular Economy goals, focusin…",
doi:10.23887/janapati.v13i2.53366,A,2024,0,Requirements Engineering Quality: a Literature Review,Jurnal Nasional Pendidikan Teknik Informatika (JANAPATI),"Requirements Engineering Quality (REQ) has a large influence on the success of a software project. A systematic literature review (SLR) is conducted to get complete information about REQ. SLR reviewed 46 relevant publications from 2016 – 2022, sourced from three literature sources: Science Direct, Scopus, and IEEE. Bas…",
doi:10.15381/pesquimat.v26i2.26312,A,2023,0,Challenges of requirements engineering in the (XP) methodology: a systematic review,Pesquimat,"The practice of Requirements Engineering (RI) in agile development is substantially different from traditional development. Extreme programming – (XP)(Beck, 2004) is one of the approaches of these agile methods. Traditional methodologies with their waterfall proposal, in pre-established phases, are being replaced by ag…",
doi:10.1109/qicar61538.2024.10496655,A,2024,0,Comparison of Requirements Engineering Methods for IoT-based Systems: A Systematic Mapping Study,2024 10th International Conference on Artificial Intelligence and Robotics (QICAR),"The Internet of Things (IoT) is an emerging field and refers to things equipped with electronic devices, software, and sensors that communicate with each other and exchange data over the Internet. Due to the inherent characteristics of IoT-based systems, such as network, software, hardware, context awareness, interoper…",
ss:95b5fac43f65dd0b042d0052c1775d6b2add758e,A,2017,0,The use of controlled vocabularies in requirements engineering activities: a protocol for a systematic literature review,arXiv.org,Context: The Evidence-Based Software Engineering (EBSE) paradigm and the planning phase of a systematic literature review. Objective: A protocol to do a systematic literature review with detailed information about the processes suggested by several guidelines in the field of evidence-based software engineering. Method:…,
doi:10.1109/conisoft58849.2023.00018,A,2023,0,Requirements Traceability Tools and Issues in Very Small Entities: A Systematic Literature Review and a Tool Proposal,2023 11th International Conference in Software Engineering Research and Innovation (CONISOFT),"Traceability is a crucial activity of software engineering because it allows stakeholders to track the progress of the project and to rapidly find how software artifacts are linked to each other. However, small organizations often overlook the importance of traceability and fail to capitalize on its benefits. This pape…",
doi:10.1109/isc260477.2024.11004191,A,2024,0,Requirements Engineering for Smart Cities: Emerging Trends and Techniques,2024 IEEE International Smart Cities Conference (ISC2),"Smart cities provide technological solutions designed to address urban challenges and improve the quality of life. To formulate effective smart city solutions, it is crucial to align proposed solutions with the needs of the city's stakeholders, including citizens. A software engineering discipline that focuses on a sys…",
doi:10.1109/cscwd49262.2021.9437880,A,2021,0,Requirements Elicitation for Collaborative Systems: A Systematic Review,International Conference on Computer Supported Cooperative Work in Design,Requirements elicitation is one of the most essential activities in requirements engineering. A growing trend in collaborative applications has imposed a challenge for requirements engineers to properly elicit requirements. The aim of this work is to identify and present the elicitation techniques that have been applie…,
doi:10.48550/arxiv.2511.18634,A,2025,0,ChroniUXMag: A Persona-Driven Framework for Inclusive mHealth Requirements Engineering,arXiv.org,"Mobile health (mHealth) applications are increasingly adopted for chronic disease management, yet they face persistent challenges related to accessibility, inclusivity, and sustained engagement. Patients'needs evolve dynamically with their health progression, adherence, and caregiver support, creating unique requiremen…",
doi:10.29327/1298728.24-7,A,2021,0,Requirements Engineering for Embedded Systems: A Systematic Literature Review,Workshop em Engenharia de Requisitos,,
doi:10.1109/ictke62841.2024.10787176,A,2024,0,A Systematic Literature Review on Agile Requirements Engineering and Artificial Intelligence,International Conference on ICT and Knowledge Engineering,The iterative nature of agile requirements engineering often requires considerable time and effort. Research on automation processes with artificial intelligence for agile requirements engineering practices has gained popularity in recent years. The objective of this study is to conduct a systematic literature review a…,
doi:10.15514/ispras-2023-35(1)-10,A,2023,0,A Systematic Mapping Study on Process Improvement in Software Requirements Engineering,Proceedings of the Institute for System Programming of RAS,"Software analysis is the process carried out to obtain requirements that reflects the needs of a client's stakeholders and that allows the construction of a software product that meets their expectations. However, it is also known as a process where many defects are injected. In this context, although process improveme…",
doi:10.1109/iraset60544.2024.10549276,A,2024,0,Assessing Requirements Engineering Practices' Impact on Electronic Government Solution Sustainability,"2024 4th International Conference on Innovative Research in Applied Science, Engineering and Technology (IRASET)","E-Government initiatives leverage Information and Communication Technologies (ICTs) to enhance governmental efficiency and facilitate online service provision. Software Requirements Engineering (RE) plays a critical role in ensuring the success of these initiatives by identifying, analyzing, documenting, validating, an…",
doi:10.5281/zenodo.10182527,A,2023,0,Systematic Review Protocol: Requirements Engineering in Quantum Computing,arXiv.org,"Context: Quantum computing (QC) represents a paradigm shift in computational capabilities, presenting unique challenges in requirements engineering (RE). The complexity of quantum systems and rapid technological advancements necessitate a comprehensive understanding of the current state and future trajectories in RE fo…",
doi:10.48550/arxiv.2509.03541,A,2025,0,Towards the Datasets Used in Requirements Engineering of Mobile Apps: Preliminary Findings from a Systematic Mapping Study,arXiv.org,"[Background] Research on requirements engineering (RE) for mobile apps employs datasets formed by app users, developers or vendors. However, little is known about the sources of these datasets in terms of platforms and the RE activities that were researched with the help of the respective datasets. [Aims] The goal of t…",
doi:10.33140/jctcsr.03.04.01,A,2024,0,Requirements Engineering Approaches for Big Data Project Development,Journal of Current Trends in Computer Science Research,"Context: Today’s digital world with millions of users results in vast amounts of data. This ‘big data’, characterized according to its volume, variety, velocity, and veracity, is impacting the lives of data users worldwide in many ways and has become important for day-to-day decision-making. Problem: Requirements engin…",
doi:10.48550/arxiv.2506.20754,A,2025,0,Domain Knowledge in Requirements Engineering: A Systematic Mapping Study,EUROMICRO Conference on Software Engineering and Advanced Applications,"[Context] Domain knowledge is recognized as a key component for the success of Requirements Engineering (RE), as it provides the conceptual support needed to understand the system context, ensure alignment with stakeholder needs, and reduce ambiguity in requirements specification. Despite its relevance, the scientific …",
doi:10.1109/rew66121.2025.00019,A,2025,0,Towards Using Personas in Requirements Engineering: What Has Been Changed Recently?,2025 IEEE 33rd International Requirements Engineering Conference Workshops (REW),"In requirements engineering (RE), personas are now being used to represent user expectations and needs. This systematic mapping study (SMS) aims to explore the most recent studies and to cover recent changes in trends, especially related to the recent evolution of Generative AI approaches. Our SMS covers the period bet…",
ss:2119379c28effba317b304e0e8724a7707238d8c,A,2016,0,Alignment of requirements engineering and software testing : a systematic mapping study,,,
doi:10.1109/clei56649.2022.9959962,A,2022,0,How Has Requirements Engineering Supported Data Protection?,Latin American Computing Conference / Conferencia Latinoamericana En Informatica,"With the constant development of new solutions that process personal data and the approval of privacy regulations such as GDPR and LGPD, the demand for development teams to be prepared, engaged, and responsible for implementing software that guarantees users’ data protection has increased. The privacy concern must be p…",
doi:10.5753/sbqs.2025.14964,A,2025,0,"Advances in Requirements Engineering for Well-Being, Aging, and Health: A Systematic Mapping Study",Brazilian Symposium on Software Quality,"Context. The increasing focus on well-being, aging, and health (WBAH) is impacting various fields, including Requirements Engineering (RE). This is particularly relevant, as RE involves defining, documenting, and managing software system requirements to ensure that developed systems effectively address user needs. Howe…",
doi:10.61799/2216-0388.1204,A,2022,0,Artificial intelligence in requirements engineering: a systematic mapping study,Mundo Fesc,"A medida que el software permea todos los ámbitos de la sociedad, se hace imprescindible la entrega de productos de calidad que satisfagan las demandas de las partes interesadas y es así, como la industria del software siempre tiene como reto mejorar sus actividades de desarrollo. La inteligencia artificial se ha utili…",
ss:fbc021f4f4ed637d602b5fef59a38d0a9f524786,A,2025,0,Characterizing Datasets for LLM-based Requirements Engineering: A Systematic Mapping Study,,"Large Language Models (LLMs) depend on high-quality, domain-specific natural language datasets. This dependency is particularly pronounced in Requirements Engineering (RE), where core activities rely on textual artifacts such as requirements, specifications, and stakeholder feedback. Despite the increasing use of LLMs …",
doi:10.21272/hem.2022.4-08,A,2022,0,A Note on End-User Requirements Elicitation for Electronic Medical Records Implementations,Health Economics and Management Review,This paper summarises the arguments and counterarguments within the scientific discussion on the issue of the implementation of Electronic Medical Records (EMR). The primary purpose of the research is to present a framework for gathering end-user requirements in EMR system implementation. The cross-geographical literat…,
doi:10.1109/ieem63636.2025.11357577,A,2025,0,"Requirements Elicitation for a Methodology to Systematically Identify, Evaluate, and Select Suitable AI-Based Solutions in Manufacturing Companies",IEEE International Conference on Industrial Engineering and Engineering Management,"German manufacturing companies are currently confronted with rising cost and quality pressures, increasing efficiency demands, and a growing shortage of skilled labor. The adoption of artificial intelligence (Al) presents considerable potential to address these challenges. However, despite this recognized potential, ma…",
doi:10.1109/conisoft63288.2024.00020,A,2024,0,Identifying Key Factors for Using Ethnography in Software Requirements Elicitation: A Systematic Literature Review,2024 12th International Conference in Software Engineering Research and Innovation (CONISOFT),"During the early activities of developing the require-ments for a software product, selecting appropriate elicitation techniques is crucial. If not addressed early, missing, misin-terpreted, and incorrect requirements can lead to significant rework. The selection process for the elicitation techniques involves thorough…",
doi:10.5555/3021955.3021988,A,2016,0,Caracterização dos Processos para Elicitação de Requisitos de Software: Uma revisão sistemática da literatura [Characterizing Software Requirements Elicitation Processes: A Systematic Literature Review],Brazilian Symposium on Information Systems,,
doi:10.1109/icoseit67010.2025.11290791,A,2025,0,An Adaptive Requirements Elicitation Model for Digital Transformation in the Non-Profit Sector: A Systematic Review,2025 3rd International Conference on Software Engineering and Information Technology (ICoSEIT),"In the context of non-profit organizations, a successful Digital Transformation highly depends on the ability to understand the needs of user, especially in high-stakes strategic initiatives such as e-government services or university e-learning systems. However, the process of requirements elicitation in this complex …",
doi:10.33411/ijist/202571159176,A,2025,0,Improving Software Requirements Elicitation in Agile Environment,International Journal of Agriculture &amp; Sustainable Development,Requirement elicitation plays an important role during the software development life cycle. The selection of an improper requirement elicitation method will affect the quality of developed software. Agile methodologies are popular in the industry and follow an incremental approach to developing software. Agile methodol…,
doi:10.1109/icoco62848.2024.10928262,A,2024,0,Exploring Non-Functional Requirements in Requirements Engineering: A Systematic Review,2024 IEEE International Conference on Computing (ICOCO),"Non-functional requirements (NFRs) are often poorly documented and inadequately integrated into the software development process resulting in discrepancies between expected and actual system quality. This gap leads to a number of issues like requirement ambiguity, ineffective stakeholder communication and inadequate va…",
doi:10.48550/arxiv.2509.01068,A,2025,0,A Survey on the Techniques and Tools for Automated Requirements Elicitation and Analysis of Mobile Apps,arXiv.org,"[Background:] Research on automated requirements elicitation and analysis of mobile apps employed lots of techniques and tools proposed by RE researchers and practitioners. However, little is known about the characteristics of these techniques and tools as well as the RE tasks in requirements elicitation and analysis t…",
doi:10.1016/j.infsof.2009.11.006,B,2010,202,A systematic review on strategic release planning models,Information and Software Technology,Context: Strategic release planning (sometimes referred to as road-mapping) is an important phase of the requirements engineering process performed at product level. It is concerned with selection and assignment of requirements in sequences of releases such that important technical and resource constraints are fulfille…,
doi:10.1109/re51729.2021.00025,B,2021,92,"Exploring Explainability: A Definition, a Model, and a Knowledge Catalogue",IEEE International Requirements Engineering Conference,"The growing complexity of software systems and the influence of software-supported decisions in our society awoke the need for software that is transparent, accountable, and trust-worthy. Explainability has been identified as a means to achieve these qualities. It is recognized as an emerging non-functional requirement…",
doi:10.1016/j.infsof.2019.106241,B,2020,82,Intelligent software engineering in the context of agile software development: A systematic literature review,Information and Software Technology,"Abstract CONTEXT: Intelligent Software Engineering (ISE) refers to the application of intelligent techniques to software engineering. We define an “intelligent technique” as a technique that explores data (from digital artifacts or domain experts) for knowledge discovery, reasoning, learning, planning, natural language…",
doi:10.1016/j.csi.2019.103389,B,2020,73,A systematic literature review on requirement prioritization techniques and their empirical evaluation,Comput. Stand. Interfaces,"Abstract [Context and Motivation] Many requirements prioritization approaches have been proposed, however not all of them have been investigated empirically in real-life settings. As a result, our knowledge of their applicability and actual use is incomplete. [Question/problem] A 2007 systematic review on requirements …",
doi:10.1109/relaw.2011.6050270,B,2011,70,A systematic review of goal-oriented requirements management frameworks for business process compliance,2011 Fourth International Workshop on Requirements Engineering and Law,"Legal compliance has been an active topic in Software Engineering and Information Systems for many years. However, business analysts and others recently started exploiting Requirements Engineering techniques, and in particular goal-oriented approaches, to model and reason about legal documents in system design and busi…",
doi:10.1109/access.2022.3182372,B,2022,55,The Use of NLP-Based Text Representation Techniques to Support Requirement Engineering Tasks: A Systematic Mapping Review,IEEE Access,"Natural Language Processing (NLP) is widely used to support the automation of different Requirements Engineering (RE) tasks. Most of the proposed approaches start with various NLP steps that analyze requirements statements, extract their linguistic information, and convert them to easy-to-process representations, such …",
doi:10.1016/j.infsof.2018.06.011,B,2018,54,Development of a human error taxonomy for software requirements: A systematic literature review,Information and Software Technology,"Abstract Background Human-centric software engineering activities, such as requirements engineering, are prone to error. These human errors manifest as faults. To improve software quality, developers need methods to prevent and detect faults and their sources. Aims Human error research from the field of cognitive psych…",
doi:10.1186/s12911-022-02037-8,B,2022,50,Requirements and challenges of hospital dashboards: a systematic literature review,BMC Medical Informatics and Decision Making,"Background Today, the use of data in administrative and clinical processes is quite challenging due to the large volume of data, data collection from various sources, and lack of data structure. As a data management tool, dashboards play an important role in timely visual display of critical information on key performa…",
doi:10.4236/jsea.2014.713097,B,2014,49,Ontologies for Software Project Management: A Review,,"Software Project Management is a knowledge intensive process that can benefit substantially from ontology development and ontology engineering. Ontology development could facilitate or improve substantially the software development process through the improvement of knowledge management, the increase of software and ar…",
doi:10.1007/s00766-021-00367-z,B,2022,49,Empirical research on requirements quality: a systematic mapping study,Requirements Engineering,"Research has repeatedly shown that high-quality requirements are essential for the success of development projects. While the term “quality” is pervasive in the field of requirements engineering and while the body of research on requirements quality is large, there is no meta-study of the field that overviews and compa…",
doi:10.1155/2020/8830683,B,2020,42,A Systematic Literature Review on Using Machine Learning Algorithms for Software Requirements Identification on Stack Overflow,Secur. Commun. Networks,Context. The improvements made in the last couple of decades in the requirements engineering (RE) processes and methods have witnessed a rapid rise in effectively using diverse machine learning (ML) techniques to resolve several multifaceted RE issues. One such challenging issue is the effective identification and clas…,
doi:10.1007/s10462-023-10667-1,B,2024,42,The application of AI techniques in requirements classification: a systematic mapping,Artificial Intelligence Review,"Requirement Analysis is the essential sub-field of requirements engineering (RE). From the last decade, numerous automatic techniques are widely exploited in requirements analysis. In this context, requirements identification and classification is challenging for RE community, especially in context of large corpus and …",
doi:10.1016/j.jss.2018.04.064,B,2018,41,Quality of software requirements specification in agile projects: A cross-case analysis of six companies,Journal of Systems and Software,"Abstract Agile Software Development (ASD) has several limitations concerning its requirements engineering activities. Improving the quality of Software Requirements Specifications (SRSs) in ASD may help to gain a competitive advantage in the software industry. Based on the findings of a Systematic Mapping study, six in…",
doi:10.1109/access.2021.3117989,B,2021,40,Challenges of Software Requirements Quality Assurance and Validation: A Systematic Literature Review,IEEE Access,"Validation of software requirements is a primary phase in requirements engineering that ensures requirements match the target system with the intended needs of the acquirer. It aims to detect and correct errors that prevail in the specified requirements. Although there are tremendous requirements validation approaches,…",
doi:10.1109/access.2022.3173745,B,2022,35,Systematic Literature Mapping of User Story Research,IEEE Access,"User stories are a widely used artifact in Agile software development. Currently, only a limited number of secondary studies have reviewed the research on the user story technique. These research reviews focused on specific research topics related to ambiguity of requirements, effort estimation, and the application of …",
doi:10.1016/j.jss.2022.111483,B,2022,33,Identification and measurement of Requirements Technical Debt in software development: A systematic literature review,Journal of Systems and Software,"Context: Requirements Technical Debt are related to the distance between the ideal value of the specification and the actual implementation of the system, which are consequences of strategic decisions for immediate gains, or unintended changes in context. To ensure the evolution of the software, it is necessary to to m…",
doi:10.1016/j.is.2020.101505,B,2020,32,On the declarative paradigm in hybrid business process representations: A conceptual framework and a systematic literature study,Information Systems,"Abstract Process modeling plays a central role in the development of today’s process-aware information systems both on the management level (e.g., providing input for requirements elicitation and fostering communication) and on the enactment level (providing a blue-print for process execution and enabling simulation). …",
doi:10.1007/s10664-023-10331-w,B,2023,28,An empirically based model of software prototyping: a mapping study and a multi-case study,Empirical Software Engineering,"Context Prototyping is an established practice within product and user interface design that is also used as a requirements engineering (RE) practice within agile development. Even so, there is a lack of theory on prototyping. Aims Our main research objective is to support practitioners in improving on their prototypin…",
ss:5f0c1c166a04e15caae19ef72717c68e8a939107,B,2020,24,30 Years of Software Refactoring Research: A Systematic Literature Review,arXiv.org,"Due to the growing complexity of software systems, there has been a dramatic increase and industry demand for tools and techniques on software refactoring in the last ten years, defined traditionally as a set of program transformations intended to improve the system design while preserving the behavior. Refactoring stu…",
doi:10.1109/ic2ie50715.2020.9274564,B,2020,23,"Variability and Commonality Requirement Specification on Agile Software Development: Scrum, XP, Lean, and Kanban",2020 3rd International Conference on Computer and Informatics Engineering (IC2IE),"The user story widely studied insufficiently describes the software requirements. Many studies discuss the challenges of requirements specifications and proposed solutions. However, there are many agile methods and each method embraces different practices. Therefore, the solution has to follow each method’s ceremonies.…",
doi:10.1016/j.infsof.2020.106298,B,2020,23,Analyzing and documenting the systematic review results of software testing ontologies,Information and Software Technology,"Abstract Context Software testing is a complex area since it has a large number of specific methods, processes and strategies, involving a lot of domain concepts. Therefore, it would be valuable to have a conceptualized software testing ontology that explicitly and unambiguously defines the concepts. Consequently, it i…",
doi:10.3390/app11073117,B,2021,22,Performance Evaluation Metrics for Multi-Objective Evolutionary Algorithms in Search-Based Software Engineering: Systematic Literature Review,Applied Sciences,"Many recent studies have shown that various multi-objective evolutionary algorithms have been widely applied in the field of search-based software engineering (SBSE) for optimal solutions. Most of them either focused on solving newly re-formulated problems or on proposing new approaches, while a number of studies perfo…",
doi:10.1109/re.2019.00038,B,2019,21,On the Requirements for Serious Games Geared Towards Software Developers in the Industry,IEEE International Requirements Engineering Conference,"Teaching industry staff on cybersecurity issues is a fundamental activity that must be undertaken in order to guarantee the delivery of successful and robust products to market. Much research attention has been devoted to this topic over the last years. However, the research which has been done has not focused on devel…",
doi:10.48550/arxiv.2306.04605,B,2023,21,Empowering Business Transformation: The Positive Impact and Ethical Considerations of Generative AI in Software Product Management - A Systematic Literature Review,arXiv.org,"Generative Artificial Intelligence (GAI) has made outstanding strides in recent years, with a good-sized impact on software product management. Drawing on pertinent articles from 2016 to 2023, this systematic literature evaluation reveals generative AI's potential applications, benefits, and constraints in this area. T…",
doi:10.1016/j.infsof.2021.106567,B,2021,20,Test case generation for agent-based models: A systematic literature review,Information and Software Technology,"Context: Agent-based models play an important role in simulating complex emergent phenomena and supporting critical decisions. In this context, a software fault may result in poorly informed decisions that lead to disastrous consequences. The ability to rigorously test these models is therefore essential. Objective: Ou…",
doi:10.1007/s00766-023-00412-z,B,2024,20,A systematic literature review of pre-requirements specification traceability,Requirements Engineering,"Requirements traceability (RT) is the ability to link requirements to other software development artifacts. In pre-requirements (pre-RS) traceability, requirements are linked to their origin, such as interviews with stakeholders, meeting protocols, or legacy systems. Compared with post-RS traceability, which links requ…",
doi:10.1145/3386160,B,2020,19,Security and Privacy Requirements for Cloud Computing in Healthcare,ACM Transactions on Management Information Systems,"Cloud computing promises essential improvements in healthcare delivery performance. However, its wide adoption in healthcare is yet to be seen, one main reason being patients’ concerns for security and privacy of their sensitive medical records. These concerns can be addressed through corresponding security and privacy…",
doi:10.1016/j.jss.2016.03.046,B,2016,18,DSS from an RE Perspective: A systematic mapping,Journal of Systems and Software,"Decision support systems (DSS) provide a unified analytical view of business data to better support decision-making processes. Such systems have shown a high level of user satisfaction and return on investment. However, several surveys stress the high failure rate of DSS projects. This problem results from setting the …",
doi:10.5220/0011082000003176,B,2022,16,"Towards the Art of Writing Agile Requirements with User Stories, Acceptance Criteria, and Related Constructs",International Conference on Evaluation of Novel Approaches to Software Engineering,": Nowadays, more organizations adopt agile methodologies to guarantee short and frequent delivery times. A plethora of novel approaches and concepts regarding requirements engineering in this context are emerging. User stories are usually informally described as general explanations of software features, written from e…",
doi:10.1109/rew.2019.00010,B,2019,16,SysML Modeling Mistakes and Their Impacts on Requirements,2019 IEEE 27th International Requirements Engineering Conference Workshops (REW),"The Systems Modeling Language (SysML) represents a significant and increasing segment of industrial support for building critical systems. Because modeling is a human-centric activity, mistakes are unavoidable. Although there exist several software defect classifications, little is known about the mistakes pertaining t…",
doi:10.1590/0103-6513.212116,B,2017,15,Requirements processing for building design: a systematic review,,"Abstract Problems in buildings can often be traced back to the requirements processing in the design phases. In building design, requirements processing is mainly discussed under the term briefing and is a critical and a problematic process. This study focus on the design stage and aims to summarize and analyze require…",
doi:10.18844/gjit.v6i1.397,B,2016,14,Big data in software engineering: A systematic literature review,,"Purpose of Study: We investigate the big data studies using batch and/or streaming data generated in the process of software development lifecycle. All phases of application development phases are in our scope including but not limited to elicitation, requirements analysis, design, software implementation, version cont…",
doi:10.1109/access.2020.3043440,B,2021,14,Self-Adaptive Software Systems in Contested and Resource-Constrained Environments: Overview and Challenges,IEEE Access,"Self-adaptive approaches are a promising to address the dynamic and uncertain nature of the environments where today’s complex systems operate. In particular, systems operating in military environments, during crises or under unexpected conditions need to address critical concerns related to resource sparsity and the u…",
doi:10.22452/mjcs.vol34no1.5,B,2021,13,GLOBAL SOFTWARE DEVELOPMENT: A REVIEW OF ITS PRACTICES,Malaysian Journal of Computer Science,"Global Software Development (GSD) is multi-site software development with software teams scattered across different places around the world. To gain the benefits of the lower cost of software development and access to international talents, many organizations are using GSD. However, earlier studies reported that achiev…",
doi:10.1145/3475716.3475772,B,2021,12,A Model of Software Prototyping based on a Systematic Map,International Symposium on Empirical Software Engineering and Measurement,"Background: Prototyping is an established practice for user interface design and for requirements engineering within agile software development, even so there is a lack of theory on prototyping. Aims: The main research objective is to provide a means to categorise prototyping instances, in order to enable comparison an…",
doi:10.3390/software2020008,B,2023,12,A Review to Find Elicitation Methods for Business Process Automation Software,Software,Several organizations have invested in business process automation software to improve their processes. Unstandardized processes with high variance and unstructured data encumber the requirements elicitation for business process automation software. This study conducted a systematic literature review to discover method…,
doi:10.1109/rew53955.2021.00056,B,2021,11,Researcher or Crowd Member? Why not both! The Open Research Knowledge Graph for Applying and Communicating CrowdRE Research,2021 IEEE 29th International Requirements Engineering Conference Workshops (REW),"In recent decades, there has been a major shift towards improved digital access to scholarly works. However, even now that these works are available in digital form, they remain document-based, making it difficult to communicate the knowledge they contain. The next logical step is to extend these works with more flexib…",
doi:10.1109/rew.2019.00012,B,2019,11,Process Mining for Cloud-Based Applications: A Systematic Literature Review,2019 IEEE 27th International Requirements Engineering Conference Workshops (REW),"Process mining uses event log data to discover processes, hence enabling multiple requirements elicitation activities. As the number of applications deployed on a cloud infrastructure is increasing, it becomes important to understand their processes and the ways these existing systems are actually used. However, the cl…",
doi:10.1109/gucon48875.2020.9231058,B,2020,9,Software Requirements Modeling: A Systematic Literature Review,"2020 IEEE International Conference on Computing, Power and Communication Technologies (GUCON)","Software requirements modeling (SRM) is a subprocess of requirements engineering (RE) which is used to elicit and represent the need of the stakeholders. Different systematic literature reviews (SLR) have been performed in different areas of RE like requirements elicitation, stakeholder identification, requirements pri…",
doi:10.5753/jserd.2024.4086,B,2024,9,Investigating Conditioning Factors for Transparency in Software Ecosystems,Journal of Software Engineering Research and Development,"Software Ecosystems (SECO) are a set of actors interacting with a distributed market centered on a common technological platform to develop products and services. In this context, transparency allows third-party developers to learn processes and elements that integrate the SECO platform. This non-functional requirement…",
doi:10.37190/e-inf220101,B,2022,8,Self-Adaptation Driven by SysML and Goal Models - A Literature Review,e-Informatica Software Engineering Journal,"Background: Socio-cyber-physical systems (SCPSs) are a type of cyber-physical systems with social concerns. Many SCPSs, such as smart homes, must be able to adapt to reach an optimal symbiosis with users and their contexts. The Systems Modeling Language (SysML) is frequently used to specify ordinary CPSs, whereas goal …",
doi:10.22364/bjmc.2017.5.1.08,B,2017,8,Systematic Literature Review of the Cloud-ready Software Architecture,Baltic Journal of Modern Computing,Many companies are adopting cloud for hosting applications delivered as a service over the Internet. An application service delivered in this way is referred as Software as a Service (SaaS). The SaaS providers get benefits from getting cloud resources provisioned on-demand and through pay-as-you-go billing models. Thes…,
doi:10.1007/s00766-024-00424-3,B,2024,7,Modelling the quantification of requirements technical debt,Requirements Engineering,"Requirements Technical Debt (RTD) applies the Technical Debt (TD) metaphor to capture the consequences of sub-optimal decisions made concerning Requirements. Understanding the quantification of RTD is key to its management. To facilitate this understanding, we developed a conceptual model, the Requirements Technical De…",
doi:10.1145/3638067.3638109,B,2023,7,UX-MAPPER: A User eXperience Method to Analyze App Store Reviews,Simpósio Brasileiro de Fatores Humanos em Sistemas Computacionais,"The mobile app market has grown over the last decades. With the rise of app stores, users can easily choose an app from thousands, making them less tolerant of low-quality apps. More than ever, users are looking for apps that provide not only valuable functionalities but pleasurable experiences. Hence, User eXperience …",
doi:10.1109/conisoft52520.2021.00030,B,2021,7,Automatic Classification of Software Requirements using Artificial Neural Networks: A Systematic Literature Review,2021 9th International Conference in Software Engineering Research and Innovation (CONISOFT),Software requirements classification is a human-intensive task performed during the requirements analysis phase in software development. This literature review analyzes the state-of-the-art of the classification of software requirements using Artificial Neural Networks. Fourteen articles were selected to conduct the re…,
doi:10.5753/cbie.sbie.2020.552,B,2020,7,Jogos Sérios no Processo de Ensino e Aprendizagem de Interação Humano-Computador,,"Aiming to assist in the choice of serious games to support the teaching and learning process of the Human-Computer Interaction (HCI) discipline, this article presents a Systematic Literature Review (SLR) with the Reverse Snowballing procedure of articles published in the ACM databases, Springer, Scopus and the Extended…",
doi:10.31961/eltikom.v7i1.725,B,2023,6,A Systematic Literature Review on Blockchain Technology in Software Engineering,Jurnal ELTIKOM,"Blockchain technology is gaining increasing interest among software developers as a distributed and decentralized ledger for tracking the origin of digital assets. However, the application of blockchain in software engineering requires further attention. In this study, we aim to address the current challenges and explo…",
doi:10.7166/30-3-2244,B,2019,6,TOWARDS DESIGNING AN ARTEFACT EVALUATION STRATEGY FOR HUMAN FACTORS ENGINEERING: A LEAN IMPLEMENTATION MODEL CASE STUDY,South African Journal of Industrial Engineering,"Applying scientific methods to the evaluation of design science research artefacts is necessary to recognise the design process as design science research. Prior work has reported on this crucial evaluation component; however, limited information and guidance are available on the practices that should be followed. In t…",
doi:10.1016/j.infsof.2023.107323,B,2023,6,Systematic reviews in mobile app software engineering: A tertiary study,Information and Software Technology,Context: A number of secondary studies in the form of systematic reviews and systematic mapping studies exist in the area of mobile application software engineering. Objective: The focus of this paper is to provide an overview and analysis of these secondary studies of mobile app software engineering for researchers an…,
doi:10.1145/3605098.3635935,B,2024,6,How Facial Recognition Technologies Affect the Transgender Community? A Systematic Mapping Study,ACM Symposium on Applied Computing,"With large language models, smart surveillance watches and automated content moderation, AI entered a new phase. However, the increasing attention these solutions have gained is not only attached to their benefits. The adverse impacts of algorithms raised discussions in scientific literature and media outlets. The desi…",
doi:10.1109/seaa.2019.00067,B,2019,6,A Systematic Mapping Study of Value-Based Software Engineering,EUROMICRO Conference on Software Engineering and Advanced Applications,Integrating value-oriented perspectives into the principles and practices of software engineering is critical to ensure that software development and management activities address all key stakeholders' views and also balance short-and-long-term goals. This is put forward in the discipline of Value-Based Software Engine…,
doi:10.4067/s0718-33052018000300473,B,2018,6,"Metodologías, técnicas y herramientas en ingeniería de requisitos: un mapeo sistemático",,"espanolObtener y definir requisitos en etapas tempranas de un proyecto de software es una tarea compleja, por lo que diversos trabajos se han propuesto ayudar en las distintas actividades de la ingenieria de requisitos. Sin embargo, saber en que areas de la ingenieria de requisitos existen mayor cantidad de estudios y …",
doi:10.19153/cleiej.19.3.6,B,2016,6,An extended systematic mapping study about the scalability of i* Models,CLEI Electronic Journal,"i* models have been used for requirements specification in many domains, such as healthcare, telecommunication, and air traffic control. Managing the scalability and the complexity of such models is an important challenge in Requirements Engineering (RE). Scalability is also one of the most intractable issues in the de…",
doi:10.1109/access.2021.3072223,B,2021,6,Systematic Review on Software Quality in Educational Applications,IEEE Access,Approaches in teaching and learning have transformed significantly in tandem with the advances in computerised applications to support the process. Software quality characteristics such as usability is one of the non-functional requirements that must be taken into consideration when designing and developing educational…,
doi:10.1007/s00530-024-01350-8,B,2024,6,Analysis and design framework for the development of indoor scene understanding assistive solutions for the person with visual impairment/blindness,Multim. Syst.,This paper discusses the challenges of the current state of computer vision-based indoor scene understanding assistive solutions for the person with visual impairment (P-VI)/blindness. It focuses on two main issues: the lack of user-centered approach in the development process and the lack of guidelines for the selecti…,
doi:10.2139/ssrn.4245314,B,2023,6,An Integrated Fuzzy Multi-Criteria Decision-Making Methods for Service Selection: A Systematic Literature Review and Meta-Analysis,Social Science Research Network,Background: Service selection refers to the process of picking services that best fulfill the user's functional and non-functional requirements. It is possible to pick a web service or a cloud service. Researchers examined a large number of service selection assessments that utilized different services based on Quality…,
doi:10.3390/su13126765,B,2021,6,The Impact of Information System on Interactions of Child Welfare Professionals with Managers and Clients,Sustainability,The use of information systems in public child welfare agencies of different countries is challenging primarily for frontline practitioners. This paper unveils how material information system properties are involved in the interactions of child welfare practitioners with their clients and managers. We analyze the prope…,
doi:10.5220/0012632500003690,B,2024,5,On the Integration of Privacy-Enhancing Technologies in the Process of Software Engineering,International Conference on Enterprise Information Systems,": The class of technologies known as Privacy-Enhancing Technologies (PETs) has been receiving rising attention in the academic sphere. In practice, however, the adoption of such technologies remains low. Beyond the actual implementation of a PET, it is not clear where along the process of software engineering PETs shou…",
doi:10.5753/sbsi.2025.246613,B,2025,5,Ethical Requirements in the Age of Artificial Intelligence: A Systematic Literature Review,Brazilian Symposium on Information Systems,"Context: Software developers and users are growing concerned about the ethical use of software, especially with Artificial Intelligence (AI). In this context, we investigated how ethical requirements can be elicited and incorporated into software development. Problem: The challenge is identifying and defining effective…",
doi:10.1109/re57278.2023.00021,B,2023,5,Quantifying Requirements Technical Debt: A Systematic Mapping Study and a Conceptual Model,IEEE International Requirements Engineering Conference,"Requirements Technical Debt (RTD) is a research area where the Technical Debt (TD) metaphor is used to capture the consequences of sub-optimal decisions made concerning Requirements. Understanding the quantification of RTD is key to its management. To facilitate this understanding, we model the quantification of RTD. O…",
doi:10.3844/jcssp.2012.31.40,B,2012,5,"Information Systems Development Knowledge Sharing-Organizational Justice, Physical Distance and Social Interdependence",,"Problem statement: Knowledge hoarding in Requirements Elicitation (RE) phase could lead to Information Systems Development (ISD) project failure. Many researchers have discussed important factors in knowledge sharing. Nevertheless, the success rate for ISD projects is low and there are other major factors for considera…",
doi:10.19153/cleiej.18.2.0,B,2015,5,Preface to the Best Papers from CLEI 2014 Special Issue,CLEI Electronic Journal,"There has been a great effort to provide high quality at the conference: all papers were subjected to a rigorous review process, involving at least three independent reviews for each article, which allowed choosing a little over 100 articles to be presented at the conference, with an acceptance rate of around 30 percen…",
doi:10.14569/ijacsa.2024.0150983,B,2024,5,AI-Driven Prioritization Techniques of Requirements in Agile Methodologies: A Systematic Literature Review,International Journal of Advanced Computer Science and Applications,"—Software requirements are the foundation of a successful software development project, outlining the customer's expectations for the software's functionality. Conventional techniques of requirement prioritization present several challenges, such as scalability, customer satisfaction, efficiency, and dependency managem…",
doi:10.1016/j.dib.2017.07.075,B,2017,4,Data for the elaboration of the CIPROS checklist with items for a patient registry software system: Examples and explanations,Data in Brief,"The data presented relates to the publication “Enhancing Requirements Engineering for Patient Registry Software Systems with Evidence-based Components” (Lindoerfer and Mansmann, 2017) [1], which describes the strategy behind the development of the CIPROS checklist. This manuscript also compares CIPROS with general requ…",
doi:10.1002/smr.2628,B,2023,4,Requirement elicitation model for global software development vendors,J. Softw. Evol. Process.,"Requirements elicitation is critical phase of software development that involve direct communication of clients and vendors. In global software development (GSD), importance of requirements elicitation becomes more critical due to geographical distance. The aim of this research is to design and implement requirement el…",
doi:10.1007/978-3-031-15559-8_27,B,2022,4,A Method for Deriving Technical Requirements of Digital Twins as Industrial Product-Service System Enablers,European Conference on Software Process Improvement,". Industrial Product-Service Systems (IPSS) are increasingly dominant in several sectors. Predominant value-adding services provided for industrial assets such as production systems, electric power plants, and car fleets are remote asset maintenance, monitoring, control, and reconfiguration. IPSS designers lack methods…",
doi:10.1145/3535511.3535524,B,2022,3,How are the interoperability requirements addressed in the Systems-of-Systems context?,Brazilian Symposium on Information Systems,"Context: To achieve economic advantages and broader business goals, organizations participate in mergers, acquisitions or joint ventures processes, aiming to form alliances of organizations. In this context, when integrating the information systems of these organizations, Systems-of-Systems (SoS) arise. Each constituen…",
doi:10.7717/peerj-cs.1782,B,2024,3,Eliciting and modeling emotional requirements: a systematic mapping review,PeerJ Computer Science,"Context Considering users’ emotions plays an extremely crucial role in the adoption and acceptance of recent technology by the end user. User emotions can also help to identify unknown requirements, saving resources that would otherwise be wasted if discovered later. However, eliciting and modeling users’ emotional req…",
doi:10.1109/tla.2019.8863320,B,2019,3,Using GORE in Big Data: A Systematic Mapping Study,IEEE Latin America Transactions,"Big Data has developed rapidly into a hot topic that generates great attention in academia, industry and governments around the world because of its ability to process large volumes of data at a reasonable speed. The real value of Big Data lies in the help to business decision making, so it requires appropriate methods…",
doi:10.5220/0012572800003657,B,2024,3,Are End-Users Participating in the Life Cycle of Healthcare Application Development? An Analysis of the Opportunities and Challenges of the Use of HCI Techniques in the Healthcare Sector,International Joint Conference on Biomedical Engineering Systems and Technologies,": Health information systems (HIS) play a fundamental role in society, providing a solid technological basis for collecting, storing, processing, and making decisions in the healthcare sector. Due to the significant increase in software solutions and the limitations arising from the difficulties associated with masteri…",
doi:10.32598/sija.15.3.2828.1,B,2020,3,Capabilities and Requirements of the Elderly Remote Health Monitoring,,"Objectives: Telehealth management systems for elderly people should have the features, capabilities, and infrastructure that meet home care managementchr('39')s diverse needs. Since there is no valid and reliable questionnaire to determine these requirements, this studychr('39')s primary purpose was to determine a tele…",
ss:4ec45e068d478f6fa40ce119edeb7be15fea6558,B,2017,2,A Thematic Study of Requirements Modeling and Analysis for Self-Adaptive Systems,arXiv.org,"Over the last decade, researchers and engineers have developed a vast body of methodologies and technologies in requirements engineering for self-adaptive systems. Although existing studies have explored various aspects of this topic, few of them have categorized and summarized these areas of research in require-ments …",
ss:5fc62339115dd42c4b6a521204ce70f37a24bfec,B,2021,2,Identification and Measurement of Technical Debt Requirements in Software Development: a Systematic Literature Review,arXiv.org,"Context: Technical Debt requirements are related to the distance between the ideal value of the spec- iﬁcation and the system’s actual implementation, which are consequences of strategic decisions for immediate gains, or unintended changes in context. To ensure the evolution of the software, it is nec- essary to keep i…",
doi:10.1145/3592813.3592925,B,2023,2,Identifying and Measuring Technical Debt in Software Requirements: a supporting guide,Brazilian Symposium on Information Systems,"Context: Identification and measurement are the first steps in managing a Technical Debt (TD). They are essential to know the type of TD and estimate its impact on the software. Problem: However, in requirements engineering, these steps are little explored in academic research since the measurement is considered one of…",
doi:10.1145/3640471.3680236,B,2024,2,Cultural influence on RE activities: An extended analysis of state of the art,International Conference on Human-Computer Interaction with Mobile Devices and Services,"Designing mobile software that aligns with cultural contexts is crucial for optimizing human-computer interaction. Considering cultural influences is essential not only for the actual set of functional/non-functional requirements, but also for the whole Requirement Engineering (RE) process. Without a clear understandin…",
ss:790e9070344613df49d3dead6b4abe8a2593e7de,B,2020,2,Environment Modeling for Adaptive Systems: A Systematic Literature Review,arXiv.org,"[Context & Motivation] Adaptive systems are an important research area. The dominant reason for adaptivity in systems are changes in the environment. Thus, it is an important question how to model the environment and how to determine the necessary information on this environment in the requirements engineering phase. […",
doi:10.5753/jisa.2025.5252,B,2025,2,"A Comprehensive Review of Techniques, Methods, Processes, Frameworks, and Tools for Privacy Requirements",Journal of Internet Services and Applications,"Context: Requirements Engineering (RE) relies on the collaboration of various roles—such as requirements engineers, stakeholders, and developers—and various techniques, methods, processes, frameworks, and tools. This makes RE a highly human-dependent process that benefits greatly from tool support. Understanding how th…",
doi:10.1109/icsess47205.2019.9040720,B,2019,2,An Empirical Evaluation of Machine Learning Algorithms for Identifying Software Requirements on Stack Overflow: Initial Results,2019 IEEE 10th International Conference on Software Engineering and Service Science (ICSESS),Context: The recent developments made during the last decade or two in requirements engineering (RE) methods have seen a rise in using different machine-learning (ML) algorithms to solve some complex RE problems. One such problem is identifying and classifying software requirements on Stack Overflow (SO). The suitabili…,
doi:10.4018/978-1-5225-9448-2.ch005,B,2019,2,Knowledge Management Initiatives in Agile Software Development,Human Factors in Global Software Engineering,Agile software development (ASD) is a knowledge-intensive and collaborative activity and thus Knowledge Management (KM) principals should be applied to improve the productivity of the whole ASD process from the beginning to the end of the phase. The goal is to map the evidence available on existing researches on KM ini…,
doi:10.1109/fie.2018.8658529,B,2018,2,Teaching Multidisciplinary Teams Requirements for Undergraduate Students: an Approach to Augmented Reality Software in Design Thinking Context,Frontiers in Education Conference,"Augmented Reality (AR) has the advantage of allowing the use of tangible actions and multimodal operations. It is believed that the development of AR scenarios is a difficult task, requiring knowledge and understanding in several areas. With this, the disciplines of Software Engineering play a fundamental role in the d…",
doi:10.1109/icaisd63055.2024.10895318,B,2024,2,Unveiling Serverless: A Systematic Review of Software Architectures,2024 International Conference on Advanced Information Scientific Development (ICAISD),"Serverless architectures and Function as a Service (FaaS) are revolutionizing software development by allowing developers to focus on coding without managing infrastructure. This study explores the principles, challenges, and solutions related to serverless architecture and FaaS, focusing on their impact on developer e…",
doi:10.5753/jis.2024.4240,B,2024,2,Is My Child Safe Online? - On Requirements for Parental Control Tools in Apps used by Children,Journal of Interactive Systems,"Following the Covid-19 pandemic, children have increased their use of mobile electronic devices to access the internet. Among the main applications used by children between 9 and 17 years old are the social and communication media platforms Instagram and TikTok. Consequently, they are more exposed to risky situations (…",
doi:10.1145/3624062.3624285,B,2023,2,A Systematic Mapping Study of Italian Research on Workflows,SC Workshops,"An entire ecosystem of methodologies and tools revolves around scientific workflow management. They cover crucial non-functional requirements that standard workflow models fail to target, such as interactive execution, energy efficiency, performance portability, Big Data management, and intelligent orchestration in the…",
doi:10.11648/j.ajetm.20240904.11,B,2024,2,The Critical Role of Product Managers and Their Responsibilities in Software Startups: A Systematic Literature Review,American Journal of Engineering and Technology Management,"In the high-paced, uncertain, and resource-constrained environment of software startups, achieving product–market fit and acquiring initial customers are critical yet challenging tasks. These challenges are often exacerbated by the absence of strategic planning, inefficient requirements selection processes, inadequate …",
doi:10.1145/3727967.3756825,B,2025,1,Automating Requirements Classification: A Systematic Literature Review and Ensemble LLM-Based Approach,EASE Companion,"Accurately classifying software requirements into Functional Requirements (FR) and Non-Functional Requirements (NFR) categories is essential for project success, yet manual classification remains labor-intensive, highly domain-dependent, and prone to ambiguity. In this study, we first perform a systematic literature re…",
doi:10.1002/smr.70020,B,2025,1,Requirements Engineering Model (REM): An Assessment Model for Software Vendor Organizations,J. Softw. Evol. Process.,"Requirements engineering (RE) is important phase of software development life cycle. Among different RE phases include, requirements elicitation, requirements analysis, requirements specification, requirements validation, and requirements management. There is essential need of an assessment model where software organiz…",
doi:10.1109/icacs64902.2025.10937875,B,2025,1,"Detecting Cross-Domain Ambiguity In Requirements Through Natural Language Processing, A Systematic Literature Review",International Conference on Advancements in Computational Sciences,A strong foundation for a project is the first step to measuring or estimating the success parameters of a project. Requirement engineers gather and elicit the requirements of the project in detail after the feasibility study. A project’s success can be measured/estimated if and only if the initially collected requirem…,
doi:10.1109/icsrs48664.2019.8987610,B,2019,1,Tool-Supported Requirement Engineering: A Categorization of the State of the Art and Research Trends,International Conference on System Reliability and Safety,"The multiple activities that are part of Requirements Engineering (RE) are benefited from the support of software tools that assists the application of diverse techniques. Given the importance of this phase in software development and specifically in product safety, this article aims to compile the current status of so…",
doi:10.5220/0009823600370048,B,2020,1,Business to System Requirements Agile Mapping,International Conference on E-Business and Telecommunication Networks,"Business and Information Technology (IT) alignment methods and models have been developed for the last few years. Mainly, they focus on strategic alignment, however, the misunderstanding and lack of alignment are hidden in requirement mapping methods, tools, and approaches. Therefore, the paper aim is to present a mode…",
doi:10.1109/csce60160.2023.00120,B,2023,1,Towards Modeling Functional Requirements From Tacit Knowledge,"2023 Congress in Computer Science, Computer Engineering, & Applied Computing (CSCE)",Requirements Elicitation is the process of identifying system needs by talking with stakeholders who have a direct or indirect effect on the requirements. Requirements may be derived from several sources and are one of the most important phases of requirement engineering. We need to perform different elicitation techni…,
doi:10.48550/arxiv.2510.08990,B,2025,1,Towards a Taxonomy of Sustainability Requirements for Software Design,arXiv.org,"Software systems are a significant contributor to global sustainability concerns, demanding that environmental, social, technical, and economic factors be systematically addressed from the initial requirements engineering phase. Although existing research provides various sustainability requirements (SRs), these contri…",
doi:10.1109/ictas59620.2024.10507143,B,2024,1,Leveraging Software Engineering Practices to Enhance Nursing Informatics Systems Development: A Systematic Literature Review,Conference on Information Communications Technology and Society,"Nursing informatics (NI) integrates nursing knowledge with IT, making a difference in patient outcomes as well as better healthcare processes. Software Engineering (SE) principles deliver quality, efficiency, and optimal industry requirements in the NI system development process. This systematic literature review focus…",
doi:10.1109/icitri62858.2024.10699000,B,2024,1,A Systematic Literature Review on Requirement Validation of Agile Requirement Engineering,2024 International Conference on Information Technology Research and Innovation (ICITRI),"In software development, requirement engineering (RE) is crucial for ensuring the quality of software. During software development, various methods of RE can be used to handle process requirements, one of which is agile RE. Agile RE can mitigate issues associated with traditional RE approaches. However, like any method…",
doi:10.5753/webmedia_estendido.2024.243944,B,2024,1,Estado da Arte sobre Engenharia de Requisitos e Explicabilidade em Sistemas Baseados em Aprendizado de Máquina,Brazilian Symposium on Multimedia and the Web,"With the recent growth in the use of Machine Learning (ML)-based software, concerns arise regarding explaining the results generated. Explanations help with transparency and increase stakeholder trust. Explainability, a term used to refer to these explanations, is considered a non-functional requirement (NFR) that subs…",
doi:10.1109/icccnt61001.2024.10724868,B,2024,1,Exploring the Landscape of Cloud Robotics: A Comprehensive Review,International Conference on Computing Communication and Networking Technologies,"Cloud robotics is an innovative field that leverages cloud technologies-including cloud computing (CC), cloud storage, deep learning, big data, and the Internet of Things to augment the capabilities of robotics. This integration facilitates the execution of robotic functions through a converged infrastructure and share…",
doi:10.37936/ecti-cit.2025192.258621,B,2025,1,A Systematic Mapping Review: Tracking the Relationships Between Software Artifacts using NLP,ECTI Transactions on Computer and Information Technology,"In software development, traceability from requirements to realization is essential, yet manual tracing is labour-intensive and prone to errors. Requirements Traceability (RT) is crucial for effective management and impact assessment. This paper explores the application of Natural Language Processing (NLP) in requireme…",
doi:10.23919/cisti49556.2020.9140957,B,2020,1,Systematic Literature study on estimation and prioritization of quality requirements in software development,Iberian Conference on Information Systems and Technologies,"Quality requirements (also known as non-functional requirements) are those that address the quality of the software. They involve diverse aspects such as availability, security, performance, scalability, portability and usability, among others. Continuous technological advances such as cloud computing or the Internet o…",
doi:10.1109/iisa66859.2025.11311299,B,2025,1,IoT Solutions with Edge Computing in Industry 4.0: A Review,"International Conference on Information, Intelligence, Systems and Applications","The demand for Edge Computing in Industry 4.0 is significant, especially in production environments where rapid decision-making is essential. However, implementing Edge Computing solutions in an industrial Internet of Things (IoT) network poses substantial challenges, including scalability. This paper presents a system…",
doi:10.1109/icsa56044.2023.00017,B,2023,1,Software Architecture for IoT-based Indoor Positioning Systems for Ambient Assisted Living,International Conference on Software Architecture,"Indoor positioning is an important element in context-aware applications, especially based on the internet of things (IoT). Elderly people or people with specific needs can benefit from such applications by providing them with an ambient assisted living (AAL). Indoor positioning system (IPS) applications can be deploye…",
doi:10.5753/sbcars.2024.3859,B,2024,1,A Catalog of Interoperability Solutions for Ambient Assisted Living,"Brazilian Symposium on Software Components, Architectures and Reuse","As the global population of older adults continues to increase, there is a growing need for innovative technology solutions to improve their well-being and care. One prominent example is the Ambient-Assisted Living (AAL) domain, which involves the connection of many subsystems and heterogeneous devices to offer intelli…",
doi:10.1109/cimps61323.2023.10528838,B,2023,0,Secondary Study on Social Factors that Affect the Prioritization of Software Requirements,2023 12th International Conference On Software Process Improvement (CIMPS),"requirements, in the context of the software development process. The study uses an ad hoc methodology to perform Systematic Reviews of Literature in Software Engineering. The objective was to analyze primary studies developed in the review period around the requirements process, particularly in prioritization tasks, f…",
doi:10.1109/ice/itmc65658.2025.11106663,B,2025,0,Navigating Sustainability and Legal Constraints in Software Engineering for the Battery Industry: A Research Agenda,"International Conference on Engineering, Technology and Innovation","More and more companies need to incorporate sustainability in requirements and integrate them into their business processes for various reasons. Following the dissemination of the Green Deal, the European Union is obliging companies to act more sustainably, since otherwise, sanctions and penalties may be imposed. There…",
doi:10.5753/jserd.2025.5097,B,2025,0,Natural Language Processing in Software Engineering: A Systematic Literature Review,Journal of Software Engineering Research and Development,"Context: Software engineering (SE) artifacts and documents, such as requirements specifications, user stories, test cases, and concepts of operations (ConOps), are typically written in natural language, making their manipulation challenging. Natural Language Processing (NLP) is a viable solution for managing these task…",
doi:10.12957/cadinf.2021.68156,B,2022,0,Toward Requirements for Embedded Systems,Cadernos do IME - Série Informática,"Context: Embedded System (ES) is a component of a larger system embedded in a product, it is designed to repeatedly perform a specific function, while maintaining its operation under different constraints. For this reason, these systems are highly complex. Therefore, the challenges for effective and efficient developme…",
doi:10.1109/fllm67465.2025.11390990,B,2025,0,Towards the Integration of Large Language Models into the Software Development Life Cycle: A Systematic Literature Review,2025 3rd International Conference on Foundation and Large Language Models (FLLM),"Models (LLMs) are reshaping the Software Development Life Cycle (SDLC) by introducing new levels of automation and intelligent assistance across core phases, including requirements engineering, design, testing, and maintenance. Previous works have examined the adoption of LLM in these areas, but have overlooked its inf…",
ss:ae1272ec857db8a52744ac72de3a6d83d31128c2,B,2017,0,Review on Requirements Modeling and Analysis for Self-Adaptive Systems: A Ten-Year Perspective,arXiv.org,"Context: Over the last decade, software researchers and engineers have developed a vast body of methodologies and technologies in requirements engineering for self-adaptive systems. Although existing studies have explored various aspects of this field, no systematic study has been performed on summarizing modeling meth…",
doi:10.1109/sccc67219.2025.11420613,B,2025,0,Generative Artificial Intelligence for AgileRE: A Systematic Mapping,International Conference of the Chilean Computer Science Society,"This article presents a systematic mapping study on the use of Generative Artificial Intelligence (GenAI) in Agile Requirements Engineering (AgileRE) processes. Given the increasing integration of large language models (LLMs) such as GPT-3, GPT-4, and Codex into software development, this study explores their specific …",
doi:10.1109/iccsai53272.2021.9609706,B,2021,0,Factors that Affect Data Gathered Using Interviews for Requirements Gathering,International Conference on Computer Science and Artificial Intelligence,"Building software does not rely heavily on the technical side, i.e., coding. There are initial steps that need to be done before constructing the software, that is requirements gathering. Requirements gathering is frequently called as requirements elicitation because the good requirements cannot just be collected from …",
doi:10.1109/icsa-c63560.2024.00044,B,2024,0,Sustainability Integration of Artificial Intelligence into the Software Development Life Cycle,2024 IEEE 21st International Conference on Software Architecture Companion (ICSA-C),The onslaught of artificial intelligence (AI) in the global scientific and industrial landscape has brought with it far-reaching implications into how the software development process can be transformed. This article presents a systematic literature review focused on the integration of AI into the software development …,
doi:10.5220/0004911404650472,B,2014,0,Towards the Design of a Mobile Mental Health Self-help System for Emergency Rescuers - A Pilot Study,International Conference on Health Informatics,"This study explores the psychological need of emergency rescuers and proposes a strategy for addressing these needs through intelligent virtual advisory tools named ERMS. Drawing on the design science paradigm in the information systems discipline, we explore the key design principals that influence the value of the me…",
ss:46f230381d55120cfd717a76a70b0c03b3a0b5cc,B,2022,0,Decision Models for Selecting Federated Learning Architecture Patterns,,"Federated machine learning is growing fast in academia and industries as a solution to solve data hungriness and privacy issues in machine learning. Being a widely distributed system, federated machine learning requires various system design thinking. To better design a federated machine learning system, researchers ha…",
doi:10.1109/conisoft66928.2025.00029,B,2025,0,User Interface Design Strategies for Promoting Engagement: A Systematic Literature Review,2025 13th International Conference in Software Engineering Research and Innovation (CONISOFT),"Maintaining user engagement in web and mobile applications remains challenging despite initial user attraction. This systematic literature review examines user interface design strategies that promote engagement, associated challenges, ethical considerations, evaluation methods, and non-functional requirements. Followi…",
doi:10.55041/ijsrem53163,B,2025,0,Food Donation Platform,INTERNATIONAL JOURNAL OF SCIENTIFIC RESEARCH IN ENGINEERING AND MANAGEMENT,"Abstract - The concurrent challenges of global food waste and localized food insecurity necessitate innovative, technology-driven solutions. This paper presents a systematic review of the literature concerning the design and implementation of digital platforms that connect food donors with non-governmental organization…",
doi:10.1109/itms67030.2025.11236704,B,2025,0,Overview of the Application of Generative AI in Software Performance Testing,International Scientific Conference Information Technology and Management Science Riga Technical University,"Generative Artificial Intelligence (AI) tools and Large Language Models (LLMs) were integrated into all stages of the Software Development Life Cycle (SDLC), influencing requirements gathering and analysis, design and planning, development, testing, deployment, maintenance and support, and documentation. Meanwhile, sof…",
doi:10.5753/webmedia_estendido.2024.243939,B,2024,0,Mobile-based collaborative interventions between target participants and circle participants,Brazilian Symposium on Multimedia and the Web,"The literature registers the use of mobile devices in interventions that gather information from individual participants within their natural environments. Researchers have identified a need for supporting interventions that involve both participants and individuals within their social circles. To address this need, we…",
doi:10.5753/webmedia.2025.16103,B,2025,0,Ferramentas de Autoria para Aplicações na TV Digital Voltadas a Produtores de Conteúdo: Uma Revisão Sistemática de Literatura,Brazilian Symposium on Multimedia and the Web,"This systematic literature review aims to identify the main functional and non-functional requirements for the development of authoring tools for interactive digital TV content, targeting nonprogrammer content producers, in the context of the transition from channel-oriented TV to the application-oriented platform of T…",
doi:10.5753/sbcup.2022.223290,B,2022,0,Towards a Process for NFRs Evaluation in IoT Applications,Anais do XIV Simpósio Brasileiro de Computação Ubíqua e Pervasiva (SBCUP 2022),"The Internet of Things (IoT) is a paradigm characterized by a variety of objects that interact with each other using the internet to achieve common goals. IoT applications are more and more present in our lives, either in our homes, or on the streets, or in our work environments. These applications bring new Non-Functi…",
doi:10.1145/3658271.3658325,B,2024,0,Decomposition of Reliability Requirements for Self-Adaptive Systems Using the NFR Framework,Brazilian Symposium on Information Systems,"Context: Self-adaptive systems (SAS) can change their behavior at runtime according to their needs and problems, presenting dynamic and complex operations. Problem: One way to help ensure the quality of SAS is to correctly address non-functional requirements (NFRs), such as security, usability, and reliability. However…",
doi:10.48550/arxiv.2408.05221,B,2024,0,Early-Stage Requirements Transformation Approaches: A Systematic Review,arXiv.org,"Transformation approaches for automatically constructing analysis models from textual requirements are critical to software development, as they can bring forward the use of precise formal languages from the coding phase to the requirement analysis phase in the software development life-cycle. Over the decades, numerou…",
